{"X": {"1": {"X": 6400, "Y": 2486.3083493}, "2": {"X": 6400, "Y": 2481.5166826}, "3": {"X": 6400, "Y": 2476.7250159}, "4": {"X": 6400, "Y": 2471.9333492}, "5": {"X": 6400, "Y": 2467.1416825}, "6": {"X": 6400, "Y": 2462.3500158}, "7": {"X": 6400, "Y": 2457.5583491}, "8": {"X": 6400, "Y": 2452.7666824000003}, "9": {"X": 6400, "Y": 2447.9750157000003}, "10": {"X": 6400, "Y": 2443.183349}, "11": {"X": 6400, "Y": 2438.3916823}, "12": {"X": 6400, "Y": 2433.6000156}, "13": {"X": 6400, "Y": 2428.8083489}, "14": {"X": 6400, "Y": 2424.0166822}, "15": {"X": 6400, "Y": 2419.2250155}, "16": {"X": 6400, "Y": 2414.4333488}, "17": {"X": 6400, "Y": 2409.6416821000003}, "18": {"X": 6400, "Y": 2404.8500154000003}, "19": {"X": 6400, "Y": 2400.0583487}, "20": {"X": 6400, "Y": 2395.266682}, "21": {"X": 6400, "Y": 2390.4750153}, "22": {"X": 6400, "Y": 2385.6833486}, "23": {"X": 6400, "Y": 2380.8916819}, "24": {"X": 6400, "Y": 2376.1000152}, "25": {"X": 6400, "Y": 2371.3083485}, "26": {"X": 6400, "Y": 2366.5166818000002}, "27": {"X": 6400, "Y": 2361.7250151000003}, "28": {"X": 6400, "Y": 2356.9333484}, "29": {"X": 6400, "Y": 2352.1416817}, "30": {"X": 6400, "Y": 2347.350015}, "31": {"X": 6400, "Y": 2342.5583483}, "32": {"X": 6400, "Y": 2337.7666816}, "33": {"X": 6400, "Y": 2332.9750149}, "34": {"X": 6400, "Y": 2328.1833482}, "35": {"X": 6400, "Y": 2323.3916815000002}, "36": {"X": 6400, "Y": 2318.6000148000003}, "37": {"X": 6400, "Y": 2313.8083481}, "38": {"X": 6400, "Y": 2309.0166814}, "39": {"X": 6400, "Y": 2304.2250147}, "40": {"X": 6400, "Y": 2299.433348}, "41": {"X": 6400, "Y": 2294.6416813}, "42": {"X": 6400, "Y": 2289.8500146}, "43": {"X": 6400, "Y": 2285.0583479}, "44": {"X": 6400, "Y": 2280.2666812}, "45": {"X": 6400, "Y": 2275.4750145000003}, "46": {"X": 6400, "Y": 2270.6833478}, "47": {"X": 6400, "Y": 2265.8916811}, "48": {"X": 6400, "Y": 2261.1000144}, "49": {"X": 6400, "Y": 2256.3083477}, "50": {"X": 6400, "Y": 2251.516681}, "51": {"X": 6400, "Y": 2246.7250143}, "52": {"X": 6400, "Y": 2241.9333476}, "53": {"X": 6400, "Y": 2237.1416809}, "54": {"X": 6400, "Y": 2232.3500142000003}, "55": {"X": 6400, "Y": 2227.5583475000003}, "56": {"X": 6400, "Y": 2222.7666808000004}, "57": {"X": 6400, "Y": 2217.9750141000004}, "58": {"X": 6400, "Y": 2213.1833474}, "59": {"X": 6400, "Y": 2208.3916807}, "60": {"X": 6400, "Y": 2203.600014}, "61": {"X": 6400, "Y": 2198.8083473}, "62": {"X": 6400, "Y": 2194.0166806}, "63": {"X": 6400, "Y": 2189.2250139000002}, "64": {"X": 6400, "Y": 2184.4333472000003}, "65": {"X": 6400, "Y": 2179.6416805000003}, "66": {"X": 6400, "Y": 2174.8500138000004}, "67": {"X": 6400, "Y": 2170.0583471}, "68": {"X": 6400, "Y": 2165.2666804}, "69": {"X": 6400, "Y": 2160.4750137}, "70": {"X": 6400, "Y": 2155.683347}, "71": {"X": 6400, "Y": 2150.8916803}, "72": {"X": 6400, "Y": 2146.1000136000002}, "73": {"X": 6400, "Y": 2141.3083469000003}, "74": {"X": 6400, "Y": 2136.5166802000003}, "75": {"X": 6400, "Y": 2131.7250135000004}, "76": {"X": 6400, "Y": 2126.9333468}, "77": {"X": 6400, "Y": 2122.1416801}, "78": {"X": 6400, "Y": 2117.3500134}, "79": {"X": 6400, "Y": 2112.5583467}, "80": {"X": 6400, "Y": 2107.76668}, "81": {"X": 6400, "Y": 2102.9750133000002}, "82": {"X": 6400, "Y": 2098.1833466000003}, "83": {"X": 6400, "Y": 2093.3916799000003}, "84": {"X": 6400, "Y": 2088.6000132000004}, "85": {"X": 6400, "Y": 2083.8083465}, "86": {"X": 6400, "Y": 2079.0166798}, "87": {"X": 6400, "Y": 2074.2250131}, "88": {"X": 6400, "Y": 2069.4333464}, "89": {"X": 6400, "Y": 2064.6416797}, "90": {"X": 6400, "Y": 2059.850013}, "91": {"X": 6400, "Y": 2055.0583463000003}, "92": {"X": 6400, "Y": 2050.2666796000003}, "93": {"X": 6400, "Y": 2045.4750129000001}, "94": {"X": 6400, "Y": 2040.6833462}, "95": {"X": 6400, "Y": 2035.8916795}, "96": {"X": 6400, "Y": 2031.1000128}, "97": {"X": 6400, "Y": 2026.3083461}, "98": {"X": 6400, "Y": 2021.5166794000002}, "99": {"X": 6400, "Y": 2016.7250127}, "100": {"X": 6400, "Y": 2011.933346}, "101": {"X": 6400, "Y": 2007.1416793}, "102": {"X": 6400, "Y": 2002.3500126000001}, "103": {"X": 6400, "Y": 1997.5583459}, "104": {"X": 6400, "Y": 1992.7666792}, "105": {"X": 6400, "Y": 1987.9750125}, "106": {"X": 6400, "Y": 1983.1833458}, "107": {"X": 6400, "Y": 1978.3916791000001}, "108": {"X": 6400, "Y": 1973.6000124}, "109": {"X": 6400, "Y": 1968.8083457}, "110": {"X": 6400, "Y": 1964.016679}, "111": {"X": 6400, "Y": 1959.2250123000001}, "112": {"X": 6400, "Y": 1954.4333456}, "113": {"X": 6400, "Y": 1949.6416789}, "114": {"X": 6400, "Y": 1944.8500122}, "115": {"X": 6400, "Y": 1940.0583455}, "116": {"X": 6400, "Y": 1935.2666788000001}, "117": {"X": 6400, "Y": 1930.4750121}, "118": {"X": 6400, "Y": 1925.6833454}, "119": {"X": 6400, "Y": 1920.8916787}, "120": {"X": 6400, "Y": 1916.100012}, "121": {"X": 6400, "Y": 1911.3083453000002}, "122": {"X": 6400, "Y": 1906.5166786}, "123": {"X": 6400, "Y": 1901.7250119}, "124": {"X": 6400, "Y": 1896.9333452}, "125": {"X": 6400, "Y": 1892.1416785000001}, "126": {"X": 6400, "Y": 1887.3500118}, "127": {"X": 6400, "Y": 1882.5583451}, "128": {"X": 6400, "Y": 1877.7666784}, "129": {"X": 6400, "Y": 1872.9750117}, "130": {"X": 6400, "Y": 1868.1833450000001}, "131": {"X": 6400, "Y": 1863.3916783}, "132": {"X": 6400, "Y": 1858.6000116}, "133": {"X": 6400, "Y": 1853.8083449}, "134": {"X": 6400, "Y": 1849.0166782000001}, "135": {"X": 6400, "Y": 1844.2250115}, "136": {"X": 6400, "Y": 1839.4333448}, "137": {"X": 6400, "Y": 1834.6416781}, "138": {"X": 6400, "Y": 1829.8500114}, "139": {"X": 6400, "Y": 1825.0583447000001}, "140": {"X": 6400, "Y": 1820.266678}, "141": {"X": 6400, "Y": 1815.4750113}, "142": {"X": 6400, "Y": 1810.6833446}, "143": {"X": 6400, "Y": 1805.8916779}, "144": {"X": 6400, "Y": 1801.1000112000002}, "145": {"X": 6400, "Y": 1796.3083445}, "146": {"X": 6400, "Y": 1791.5166778}, "147": {"X": 6400, "Y": 1786.7250111}, "148": {"X": 6400, "Y": 1781.9333444000001}, "149": {"X": 6400, "Y": 1777.1416777}, "150": {"X": 6400, "Y": 1772.350011}, "151": {"X": 6400, "Y": 1767.5583443}, "152": {"X": 6400, "Y": 1762.7666776}, "153": {"X": 6400, "Y": 1757.9750109000001}, "154": {"X": 6400, "Y": 1753.1833442}, "155": {"X": 6400, "Y": 1748.3916775}, "156": {"X": 6400, "Y": 1743.6000108}, "157": {"X": 6400, "Y": 1738.8083441}, "158": {"X": 6400, "Y": 1734.0166774}, "159": {"X": 6400, "Y": 1729.2250107}, "160": {"X": 6400, "Y": 1724.433344}, "161": {"X": 6400, "Y": 1719.6416773}, "162": {"X": 6400, "Y": 1714.8500106000001}, "163": {"X": 6400, "Y": 1710.0583439}, "164": {"X": 6400, "Y": 1705.2666772}, "165": {"X": 6400, "Y": 1700.4750105}, "166": {"X": 6400, "Y": 1695.6833438}, "167": {"X": 6400, "Y": 1690.8916771}, "168": {"X": 6400, "Y": 1686.1000104}, "169": {"X": 6400, "Y": 1681.3083437}, "170": {"X": 6400, "Y": 1676.516677}, "171": {"X": 6400, "Y": 1671.7250103000001}, "172": {"X": 6400, "Y": 1666.9333436}, "173": {"X": 6400, "Y": 1662.1416769}, "174": {"X": 6400, "Y": 1657.3500102}, "175": {"X": 6400, "Y": 1652.5583435}, "176": {"X": 6400, "Y": 1647.7666768}, "177": {"X": 6400, "Y": 1642.9750101}, "178": {"X": 6400, "Y": 1638.1833434}, "179": {"X": 6400, "Y": 1633.3916767}, "180": {"X": 6400, "Y": 1628.60001}, "181": {"X": 6400, "Y": 1623.8083433}, "182": {"X": 6400, "Y": 1619.0166766}, "183": {"X": 6400, "Y": 1614.2250099}, "184": {"X": 6400, "Y": 1609.4333432}, "185": {"X": 6400, "Y": 1604.6416765000001}, "186": {"X": 6400, "Y": 1599.8500098}, "187": {"X": 6400, "Y": 1595.0583431}, "188": {"X": 6400, "Y": 1590.2666764}, "189": {"X": 6400, "Y": 1585.4750097}, "190": {"X": 6400, "Y": 1580.683343}, "191": {"X": 6400, "Y": 1575.8916763}, "192": {"X": 6400, "Y": 1571.1000096}, "193": {"X": 6400, "Y": 1566.3083429}, "194": {"X": 6400, "Y": 1561.5166762000001}, "195": {"X": 6400, "Y": 1556.7250095}, "196": {"X": 6400, "Y": 1551.9333428}, "197": {"X": 6400, "Y": 1547.1416761}, "198": {"X": 6400, "Y": 1542.3500094}, "199": {"X": 6400, "Y": 1537.5583427}, "200": {"X": 6400, "Y": 1532.766676}, "201": {"X": 6400, "Y": 1527.9750093},