{"X": {"1": {"X": 6400, "Y": 2490.9083493}, "2": {"X": 6400, "Y": 2486.1166826}, "3": {"X": 6400, "Y": 2481.3250159}, "4": {"X": 6400, "Y": 2476.5333492}, "5": {"X": 6400, "Y": 2471.7416825}, "6": {"X": 6400, "Y": 2466.9500158}, "7": {"X": 6400, "Y": 2462.1583491}, "8": {"X": 6400, "Y": 2457.3666824}, "9": {"X": 6400, "Y": 2452.5750157}, "10": {"X": 6400, "Y": 2447.783349}, "11": {"X": 6400, "Y": 2442.9916823}, "12": {"X": 6400, "Y": 2438.2000156}, "13": {"X": 6400, "Y": 2433.4083489}, "14": {"X": 6400, "Y": 2428.6166822}, "15": {"X": 6400, "Y": 2423.8250155}, "16": {"X": 6400, "Y": 2419.0333488}, "17": {"X": 6400, "Y": 2414.2416821}, "18": {"X": 6400, "Y": 2409.4500154}, "19": {"X": 6400, "Y": 2404.6583487}, "20": {"X": 6400, "Y": 2399.866682}, "21": {"X": 6400, "Y": 2395.0750153}, "22": {"X": 6400, "Y": 2390.2833486}, "23": {"X": 6400, "Y": 2385.4916819}, "24": {"X": 6400, "Y": 2380.7000152}, "25": {"X": 6400, "Y": 2375.9083485}, "26": {"X": 6400, "Y": 2371.1166818}, "27": {"X": 6400, "Y": 2366.3250151}, "28": {"X": 6400, "Y": 2361.5333484}, "29": {"X": 6400, "Y": 2356.7416817}, "30": {"X": 6400, "Y": 2351.950015}, "31": {"X": 6400, "Y": 2347.1583483}, "32": {"X": 6400, "Y": 2342.3666816}, "33": {"X": 6400, "Y": 2337.5750149}, "34": {"X": 6400, "Y": 2332.7833482}, "35": {"X": 6400, "Y": 2327.9916815}, "36": {"X": 6400, "Y": 2323.2000148}, "37": {"X": 6400, "Y": 2318.4083481}, "38": {"X": 6400, "Y": 2313.6166814}, "39": {"X": 6400, "Y": 2308.8250147}, "40": {"X": 6400, "Y": 2304.033348}, "41": {"X": 6400, "Y": 2299.2416813}, "42": {"X": 6400, "Y": 2294.4500146}, "43": {"X": 6400, "Y": 2289.6583479}, "44": {"X": 6400, "Y": 2284.8666812}, "45": {"X": 6400, "Y": 2280.0750145}, "46": {"X": 6400, "Y": 2275.2833478}, "47": {"X": 6400, "Y": 2270.4916811}, "48": {"X": 6400, "Y": 2265.7000144}, "49": {"X": 6400, "Y": 2260.9083477}, "50": {"X": 6400, "Y": 2256.116681}, "51": {"X": 6400, "Y": 2251.3250143}, "52": {"X": 6400, "Y": 2246.5333476}, "53": {"X": 6400, "Y": 2241.7416809}, "54": {"X": 6400, "Y": 2236.9500142}, "55": {"X": 6400, "Y": 2232.1583475}, "56": {"X": 6400, "Y": 2227.3666808000003}, "57": {"X": 6400, "Y": 2222.5750141000003}, "58": {"X": 6400, "Y": 2217.7833474}, "59": {"X": 6400, "Y": 2212.9916807}, "60": {"X": 6400, "Y": 2208.200014}, "61": {"X": 6400, "Y": 2203.4083473}, "62": {"X": 6400, "Y": 2198.6166806}, "63": {"X": 6400, "Y": 2193.8250139}, "64": {"X": 6400, "Y": 2189.0333472}, "65": {"X": 6400, "Y": 2184.2416805000003}, "66": {"X": 6400, "Y": 2179.4500138000003}, "67": {"X": 6400, "Y": 2174.6583471}, "68": {"X": 6400, "Y": 2169.8666804}, "69": {"X": 6400, "Y": 2165.0750137}, "70": {"X": 6400, "Y": 2160.283347}, "71": {"X": 6400, "Y": 2155.4916803}, "72": {"X": 6400, "Y": 2150.7000136}, "73": {"X": 6400, "Y": 2145.9083469}, "74": {"X": 6400, "Y": 2141.1166802000002}, "75": {"X": 6400, "Y": 2136.3250135000003}, "76": {"X": 6400, "Y": 2131.5333468}, "77": {"X": 6400, "Y": 2126.7416801}, "78": {"X": 6400, "Y": 2121.9500134}, "79": {"X": 6400, "Y": 2117.1583467}, "80": {"X": 6400, "Y": 2112.36668}, "81": {"X": 6400, "Y": 2107.5750133}, "82": {"X": 6400, "Y": 2102.7833466}, "83": {"X": 6400, "Y": 2097.9916799000002}, "84": {"X": 6400, "Y": 2093.2000132000003}, "85": {"X": 6400, "Y": 2088.4083465}, "86": {"X": 6400, "Y": 2083.6166798}, "87": {"X": 6400, "Y": 2078.8250131}, "88": {"X": 6400, "Y": 2074.0333464}, "89": {"X": 6400, "Y": 2069.2416797}, "90": {"X": 6400, "Y": 2064.450013}, "91": {"X": 6400, "Y": 2059.6583463}, "92": {"X": 6400, "Y": 2054.8666796}, "93": {"X": 6400, "Y": 2050.0750129000003}, "94": {"X": 6400, "Y": 2045.2833462}, "95": {"X": 6400, "Y": 2040.4916795000001}, "96": {"X": 6400, "Y": 2035.7000128000002}, "97": {"X": 6400, "Y": 2030.9083461000002}, "98": {"X": 6400, "Y": 2026.1166794000003}, "99": {"X": 6400, "Y": 2021.3250127000001}, "100": {"X": 6400, "Y": 2016.5333460000002}, "101": {"X": 6400, "Y": 2011.7416793000002}, "102": {"X": 6400, "Y": 2006.9500126000003}, "103": {"X": 6400, "Y": 2002.1583459}, "104": {"X": 6400, "Y": 1997.3666792000001}, "105": {"X": 6400, "Y": 1992.5750125000002}, "106": {"X": 6400, "Y": 1987.7833458000002}, "107": {"X": 6400, "Y": 1982.9916791000003}, "108": {"X": 6400, "Y": 1978.2000124}, "109": {"X": 6400, "Y": 1973.4083457000002}, "110": {"X": 6400, "Y": 1968.6166790000002}, "111": {"X": 6400, "Y": 1963.8250123000003}, "112": {"X": 6400, "Y": 1959.0333456}, "113": {"X": 6400, "Y": 1954.2416789000001}, "114": {"X": 6400, "Y": 1949.4500122000002}, "115": {"X": 6400, "Y": 1944.6583455000002}, "116": {"X": 6400, "Y": 1939.8666788000003}, "117": {"X": 6400, "Y": 1935.0750121}, "118": {"X": 6400, "Y": 1930.2833454000001}, "119": {"X": 6400, "Y": 1925.4916787000002}, "120": {"X": 6400, "Y": 1920.7000120000002}, "121": {"X": 6400, "Y": 1915.9083453000003}, "122": {"X": 6400, "Y": 1911.1166786000001}, "123": {"X": 6400, "Y": 1906.3250119000002}, "124": {"X": 6400, "Y": 1901.5333452000002}, "125": {"X": 6400, "Y": 1896.7416785000003}, "126": {"X": 6400, "Y": 1891.9500118}, "127": {"X": 6400, "Y": 1887.1583451000001}, "128": {"X": 6400, "Y": 1882.3666784000002}, "129": {"X": 6400, "Y": 1877.5750117000002}, "130": {"X": 6400, "Y": 1872.7833450000003}, "131": {"X": 6400, "Y": 1867.9916783}, "132": {"X": 6400, "Y": 1863.2000116000002}, "133": {"X": 6400, "Y": 1858.4083449000002}, "134": {"X": 6400, "Y": 1853.6166782000003}, "135": {"X": 6400, "Y": 1848.8250115}, "136": {"X": 6400, "Y": 1844.0333448000001}, "137": {"X": 6400, "Y": 1839.2416781000002}, "138": {"X": 6400, "Y": 1834.4500114000002}, "139": {"X": 6400, "Y": 1829.6583447000003}, "140": {"X": 6400, "Y": 1824.866678}, "141": {"X": 6400, "Y": 1820.0750113000001}, "142": {"X": 6400, "Y": 1815.2833446000002}, "143": {"X": 6400, "Y": 1810.4916779000002}, "144": {"X": 6400, "Y": 1805.7000112000003}, "145": {"X": 6400, "Y": 1800.9083445}, "146": {"X": 6400, "Y": 1796.1166778000002}, "147": {"X": 6400, "Y": 1791.3250111000002}, "148": {"X": 6400, "Y": 1786.5333444000003}, "149": {"X": 6400, "Y": 1781.7416777}, "150": {"X": 6400, "Y": 1776.9500110000001}, "151": {"X": 6400, "Y": 1772.1583443000002}, "152": {"X": 6400, "Y": 1767.3666776000002}, "153": {"X": 6400, "Y": 1762.5750109000003}, "154": {"X": 6400, "Y": 1757.7833442}, "155": {"X": 6400, "Y": 1752.9916775000002}, "156": {"X": 6400, "Y": 1748.2000108000002}, "157": {"X": 6400, "Y": 1743.4083441000002}, "158": {"X": 6400, "Y": 1738.6166774}, "159": {"X": 6400, "Y": 1733.8250107000001}, "160": {"X": 6400, "Y": 1729.0333440000002}, "161": {"X": 6400, "Y": 1724.2416773000002}, "162": {"X": 6400, "Y": 1719.4500106000003}, "163": {"X": 6400, "Y": 1714.6583439}, "164": {"X": 6400, "Y": 1709.8666772000001}, "165": {"X": 6400, "Y": 1705.0750105000002}, "166": {"X": 6400, "Y": 1700.2833438000002}, "167": {"X": 6400, "Y": 1695.4916771}, "168": {"X": 6400, "Y": 1690.7000104}, "169": {"X": 6400, "Y": 1685.9083437000002}, "170": {"X": 6400, "Y": 1681.1166770000002}, "171": {"X": 6400, "Y": 1676.3250103000003}, "172": {"X": 6400, "Y": 1671.5333436}, "173": {"X": 6400, "Y": 1666.7416769000001}, "174": {"X": 6400, "Y": 1661.9500102000002}, "175": {"X": 6400, "Y": 1657.1583435000002}, "176": {"X": 6400, "Y": 1652.3666768}, "177": {"X": 6400, "Y": 1647.5750101}, "178": {"X": 6400, "Y": 1642.7833434000001}, "179": {"X": 6400, "Y": 1637.9916767000002}, "180": {"X": 6400, "Y": 1633.2000100000002}, "181": {"X": 6400, "Y": 1628.4083433}, "182": {"X": 6400, "Y": 1623.6166766000001}, "183": {"X": 6400, "Y": 1618.8250099000002}, "184": {"X": 6400, "Y": 1614.0333432000002}, "185": {"X": 6400, "Y": 1609.2416765000003}, "186": {"X": 6400, "Y": 1604.4500098}, "187": {"X": 6400, "Y": 1599.6583431000001}, "188": {"X": 6400, "Y": 1594.8666764000002}, "189": {"X": 6400, "Y": 1590.0750097000002}, "190": {"X": 6400, "Y": 1585.283343}, "191": {"X": 6400, "Y": 1580.4916763}, "192": {"X": 6400, "Y": 1575.7000096000002}, "193": {"X": 6400, "Y": 1570.9083429000002}, "194": {"X": 6400, "Y": 1566.1166762000003}, "195": {"X": 6400,