{"X": {"1": {"X": 1500, "Y": 2489.8083493}, "2": {"X": 1500, "Y": 2485.0166826}, "3": {"X": 1500, "Y": 2480.2250159}, "4": {"X": 1500, "Y": 2475.4333492}, "5": {"X": 1500, "Y": 2470.6416825}, "6": {"X": 1500, "Y": 2465.8500158}, "7": {"X": 1500, "Y": 2461.0583491}, "8": {"X": 1500, "Y": 2456.2666824000003}, "9": {"X": 1500, "Y": 2451.4750157000003}, "10": {"X": 1500, "Y": 2446.683349}, "11": {"X": 1500, "Y": 2441.8916823}, "12": {"X": 1500, "Y": 2437.1000156}, "13": {"X": 1500, "Y": 2432.3083489}, "14": {"X": 1500, "Y": 2427.5166822}, "15": {"X": 1500, "Y": 2422.7250155}, "16": {"X": 1500, "Y": 2417.9333488}, "17": {"X": 1500, "Y": 2413.1416821000003}, "18": {"X": 1500, "Y": 2408.3500154000003}, "19": {"X": 1500, "Y": 2403.5583487}, "20": {"X": 1500, "Y": 2398.766682}, "21": {"X": 1500, "Y": 2393.9750153}, "22": {"X": 1500, "Y": 2389.1833486}, "23": {"X": 1500, "Y": 2384.3916819}, "24": {"X": 1500, "Y": 2379.6000152}, "25": {"X": 1500, "Y": 2374.8083485}, "26": {"X": 1500, "Y": 2370.0166818000002}, "27": {"X": 1500, "Y": 2365.2250151000003}, "28": {"X": 1500, "Y": 2360.4333484}, "29": {"X": 1500, "Y": 2355.6416817}, "30": {"X": 1500, "Y": 2350.850015}, "31": {"X": 1500, "Y": 2346.0583483}, "32": {"X": 1500, "Y": 2341.2666816}, "33": {"X": 1500, "Y": 2336.4750149}, "34": {"X": 1500, "Y": 2331.6833482}, "35": {"X": 1500, "Y": 2326.8916815000002}, "36": {"X": 1500, "Y": 2322.1000148000003}, "37": {"X": 1500, "Y": 2317.3083481}, "38": {"X": 1500, "Y": 2312.5166814}, "39": {"X": 1500, "Y": 2307.7250147}, "40": {"X": 1500, "Y": 2302.933348}, "41": {"X": 1500, "Y": 2298.1416813}, "42": {"X": 1500, "Y": 2293.3500146}, "43": {"X": 1500, "Y": 2288.5583479}, "44": {"X": 1500, "Y": 2283.7666812}, "45": {"X": 1500, "Y": 2278.9750145000003}, "46": {"X": 1500, "Y": 2274.1833478}, "47": {"X": 1500, "Y": 2269.3916811}, "48": {"X": 1500, "Y": 2264.6000144}, "49": {"X": 1500, "Y": 2259.8083477}, "50": {"X": 1500, "Y": 2255.016681}, "51": {"X": 1500, "Y": 2250.2250143}, "52": {"X": 1500, "Y": 2245.4333476}, "53": {"X": 1500, "Y": 2240.6416809}, "54": {"X": 1500, "Y": 2235.8500142000003}, "55": {"X": 1500, "Y": 2231.0583475000003}, "56": {"X": 1500, "Y": 2226.2666808000004}, "57": {"X": 1500, "Y": 2221.4750141000004}, "58": {"X": 1500, "Y": 2216.6833474}, "59": {"X": 1500, "Y": 2211.8916807}, "60": {"X": 1500, "Y": 2207.100014}, "61": {"X": 1500, "Y": 2202.3083473}, "62": {"X": 1500, "Y": 2197.5166806}, "63": {"X": 1500, "Y": 2192.7250139000002}, "64": {"X": 1500, "Y": 2187.9333472000003}, "65": {"X": 1500, "Y": 2183.1416805000003}, "66": {"X": 1500, "Y": 2178.3500138000004}, "67": {"X": 1500, "Y": 2173.5583471}, "68": {"X": 1500, "Y": 2168.7666804}, "69": {"X": 1500, "Y": 2163.9750137}, "70": {"X": 1500, "Y": 2159.183347}, "71": {"X": 1500, "Y": 2154.3916803}, "72": {"X": 1500, "Y": 2149.6000136000002}, "73": {"X": 1500, "Y": 2144.8083469000003}, "74": {"X": 1500, "Y": 2140.0166802000003}, "75": {"X": 1500, "Y": 2135.2250135000004}, "76": {"X": 1500, "Y": 2130.4333468}, "77": {"X": 1500, "Y": 2125.6416801}, "78": {"X": 1500, "Y": 2120.8500134}, "79": {"X": 1500, "Y": 2116.0583467}, "80": {"X": 1500, "Y": 2111.26668}, "81": {"X": 1500, "Y": 2106.4750133000002}, "82": {"X": 1500, "Y": 2101.6833466000003}, "83": {"X": 1500, "Y": 2096.8916799000003}, "84": {"X": 1500, "Y": 2092.1000132000004}, "85": {"X": 1500, "Y": 2087.3083465}, "86": {"X": 1500, "Y": 2082.5166798}, "87": {"X": 1500, "Y": 2077.7250131}, "88": {"X": 1500, "Y": 2072.9333464}, "89": {"X": 1500, "Y": 2068.1416797}, "90": {"X": 1500, "Y": 2063.350013}, "91": {"X": 1500, "Y": 2058.5583463000003}, "92": {"X": 1500, "Y": 2053.7666796000003}, "93": {"X": 1500, "Y": 2048.9750129000004}, "94": {"X": 1500, "Y": 2044.1833462}, "95": {"X": 1500, "Y": 2039.3916795}, "96": {"X": 1500, "Y": 2034.6000128}, "97": {"X": 1500, "Y": 2029.8083461}, "98": {"X": 1500, "Y": 2025.0166794000002}, "99": {"X": 1500, "Y": 2020.2250127}, "100": {"X": 1500, "Y": 2015.433346}, "101": {"X": 1500, "Y": 2010.6416793}, "102": {"X": 1500, "Y": 2005.8500126000001}, "103": {"X": 1500, "Y": 2001.0583459}, "104": {"X": 1500, "Y": 1996.2666792}, "105": {"X": 1500, "Y": 1991.4750125}, "106": {"X": 1500, "Y": 1986.6833458}, "107": {"X": 1500, "Y": 1981.8916791000001}, "108": {"X": 1500, "Y": 1977.1000124}, "109": {"X": 1500, "Y": 1972.3083457}, "110": {"X": 1500, "Y": 1967.516679}, "111": {"X": 1500, "Y": 1962.7250123000001}, "112": {"X": 1500, "Y": 1957.9333456}, "113": {"X": 1500, "Y": 1953.1416789}, "114": {"X": 1500, "Y": 1948.3500122}, "115": {"X": 1500, "Y": 1943.5583455}, "116": {"X": 1500, "Y": 1938.7666788000001}, "117": {"X": 1500, "Y": 1933.9750121}, "118": {"X": 1500, "Y": 1929.1833454}, "119": {"X": 1500, "Y": 1924.3916787}, "120": {"X": 1500, "Y": 1919.600012}, "121": {"X": 1500, "Y": 1914.8083453000002}, "122": {"X": 1500, "Y": 1910.0166786}, "123": {"X": 1500, "Y": 1905.2250119}, "124": {"X": 1500, "Y": 1900.4333452}, "125": {"X": 1500, "Y": 1895.6416785000001}, "126": {"X": 1500, "Y": 1890.8500118}, "127": {"X": 1500, "Y": 1886.0583451}, "128": {"X": 1500, "Y": 1881.2666784}, "129": {"X": 1500, "Y": 1876.4750117}, "130": {"X": 1500, "Y": 1871.6833450000001}, "131": {"X": 1500, "Y": 1866.8916783}, "132": {"X": 1500, "Y": 1862.1000116}, "133": {"X": 1500, "Y": 1857.3083449}, "134": {"X": 1500, "Y": 1852.5166782000001}, "135": {"X": 1500, "Y": 1847.7250115}, "136": {"X": 1500, "Y": 1842.9333448}, "137": {"X": 1500, "Y": 1838.1416781}, "138": {"X": 1500, "Y": 1833.3500114}, "139": {"X": 1500, "Y": 1828.5583447000001}, "140": {"X": 1500, "Y": 1823.766678}, "141": {"X": 1500, "Y": 1818.9750113}, "142": {"X": 1500, "Y": 1814.1833446}, "143": {"X": 1500, "Y": 1809.3916779}, "144": {"X": 1500, "Y": 1804.6000112000002}, "145": {"X": 1500, "Y": 1799.8083445}, "146": {"X": 1500, "Y": 1795.0166778}, "147": {"X": 1500, "Y": 1790.2250111}, "148": {"X": 1500, "Y": 1785.4333444000001}, "149": {"X": 1500, "Y": 1780.6416777}, "150": {"X": 1500, "Y": 1775.850011}, "151": {"X": 1500, "Y": 1771.0583443}, "152": {"X": 1500, "Y": 1766.2666776}, "153": {"X": 1500, "Y": 1761.4750109000001}, "154": {"X": 1500, "Y": 1756.6833442}, "155": {"X": 1500, "Y": 1751.8916775}, "156": {"X": 1500, "Y": 1747.1000108}, "157": {"X": 1500, "Y": 1742.3083441}, "158": {"X": 1500, "Y": 1737.5166774}, "159": {"X": 1500, "Y": 1732.7250107}, "160": {"X": 1500, "Y": 1727.933344}, "161": {"X": 1500, "Y": 1723.1416773}, "162": {"X": 1500, "Y": 1718.3500106000001}, "163": {"X": 1500, "Y": 1713.5583439}, "164": {"X": 1500, "Y": 1708.7666772}, "165": {"X": 1500, "Y": 1703.9750105}, "166": {"X": 1500, "Y": 1699.1833438}, "167": {"X": 1500, "Y": 1694.3916771}, "168": {"X": 1500, "Y": 1689.6000104}, "169": {"X": 1500, "Y": 1684.8083437}, "170": {"X": 1500, "Y": 1680.016677}, "171": {"X": 1500, "Y": 1675.2250103000001}, "172": {"X": 1500, "Y": 1670.4333436}, "173": {"X": 1500, "Y": 1665.6416769}, "174": {"X": 1500, "Y": 1660.8500102}, "175": {"X": 1500, "Y": 1656.0583435}, "176": {"X": 1500, "Y": 1651.2666768}, "177": {"X": 1500, "Y": 1646.4750101}, "178": {"X": 1500, "Y": 1641.6833434}, "179": {"X": 1500, "Y": 1636.8916767}, "180": {"X": 1500, "Y": 1632.10001}, "181": {"X": 1500, "Y": 1627.3083433}, "182": {"X": 1500, "Y": 1622.5166766}, "183": {"X": 1500, "Y": 1617.7250099}, "184": {"X": 1500, "Y": 1612.9333432}, "185": {"X": 1500, "Y": 1608.1416765000001}, "186": {"X": 1500, "Y": 1603.3500098}, "187": {"X": 1500, "Y": 1598.5583431}, "188": {"X": 1500, "Y": 1593.7666764}, "189": {"X": 1500, "Y": 1588.9750097}, "190": {"X": 1500, "Y": 1584.183343}, "191": {"X": 1500, "Y": 1579.3916763}, "192": {"X": 1500, "Y": 1574.6000096}, "193": {"X": 1500, "Y": 1569.8083429}, "194": {"X": 1500, "Y": 1565.0166762000001}, "195": {"X": 1500, "Y": 1560.2250095}, "196": {"X": 1500, "Y": 1555.4333428}, "197": {"X": 1500, "Y": 1550.6416761}, "198": {"X": 1500, "Y": 1545.8500094}, "199": {"X": 1500, "Y": 1541.0583427}, "200": {"X": 1500, "Y": 1536.266676}, "201": {"X": 1500, "Y": 1531.4750093},