{"X": {"1": {"X": 6400, "Y": 2491.0083493}, "2": {"X": 6400, "Y": 2486.2166826000002}, "3": {"X": 6400, "Y": 2481.4250159000003}, "4": {"X": 6400, "Y": 2476.6333492000003}, "5": {"X": 6400, "Y": 2471.8416825000004}, "6": {"X": 6400, "Y": 2467.0500158000004}, "7": {"X": 6400, "Y": 2462.2583491000005}, "8": {"X": 6400, "Y": 2457.4666824000005}, "9": {"X": 6400, "Y": 2452.6750157000006}, "10": {"X": 6400, "Y": 2447.883349}, "11": {"X": 6400, "Y": 2443.0916823000002}, "12": {"X": 6400, "Y": 2438.3000156000003}, "13": {"X": 6400, "Y": 2433.5083489000003}, "14": {"X": 6400, "Y": 2428.7166822000004}, "15": {"X": 6400, "Y": 2423.9250155000004}, "16": {"X": 6400, "Y": 2419.1333488000005}, "17": {"X": 6400, "Y": 2414.3416821000005}, "18": {"X": 6400, "Y": 2409.5500154000006}, "19": {"X": 6400, "Y": 2404.7583487}, "20": {"X": 6400, "Y": 2399.966682}, "21": {"X": 6400, "Y": 2395.1750153000003}, "22": {"X": 6400, "Y": 2390.3833486000003}, "23": {"X": 6400, "Y": 2385.5916819000004}, "24": {"X": 6400, "Y": 2380.8000152000004}, "25": {"X": 6400, "Y": 2376.0083485000005}, "26": {"X": 6400, "Y": 2371.2166818000005}, "27": {"X": 6400, "Y": 2366.4250151000006}, "28": {"X": 6400, "Y": 2361.6333484}, "29": {"X": 6400, "Y": 2356.8416817}, "30": {"X": 6400, "Y": 2352.0500150000003}, "31": {"X": 6400, "Y": 2347.2583483000003}, "32": {"X": 6400, "Y": 2342.4666816000004}, "33": {"X": 6400, "Y": 2337.6750149000004}, "34": {"X": 6400, "Y": 2332.8833482000005}, "35": {"X": 6400, "Y": 2328.0916815000005}, "36": {"X": 6400, "Y": 2323.3000148000006}, "37": {"X": 6400, "Y": 2318.5083481}, "38": {"X": 6400, "Y": 2313.7166814}, "39": {"X": 6400, "Y": 2308.9250147000002}, "40": {"X": 6400, "Y": 2304.1333480000003}, "41": {"X": 6400, "Y": 2299.3416813000003}, "42": {"X": 6400, "Y": 2294.5500146000004}, "43": {"X": 6400, "Y": 2289.7583479000004}, "44": {"X": 6400, "Y": 2284.9666812000005}, "45": {"X": 6400, "Y": 2280.1750145000005}, "46": {"X": 6400, "Y": 2275.3833478}, "47": {"X": 6400, "Y": 2270.5916811}, "48": {"X": 6400, "Y": 2265.8000144000002}, "49": {"X": 6400, "Y": 2261.0083477000003}, "50": {"X": 6400, "Y": 2256.2166810000003}, "51": {"X": 6400, "Y": 2251.4250143000004}, "52": {"X": 6400, "Y": 2246.6333476000004}, "53": {"X": 6400, "Y": 2241.8416809}, "54": {"X": 6400, "Y": 2237.0500142}, "55": {"X": 6400, "Y": 2232.2583475}, "56": {"X": 6400, "Y": 2227.4666808}, "57": {"X": 6400, "Y": 2222.6750141}, "58": {"X": 6400, "Y": 2217.8833474000003}, "59": {"X": 6400, "Y": 2213.0916807000003}, "60": {"X": 6400, "Y": 2208.3000140000004}, "61": {"X": 6400, "Y": 2203.5083473000004}, "62": {"X": 6400, "Y": 2198.7166806}, "63": {"X": 6400, "Y": 2193.9250139}, "64": {"X": 6400, "Y": 2189.1333472}, "65": {"X": 6400, "Y": 2184.3416805}, "66": {"X": 6400, "Y": 2179.5500138}, "67": {"X": 6400, "Y": 2174.7583471000003}, "68": {"X": 6400, "Y": 2169.9666804000003}, "69": {"X": 6400, "Y": 2165.1750137000004}, "70": {"X": 6400, "Y": 2160.3833470000004}, "71": {"X": 6400, "Y": 2155.5916803}, "72": {"X": 6400, "Y": 2150.8000136}, "73": {"X": 6400, "Y": 2146.0083469}, "74": {"X": 6400, "Y": 2141.2166802}, "75": {"X": 6400, "Y": 2136.4250135}, "76": {"X": 6400, "Y": 2131.6333468000003}, "77": {"X": 6400, "Y": 2126.8416801000003}, "78": {"X": 6400, "Y": 2122.0500134000004}, "79": {"X": 6400, "Y": 2117.2583467000004}, "80": {"X": 6400, "Y": 2112.4666800000005}, "81": {"X": 6400, "Y": 2107.6750133}, "82": {"X": 6400, "Y": 2102.8833466}, "83": {"X": 6400, "Y": 2098.0916799}, "84": {"X": 6400, "Y": 2093.3000132}, "85": {"X": 6400, "Y": 2088.5083465000002}, "86": {"X": 6400, "Y": 2083.7166798000003}, "87": {"X": 6400, "Y": 2078.9250131000003}, "88": {"X": 6400, "Y": 2074.1333464000004}, "89": {"X": 6400, "Y": 2069.3416797000004}, "90": {"X": 6400, "Y": 2064.550013}, "91": {"X": 6400, "Y": 2059.7583463}, "92": {"X": 6400, "Y": 2054.9666796}, "93": {"X": 6400, "Y": 2050.1750129}, "94": {"X": 6400, "Y": 2045.3833462}, "95": {"X": 6400, "Y": 2040.5916795}, "96": {"X": 6400, "Y": 2035.8000128}, "97": {"X": 6400, "Y": 2031.0083461000002}, "98": {"X": 6400, "Y": 2026.2166794000002}, "99": {"X": 6400, "Y": 2021.4250127}, "100": {"X": 6400, "Y": 2016.633346}, "101": {"X": 6400, "Y": 2011.8416793000001}, "102": {"X": 6400, "Y": 2007.0500126000002}, "103": {"X": 6400, "Y": 2002.2583459}, "104": {"X": 6400, "Y": 1997.4666792}, "105": {"X": 6400, "Y": 1992.6750125}, "106": {"X": 6400, "Y": 1987.8833458000001}, "107": {"X": 6400, "Y": 1983.0916791000002}, "108": {"X": 6400, "Y": 1978.3000124}, "109": {"X": 6400, "Y": 1973.5083457}, "110": {"X": 6400, "Y": 1968.716679}, "111": {"X": 6400, "Y": 1963.9250123000002}, "112": {"X": 6400, "Y": 1959.1333456}, "113": {"X": 6400, "Y": 1954.3416789}, "114": {"X": 6400, "Y": 1949.5500122}, "115": {"X": 6400, "Y": 1944.7583455000001}, "116": {"X": 6400, "Y": 1939.9666788000002}, "117": {"X": 6400, "Y": 1935.1750121}, "118": {"X": 6400, "Y": 1930.3833454}, "119": {"X": 6400, "Y": 1925.5916787}, "120": {"X": 6400, "Y": 1920.8000120000002}, "121": {"X": 6400, "Y": 1916.0083453000002}, "122": {"X": 6400, "Y": 1911.2166786}, "123": {"X": 6400, "Y": 1906.4250119}, "124": {"X": 6400, "Y": 1901.6333452000001}, "125": {"X": 6400, "Y": 1896.8416785000002}, "126": {"X": 6400, "Y": 1892.0500118}, "127": {"X": 6400, "Y": 1887.2583451}, "128": {"X": 6400, "Y": 1882.4666784}, "129": {"X": 6400, "Y": 1877.6750117000001}, "130": {"X": 6400, "Y": 1872.8833450000002}, "131": {"X": 6400, "Y": 1868.0916783}, "132": {"X": 6400, "Y": 1863.3000116}, "133": {"X": 6400, "Y": 1858.5083449}, "134": {"X": 6400, "Y": 1853.7166782000002}, "135": {"X": 6400, "Y": 1848.9250115}, "136": {"X": 6400, "Y": 1844.1333448}, "137": {"X": 6400, "Y": 1839.3416781}, "138": {"X": 6400, "Y": 1834.5500114000001}, "139": {"X": 6400, "Y": 1829.7583447000002}, "140": {"X": 6400, "Y": 1824.966678}, "141": {"X": 6400, "Y": 1820.1750113}, "142": {"X": 6400, "Y": 1815.3833446}, "143": {"X": 6400, "Y": 1810.5916779000001}, "144": {"X": 6400, "Y": 1805.8000112000002}, "145": {"X": 6400, "Y": 1801.0083445}, "146": {"X": 6400, "Y": 1796.2166778}, "147": {"X": 6400, "Y": 1791.4250111000001}, "148": {"X": 6400, "Y": 1786.6333444000002}, "149": {"X": 6400, "Y": 1781.8416777}, "150": {"X": 6400, "Y": 1777.050011}, "151": {"X": 6400, "Y": 1772.2583443}, "152": {"X": 6400, "Y": 1767.4666776000001}, "153": {"X": 6400, "Y": 1762.6750109000002}, "154": {"X": 6400, "Y": 1757.8833442}, "155": {"X": 6400, "Y": 1753.0916775}, "156": {"X": 6400, "Y": 1748.3000108}, "157": {"X": 6400, "Y": 1743.5083441000002}, "158": {"X": 6400, "Y": 1738.7166774}, "159": {"X": 6400, "Y": 1733.9250107}, "160": {"X": 6400, "Y": 1729.133344}, "161": {"X": 6400, "Y": 1724.3416773000001}, "162": {"X": 6400, "Y": 1719.5500106000002}, "163": {"X": 6400, "Y": 1714.7583439}, "164": {"X": 6400, "Y": 1709.9666772}, "165": {"X": 6400, "Y": 1705.1750105}, "166": {"X": 6400, "Y": 1700.3833438000001}, "167": {"X": 6400, "Y": 1695.5916771}, "168": {"X": 6400, "Y": 1690.8000104}, "169": {"X": 6400, "Y": 1686.0083437}, "170": {"X": 6400, "Y": 1681.2166770000001}, "171": {"X": 6400, "Y": 1676.4250103000002}, "172": {"X": 6400, "Y": 1671.6333436}, "173": {"X": 6400, "Y": 1666.8416769}, "174": {"X": 6400, "Y": 1662.0500102}, "175": {"X": 6400, "Y": 1657.2583435000001}, "176": {"X": 6400, "Y": 1652.4666768}, "177": {"X": 6400, "Y": 1647.6750101}, "178": {"X": 6400, "Y": 1642.8833434}, "179": {"X": 6400, "Y": 1638.0916767}, "180": {"X": 6400, "Y": 1633.3000100000002}, "181": {"X": 6400, "Y": 1628.5083433}, "182": {"X": 6400, "Y": 1623.7166766}, "183": {"X": 6400, "Y": 1618.9250099}, "184": {"X": 6400, "Y": 1614.1333432000001}, "185": {"X": 6400, "Y": 1609.3416765000002}, "186": {"X": 6400, "Y": 1604.5500098}, "187": {"X": 6400, "Y": 1599.7583431}, "188": {"X": 6400, "Y": 1594.9666764}, "189": {"X": 6400, "Y": 1590.1750097000001}, "190": {"X": 6400, "Y": 1585.383343}, "191": {"X": 6400, "Y": 1580.5916763}, "192": {"X": 6400, "Y": 1575.8000096}, "193": {"X": 6400, "Y": 1571.0083429000001},