wire_number,A,B
1,,5.81264384592414
2,,5.202858600353442
3,,2.9073624457684004
4,,4.8921653113934305
5,,5.236907219733444
6,,5.058365185042881
7,,4.885064928739551
8,,2.9718067613804187
