wire_number,A,B
1,4.984797478728845,
2,,5.004892800037852
7,,4.885064928739551
9,,4.887914611315982
10,,4.884897089099288
18,,5.063750741686596
