wire_number,A,B
321,,6.097852039399457
600,,2.090882347327395
