wire_number,A,B
1,,7.663615176445597
2,,6.910275223636704
3,,6.867455987500508
4,,6.9777067181057095
5,,6.977951456918151
6,,7.026526929677185
7,,6.911508474431144
8,,7.546060710331407
9,,6.9171397038845095
10,,7.012977302932483
11,,7.0604401536527295
12,,6.847346430745132
13,,6.928309973248339
14,,6.988946886382558
