wire_number,A,B
150,,4.840332006765337
151,,4.845761225490551
152,,4.269165035791011
153,,4.737505247587029
154,,4.935263893275365
155,,4.7670303264222715
156,,4.815707695294509
157,,4.661303028522428
158,,6.824812041768327
