2026-08-31 13:47:34,304 INFO [pid=45788 gui-measure_auto dune_tension.tensiometer] Timing profile for list wire 73: total=2.32s stages=[wire_total_wall=2.32s, move_to_measurement_pose=1.40s, collect_samples=0.85s, acquire_audio=0.51s, strum=0.51s, analyze_audio=0.32s, wait_for_audio_trigger=0.17s, reset_plc_after_collect=0.04s, reset_plc_before_persist=0.02s, reset_plc_before_move=0.01s, append_result=0.00s, summary_refresh=0.00s, plan_measurement_pose=0.00s, merge_results=0.00s]
2026-08-31 13:47:34,363 INFO [pid=45788 gui-measure_auto dune_tension.tensiometer] Measuring wire 72 at 1314.6272355273964,512.3955020154717 focus=6227
2026-08-31 13:47:35,675 INFO [pid=45788 gui-monitor-tension-logs dune_tension.gui.actions] Updated tension logs for APA-US-013 layer V
2026-08-31 13:47:36,670 INFO [pid=45788 Thread-2151 (_audio_worker) spectrum_analysis.audio_processing] Listening for audio events (RMS trigger)...
2026-08-31 13:47:36,810 INFO [pid=45788 Thread-2151 (_audio_worker) spectrum_analysis.audio_processing] Recording started.
2026-08-31 13:47:36,982 WARNING [pid=45788 Thread-2151 (_audio_worker) spectrum_analysis.audio_processing] Max recording length reached.
2026-08-31 13:47:37,492 INFO [pid=45788 gui-measure_auto dune_tension.tensiometer] Sample of wire 72: measured frequency 135.30 Hz {'length': 0.6958, 'frequency': 135.30292107077207, 'tension': 5.461269782330073} with confidence 1.00 (amp=0.0000, harm=0.2947)
2026-08-31 13:47:37,530 INFO [pid=45788 gui-measure_auto dune_tension.tensiometer] Result: wire 72 length 695.8 mm tension 5.5 N frequency 135.3 Hz confidence 1.00 at 1314.626953125,512.39501953125 focus 6344. Took 0.94 seconds.
2026-08-31 13:47:37,676 INFO [pid=45788 gui-measure_auto dune_tension.tensiometer] Timing profile for list wire 72: total=3.31s stages=[wire_total_wall=3.31s, move_to_measurement_pose=2.20s, collect_samples=0.90s, acquire_audio=0.56s, strum=0.56s, analyze_audio=0.33s, wait_for_audio_trigger=0.21s, reset_plc_before_persist=0.14s, reset_plc_after_collect=0.04s, reset_plc_before_move=0.03s, append_result=0.01s, plan_measurement_pose=0.00s, summary_refresh=0.00s, merge_results=0.00s]
2026-08-31 13:47:37,678 INFO [pid=45788 gui-measure_auto dune_tension.tensiometer] Measuring wire 71 at 1310.634449828222,509.51919998458806 focus=6226
2026-08-31 13:47:38,963 INFO [pid=45788 Thread-2154 (_audio_worker) spectrum_analysis.audio_processing] Listening for audio events (RMS trigger)...
2026-08-31 13:47:39,092 INFO [pid=45788 Thread-2154 (_audio_worker) spectrum_analysis.audio_processing] Recording started.
2026-08-31 13:47:39,264 WARNING [pid=45788 Thread-2154 (_audio_worker) spectrum_analysis.audio_processing] Max recording length reached.
2026-08-31 13:47:39,490 INFO [pid=45788 gui-monitor-tension-logs dune_tension.gui.actions] Updated tension logs for APA-US-013 layer V
2026-08-31 13:47:40,075 INFO [pid=45788 gui-measure_auto dune_tension.tensiometer] Sample of wire 71: measured frequency 135.37 Hz {'length': 0.6859, 'frequency': 135.36776021321614, 'tension': 5.31205457959046} with confidence 1.00 (amp=0.0000, harm=0.0000)
2026-08-31 13:47:40,095 INFO [pid=45788 gui-measure_auto dune_tension.tensiometer] Result: wire 71 length 685.9 mm tension 5.3 N frequency 135.4 Hz confidence 1.00 at 1310.6336669921875,509.5169982910156 focus 6344. Took 1.17 seconds.
2026-08-31 13:47:40,112 INFO [pid=45788 gui-measure_auto dune_tension.tensiometer] Timing profile for list wire 71: total=2.43s stages=[wire_total_wall=2.43s, move_to_measurement_pose=1.21s, collect_samples=1.15s, analyze_audio=0.63s, acquire_audio=0.50s, strum=0.50s, wait_for_audio_trigger=0.16s, reset_plc_before_move=0.04s, reset_plc_after_collect=0.02s, reset_plc_before_persist=0.01s, append_result=0.00s, summary_refresh=0.00s, plan_measurement_pose=0.00s, merge_results=0.00s]
2026-08-31 13:47:40,113 INFO [pid=45788 gui-measure_auto dune_tension.tensiometer] Measuring wire 70 at 1306.6416643097414,506.64289344963174 focus=6226
2026-08-31 13:47:41,319 INFO [pid=45788 Thread-2158 (_audio_worker) spectrum_analysis.audio_processing] Listening for audio events (RMS trigger)...
2026-08-31 13:47:41,482 INFO [pid=45788 Thread-2158 (_audio_worker) spectrum_analysis.audio_processing] Recording started.
2026-08-31 13:47:41,544 INFO [pid=45788 gui-monitor-tension-logs dune_tension.gui.actions] Updated tension logs for APA-US-013 layer V
2026-08-31 13:47:41,679 WARNING [pid=45788 Thread-2158 (_audio_worker) spectrum_analysis.audio_processing] Max recording length reached.
2026-08-31 13:47:42,476 INFO [pid=45788 gui-measure_auto dune_tension.tensiometer] Sample of wire 70: measured frequency 138.94 Hz {'length': 0.6761, 'frequency': 138.94057688993567, 'tension': 5.43739024812255} with confidence 1.00 (amp=0.0000, harm=0.0000)
2026-08-31 13:47:42,523 INFO [pid=45788 gui-measure_auto dune_tension.tensiometer] Result: wire 70 length 676.1 mm tension 5.4 N frequency 138.9 Hz confidence 1.00 at 1306.6429443359375,506.6369934082031 focus 6344. Took 1.23 seconds.
2026-08-31 13:47:42,547 INFO [pid=45788 gui-measure_auto dune_tension.tensiometer] Timing profile for list wire 70: total=2.43s stages=[wire_total_wall=2.43s, collect_samples=1.18s, move_to_measurement_pose=1.16s, analyze_audio=0.61s, acquire_audio=0.55s, strum=0.55s, wait_for_audio_trigger=0.18s, reset_plc_after_collect=0.05s, reset_plc_before_move=0.03s, append_result=0.02s, reset_plc_before_persist=0.01s, summary_refresh=0.00s, plan_measurement_pose=0.00s, merge_results=0.00s]
2026-08-31 13:47:42,548 INFO [pid=45788 gui-measure_auto dune_tension.tensiometer] Measuring wire 69 at 1302.6488788964639,503.76651704295057 focus=6225
2026-08-31 13:47:43,872 INFO [pid=45788 Thread-2162 (_audio_worker) spectrum_analysis.audio_processing] Listening for audio events (RMS trigger)...
2026-08-31 13:47:44,036 INFO [pid=45788 Thread-2162 (_audio_worker) spectrum_analysis.audio_processing] Recording started.
2026-08-31 13:47:44,191 WARNING [pid=45788 Thread-2162 (_audio_worker) spectrum_analysis.audio_processing] Max recording length reached.
2026-08-31 13:47:44,530 INFO [pid=45788 gui-monitor-tension-logs dune_tension.gui.actions] Updated tension logs for APA-US-013 layer V
2026-08-31 13:47:44,791 INFO [pid=45788 gui-measure_auto dune_tension.tensiometer] Sample of wire 69: measured frequency 146.03 Hz {'length': 0.6662, 'frequency': 146.0345826574407, 'tension': 5.832182709266603} with confidence 1.00 (amp=0.0000, harm=0.0000)
2026-08-31 13:47:44,898 INFO [pid=45788 gui-measure_auto dune_tension.tensiometer] Result: wire 69 length 666.2 mm tension 5.8 N frequency 146.0 Hz confidence 1.00 at 1302.6480712890625,503.7674865722656 focus 6344. Took 1.07 seconds.
2026-08-31 13:47:45,036 WARNING [pid=45788 gui-measure_auto dune_tension.tensiometer] Wire 69 tension 5.83 N flagged as an outlier versus nearby wires; remeasuring and keeping only the second measurement.
2026-08-31 13:47:45,145 INFO [pid=45788 Thread-2165 (_audio_worker) spectrum_analysis.audio_processing] Listening for audio events (RMS trigger)...
2026-08-31 13:47:45,279 INFO [pid=45788 Thread-2165 (_audio_worker) spectrum_analysis.audio_processing] Recording started.
2026-08-31 13:47:45,461 WARNING [pid=45788 Thread-2165 (_audio_worker) spectrum_analysis.audio_processing] Max recording length reached.
2026-08-31 13:47:45,902 INFO [pid=45788 gui-measure_auto dune_tension.tensiometer] Sample of wire 69: measured frequency 145.03 Hz {'length': 0.6662, 'frequency': 145.02776082356772, 'tension': 5.752041048121273} with confidence 1.00 (amp=0.0000, harm=0.0000)
2026-08-31 13:47:45,952 INFO [pid=45788 gui-measure_auto dune_tension.tensiometer] Result: wire 69 length 666.2 mm tension 5.8 N frequency 145.0 Hz confidence 1.00 at 1302.650146484375,503.7655029296875 focus 6344. Took 0.84 seconds.
2026-08-31 13:47:45,978 INFO [pid=45788 gui-measure_auto dune_tension.tensiometer] Timing profile for list wire 69: total=3.43s stages=[wire_total_wall=3.43s, collect_samples=1.76s, move_to_measurement_pose=1.31s, acquire_audio=1.03s, strum=1.03s, analyze_audio=0.66s, wait_for_audio_trigger=0.34s, reset_plc_after_collect=0.15s, reset_plc_before_persist=0.14s, reset_plc_before_move=0.04s, summary_refresh=0.01s, append_result=0.01s, plan_measurement_pose=0.00s, merge_results=0.00s]
2026-08-31 13:47:45,979 INFO [pid=45788 gui-measure_auto dune_tension.tensiometer] Measuring wire 68 at 1298.6560935911034,500.8900689594519 focus=6224
2026-08-31 13:47:46,642 INFO [pid=45788 gui-monitor-tension-logs dune_tension.gui.actions] Updated tension logs for APA-US-013 layer V
2026-08-31 13:47:47,210 INFO [pid=45788 Thread-2170 (_audio_worker) spectrum_analysis.audio_processing] Listening for audio events (RMS trigger)...
2026-08-31 13:47:47,394 INFO [pid=45788 Thread-2170 (_audio_worker) spectrum_analysis.audio_processing] Recording started.
2026-08-31 13:47:47,542 WARNING [pid=45788 Thread-2170 (_audio_worker) spectrum_analysis.audio_processing] Max recording length reached.
2026-08-31 13:47:48,194 INFO [pid=45788 gui-measure_auto dune_tension.tensiometer] Sample of wire 68: measured frequency 146.61 Hz {'length': 0.6564, 'frequency': 146.61020745171442, 'tension': 5.706581154951944} with confidence 1.00 (amp=0.0000, harm=0.3031)
2026-08-31 13:47:48,225 INFO [pid=45788 gui-measure_auto dune_tension.tensiometer] Result: wire 68 length 656.4 mm tension 5.7 N frequency 146.6 Hz confidence 1.00 at 1298.656494140625,500.8808898925781 focus 6344. Took 1.05 seconds.
2026-08-31 13:47:48,252 WARNING [pid=45788 gui-measure_auto dune_tension.tensiometer] Wire 68 tension 5.71 N flagged as an outlier versus nearby wires; remeasuring and keeping only the second measurement.
2026-08-31 13:47:48,566 INFO [pid=45788 Thread-2172 (_audio_worker) spectrum_analysis.audio_processing] Listening for audio events (RMS trigger)...
2026-08-31 13:47:48,748 INFO [pid=45788 Thread-2172 (_audio_worker) spectrum_analysis.audio_processing] Recording started.
2026-08-31 13:47:48,885 WARNING [pid=45788 Thread-2172 (_audio_worker) spectrum_analysis.audio_processing] Max recording length reached.
2026-08-31 13:47:49,263 INFO [pid=45788 gui-measure_auto dune_tension.tensiometer] Sample of wire 68: measured frequency 146.30 Hz {'length': 0.6564, 'frequency': 146.30367363823785, 'tension': 5.682743368618877} with confidence 1.00 (amp=0.0000, harm=0.0000)
2026-08-31 13:47:49,278 INFO [pid=45788 gui-measure_auto dune_tension.tensiometer] Result: wire 68 length 656.4 mm tension 5.7 N frequency 146.3 Hz confidence 1.00 at 1298.6568603515625,500.88958740234375 focus 6344. Took 0.76 seconds.
2026-08-31 13:47:49,314 INFO [pid=45788 MainThread dune_tension.gui.app] GUI heartbeat. measurement_active=True active_measurement=measure auto focus=6344 threads=8 vmsize=6167540 kB vmhwm=2220744 kB vmrss=1427236 kB
2026-08-31 13:47:49,323 INFO [pid=45788 gui-measure_auto dune_tension.tensiometer] Timing profile for list wire 68: total=3.34s stages=[wire_total_wall=3.34s, collect_samples=1.77s, move_to_measurement_pose=1.23s, acquire_audio=1.08s, strum=1.08s, analyze_audio=0.60s, wait_for_audio_trigger=0.43s, reset_plc_before_move=0.23s, reset_plc_before_persist=0.05s, reset_plc_after_collect=0.04s, append_result=0.02s, summary_refresh=0.00s, plan_measurement_pose=0.00s, merge_results=0.00s]
2026-08-31 13:47:49,325 INFO [pid=45788 gui-measure_auto dune_tension.tensiometer] Measuring wire 67 at 1294.6633083964675,498.01354733132507 focus=6224
2026-08-31 13:47:49,881 INFO [pid=45788 gui-monitor-tension-logs dune_tension.gui.actions] Updated tension logs for APA-US-013 layer V
2026-08-31 13:47:50,501 INFO [pid=45788 Thread-2177 (_audio_worker) spectrum_analysis.audio_processing] Listening for audio events (RMS trigger)...
2026-08-31 13:47:50,681 INFO [pid=45788 Thread-2177 (_audio_worker) spectrum_analysis.audio_processing] Recording started.
2026-08-31 13:47:50,832 WARNING [pid=45788 Thread-2177 (_audio_worker) spectrum_analysis.audio_processing] Max recording length reached.
2026-08-31 13:47:51,494 INFO [pid=45788 gui-measure_auto dune_tension.tensiometer] Sample of wire 67: measured frequency 152.16 Hz {'length': 0.6465, 'frequency': 152.16488647460938, 'tension': 5.96315897599055} with confidence 1.00 (amp=0.0000, harm=0.0000)
2026-08-31 13:47:51,531 INFO [pid=45788 gui-measure_auto dune_tension.tensiometer] Result: wire 67 length 646.5 mm tension 6.0 N frequency 152.2 Hz confidence 1.00 at 1294.6612548828125,498.0138854980469 focus 6344. Took 1.07 seconds.
2026-08-31 13:47:51,552 WARNING [pid=45788 gui-measure_auto dune_tension.tensiometer] Wire 67 tension 5.96 N flagged as an outlier versus nearby wires; remeasuring and keeping only the second measurement.
2026-08-31 13:47:52,511 INFO [pid=45788 Thread-2180 (_audio_worker) spectrum_analysis.audio_processing] Listening for audio events (RMS trigger)...
2026-08-31 13:47:52,661 INFO [pid=45788 Thread-2180 (_audio_worker) spectrum_analysis.audio_processing] Recording started.
2026-08-31 13:47:52,831 WARNING [pid=45788 Thread-2180 (_audio_worker) spectrum_analysis.audio_processing] Max recording length reached.
2026-08-31 13:47:52,900 INFO [pid=45788 gui-monitor-tension-logs dune_tension.gui.actions] Updated tension logs for APA-US-013 layer V
2026-08-31 13:47:53,358 INFO [pid=45788 gui-measure_auto dune_tension.tensiometer] Sample of wire 67: measured frequency 151.49 Hz {'length': 0.6465, 'frequency': 151.48649406433105, 'tension': 5.910106734792541} with confidence 1.00 (amp=0.0000, harm=0.0000)
2026-08-31 13:47:53,374 INFO [pid=45788 gui-measure_auto dune_tension.tensiometer] Result: wire 67 length 646.5 mm tension 5.9 N frequency 151.5 Hz confidence 1.00 at 1295.0623779296875,498.0140075683594 focus 6344. Took 0.89 seconds.
2026-08-31 13:47:53,459 INFO [pid=45788 gui-measure_auto dune_tension.tensiometer] Timing profile for list wire 67: total=4.13s stages=[wire_total_wall=4.13s, move_to_measurement_pose=1.98s, collect_samples=1.91s, acquire_audio=1.05s, strum=1.05s, analyze_audio=0.83s, wait_for_audio_trigger=0.38s, reset_plc_before_move=0.10s, reset_plc_before_persist=0.06s, reset_plc_after_collect=0.05s, summary_refresh=0.02s, append_result=0.01s, plan_measurement_pose=0.00s, merge_results=0.00s]
2026-08-31 13:47:53,460 INFO [pid=45788 gui-measure_auto dune_tension.tensiometer] Measuring wire 66 at 1290.6705233154614,495.1369502252938 focus=6223
2026-08-31 13:47:54,868 INFO [pid=45788 Thread-2184 (_audio_worker) spectrum_analysis.audio_processing] Listening for audio events (RMS trigger)...
2026-08-31 13:47:55,028 INFO [pid=45788 Thread-2184 (_audio_worker) spectrum_analysis.audio_processing] Recording started.
2026-08-31 13:47:55,200 WARNING [pid=45788 Thread-2184 (_audio_worker) spectrum_analysis.audio_processing] Max recording length reached.
2026-08-31 13:47:55,455 INFO [pid=45788 gui-monitor-tension-logs dune_tension.gui.actions] Updated tension logs for APA-US-013 layer V
2026-08-31 13:47:56,214 INFO [pid=45788 gui-measure_auto dune_tension.tensiometer] Sample of wire 66: measured frequency 154.82 Hz {'length': 0.6367, 'frequency': 154.8206553141276, 'tension': 5.987395395901876} with confidence 1.00 (amp=0.0000, harm=0.3070)
2026-08-31 13:47:56,236 INFO [pid=45788 gui-measure_auto dune_tension.tensiometer] Result: wire 66 length 636.7 mm tension 6.0 N frequency 154.8 Hz confidence 1.00 at 1290.67041015625,495.13690185546875 focus 6344. Took 1.40 seconds.
2026-08-31 13:47:56,355 WARNING [pid=45788 gui-measure_auto dune_tension.tensiometer] Wire 66 tension 5.99 N flagged as an outlier versus nearby wires; remeasuring and keeping only the second measurement.
2026-08-31 13:47:56,466 INFO [pid=45788 Thread-2187 (_audio_worker) spectrum_analysis.audio_processing] Listening for audio events (RMS trigger)...
2026-08-31 13:47:56,607 INFO [pid=45788 Thread-2187 (_audio_worker) spectrum_analysis.audio_processing] Recording started.
2026-08-31 13:47:56,792 WARNING [pid=45788 Thread-2187 (_audio_worker) spectrum_analysis.audio_processing] Max recording length reached.
2026-08-31 13:47:57,069 INFO [pid=45788 gui-measure_auto dune_tension.tensiometer] Sample of wire 66: measured frequency 154.39 Hz {'length': 0.6367, 'frequency': 154.3865485558143, 'tension': 5.9538659569122405} with confidence 1.00 (amp=0.0000, harm=0.0000)
2026-08-31 13:47:57,179 INFO [pid=45788 gui-measure_auto dune_tension.tensiometer] Result: wire 66 length 636.7 mm tension 6.0 N frequency 154.4 Hz confidence 1.00 at 1290.67138671875,495.1368103027344 focus 6344. Took 0.74 seconds.
2026-08-31 13:47:57,217 INFO [pid=45788 gui-measure_auto dune_tension.tensiometer] Timing profile for list wire 66: total=3.76s stages=[wire_total_wall=3.76s, collect_samples=2.01s, move_to_measurement_pose=1.37s, acquire_audio=1.07s, strum=1.07s, analyze_audio=0.91s, wait_for_audio_trigger=0.35s, reset_plc_after_collect=0.13s, reset_plc_before_move=0.09s, reset_plc_before_persist=0.07s, summary_refresh=0.06s, append_result=0.02s, plan_measurement_pose=0.00s, merge_results=0.00s]
2026-08-31 13:47:57,218 INFO [pid=45788 gui-measure_auto dune_tension.tensiometer] Measuring wire 65 at 1286.6777383510937,492.2602756397223 focus=6223
2026-08-31 13:47:57,915 INFO [pid=45788 gui-monitor-tension-logs dune_tension.gui.actions] Updated tension logs for APA-US-013 layer V
2026-08-31 13:47:58,426 INFO [pid=45788 Thread-2190 (_audio_worker) spectrum_analysis.audio_processing] Listening for audio events (RMS trigger)...
2026-08-31 13:47:58,591 INFO [pid=45788 Thread-2190 (_audio_worker) spectrum_analysis.audio_processing] Recording started.
2026-08-31 13:47:58,767 WARNING [pid=45788 Thread-2190 (_audio_worker) spectrum_analysis.audio_processing] Max recording length reached.
2026-08-31 13:47:59,602 INFO [pid=45788 gui-measure_auto dune_tension.tensiometer] Sample of wire 65: measured frequency 156.76 Hz {'length': 0.6267999999999999, 'frequency': 156.75785675362937, 'tension': 5.948768195932701} with confidence 0.00 (amp=0.0000, harm=0.0000)
2026-08-31 13:47:59,602 INFO [pid=45788 gui-measure_auto dune_tension.tensiometer] Optimizer next pose: x=1292.960640241038 y=487.7394333204063 focus=6344
2026-08-31 13:47:59,653 INFO [pid=45788 Thread-2193 (_audio_worker) spectrum_analysis.audio_processing] Listening for audio events (RMS trigger)...
2026-08-31 13:47:59,806 INFO [pid=45788 Thread-2193 (_audio_worker) spectrum_analysis.audio_processing] Recording started.
2026-08-31 13:47:59,845 INFO [pid=45788 gui-monitor-tension-logs dune_tension.gui.actions] Updated tension logs for APA-US-013 layer V
2026-08-31 13:47:59,981 WARNING [pid=45788 Thread-2193 (_audio_worker) spectrum_analysis.audio_processing] Max recording length reached.
2026-08-31 13:48:00,344 INFO [pid=45788 gui-measure_auto dune_tension.tensiometer] Sample of wire 65: measured frequency 152.24 Hz {'length': 0.6267999999999999, 'frequency': 152.2425860236673, 'tension': 5.611005790335752} with confidence 1.00 (amp=0.0000, harm=0.0000)
2026-08-31 13:48:00,357 INFO [pid=45788 gui-measure_auto dune_tension.tensiometer] Result: wire 65 length 626.8 mm tension 5.6 N frequency 152.2 Hz confidence 1.00 at 1286.67919921875,492.2587890625 focus 6344. Took 1.96 seconds.
2026-08-31 13:48:00,376 INFO [pid=45788 gui-measure_auto dune_tension.tensiometer] Timing profile for list wire 65: total=3.16s stages=[wire_total_wall=3.16s, collect_samples=1.94s, move_to_measurement_pose=1.17s, strum=1.07s, acquire_audio=1.07s, analyze_audio=0.81s, wait_for_audio_trigger=0.36s, optimizer_move=0.03s, reset_plc_after_collect=0.01s, reset_plc_before_persist=0.01s, reset_plc_before_move=0.01s, append_result=0.01s, plan_measurement_pose=0.00s, summary_refresh=0.00s, merge_results=0.00s]
2026-08-31 13:48:00,382 INFO [pid=45788 gui-measure_auto dune_tension.tensiometer] Measuring wire 64 at 1282.6849535064798,489.38352150156686 focus=6222
2026-08-31 13:48:01,857 INFO [pid=45788 gui-monitor-tension-logs dune_tension.gui.actions] Updated tension logs for APA-US-013 layer V
2026-08-31 13:48:02,630 INFO [pid=45788 Thread-2197 (_audio_worker) spectrum_analysis.audio_processing] Listening for audio events (RMS trigger)...
2026-08-31 13:48:02,794 INFO [pid=45788 Thread-2197 (_audio_worker) spectrum_analysis.audio_processing] Recording started.
2026-08-31 13:48:02,966 WARNING [pid=45788 Thread-2197 (_audio_worker) spectrum_analysis.audio_processing] Max recording length reached.
2026-08-31 13:48:03,454 INFO [pid=45788 gui-measure_auto dune_tension.tensiometer] Sample of wire 64: measured frequency 153.80 Hz {'length': 0.617, 'frequency': 153.80328178405762, 'tension': 5.548964793057753} with confidence 1.00 (amp=0.0000, harm=0.0000)
2026-08-31 13:48:03,473 INFO [pid=45788 gui-measure_auto dune_tension.tensiometer] Result: wire 64 length 617.0 mm tension 5.5 N frequency 153.8 Hz confidence 1.00 at 1282.6849365234375,489.37078857421875 focus 6344. Took 0.88 seconds.
2026-08-31 13:48:03,510 INFO [pid=45788 gui-measure_auto dune_tension.tensiometer] Timing profile for list wire 64: total=3.13s stages=[wire_total_wall=3.13s, move_to_measurement_pose=2.19s, collect_samples=0.86s, acquire_audio=0.53s, strum=0.53s, analyze_audio=0.31s, wait_for_audio_trigger=0.18s, reset_plc_before_persist=0.03s, reset_plc_before_move=0.03s, reset_plc_after_collect=0.02s, append_result=0.01s, plan_measurement_pose=0.00s, summary_refresh=0.00s, merge_results=0.00s]
2026-08-31 13:48:03,510 INFO [pid=45788 gui-measure_auto dune_tension.tensiometer] Measuring wire 63 at 1278.6921687848476,486.5066856631636 focus=6221
2026-08-31 13:48:04,363 INFO [pid=45788 MainThread dune_tension.gui.app] GUI heartbeat. measurement_active=True active_measurement=measure auto focus=6344 threads=7 vmsize=6069208 kB vmhwm=2220744 kB vmrss=1335688 kB
2026-08-31 13:48:04,884 INFO [pid=45788 Thread-2200 (_audio_worker) spectrum_analysis.audio_processing] Listening for audio events (RMS trigger)...
2026-08-31 13:48:05,034 INFO [pid=45788 Thread-2200 (_audio_worker) spectrum_analysis.audio_processing] Recording started.
2026-08-31 13:48:05,205 WARNING [pid=45788 Thread-2200 (_audio_worker) spectrum_analysis.audio_processing] Max recording length reached.
2026-08-31 13:48:05,258 INFO [pid=45788 gui-monitor-tension-logs dune_tension.gui.actions] Updated tension logs for APA-US-013 layer V
2026-08-31 13:48:06,228 INFO [pid=45788 gui-measure_auto dune_tension.tensiometer] Sample of wire 63: measured frequency 159.71 Hz {'length': 0.6071, 'frequency': 159.71223539464614, 'tension': 5.7930500260304765} with confidence 1.00 (amp=0.0000, harm=0.0000)
2026-08-31 13:48:06,265 INFO [pid=45788 gui-measure_auto dune_tension.tensiometer] Result: wire 63 length 607.1 mm tension 5.8 N frequency 159.7 Hz confidence 1.00 at 1278.6922607421875,486.5000915527344 focus 6344. Took 1.41 seconds.
2026-08-31 13:48:06,374 INFO [pid=45788 gui-measure_auto dune_tension.tensiometer] Timing profile for list wire 63: total=2.86s stages=[wire_total_wall=2.86s, collect_samples=1.37s, move_to_measurement_pose=1.33s, analyze_audio=0.84s, acquire_audio=0.51s, strum=0.51s, wait_for_audio_trigger=0.17s, reset_plc_before_persist=0.10s, reset_plc_after_collect=0.04s, reset_plc_before_move=0.02s, append_result=0.00s, summary_refresh=0.00s, plan_measurement_pose=0.00s, merge_results=0.00s]
2026-08-31 13:48:06,374 INFO [pid=45788 gui-measure_auto dune_tension.tensiometer] Measuring wire 62 at 1274.699384189541,483.62976589883937 focus=6221
2026-08-31 13:48:07,481 INFO [pid=45788 Thread-2204 (_audio_worker) spectrum_analysis.audio_processing] Listening for audio events (RMS trigger)...
2026-08-31 13:48:07,636 INFO [pid=45788 Thread-2204 (_audio_worker) spectrum_analysis.audio_processing] Recording started.
2026-08-31 13:48:07,686 INFO [pid=45788 gui-monitor-tension-logs dune_tension.gui.actions] Updated tension logs for APA-US-013 layer V
2026-08-31 13:48:07,840 WARNING [pid=45788 Thread-2204 (_audio_worker) spectrum_analysis.audio_processing] Max recording length reached.
2026-08-31 13:48:08,604 INFO [pid=45788 gui-measure_auto dune_tension.tensiometer] Sample of wire 62: measured frequency 161.55 Hz {'length': 0.5972999999999999, 'frequency': 161.55115966796876, 'tension': 5.737406562365472} with confidence 1.00 (amp=0.0000, harm=0.0000)
2026-08-31 13:48:08,617 INFO [pid=45788 gui-measure_auto dune_tension.tensiometer] Result: wire 62 length 597.3 mm tension 5.7 N frequency 161.6 Hz confidence 1.00 at 1274.6971435546875,483.6289978027344 focus 6344. Took 1.17 seconds.
2026-08-31 13:48:08,654 INFO [pid=45788 gui-measure_auto dune_tension.tensiometer] Timing profile for list wire 62: total=2.28s stages=[wire_total_wall=2.28s, collect_samples=1.15s, move_to_measurement_pose=1.06s, analyze_audio=0.61s, acquire_audio=0.53s, strum=0.53s, wait_for_audio_trigger=0.17s, reset_plc_before_persist=0.02s, reset_plc_before_move=0.02s, append_result=0.01s, reset_plc_after_collect=0.01s, summary_refresh=0.00s, plan_measurement_pose=0.00s, merge_results=0.00s]
2026-08-31 13:48:08,654 INFO [pid=45788 gui-measure_auto dune_tension.tensiometer] Measuring wire 61 at 1270.706644021357,480.759199283516 focus=6220
2026-08-31 13:48:10,027 INFO [pid=45788 Thread-2208 (_audio_worker) spectrum_analysis.audio_processing] Listening for audio events (RMS trigger)...
2026-08-31 13:48:10,175 INFO [pid=45788 Thread-2208 (_audio_worker) spectrum_analysis.audio_processing] Recording started.
2026-08-31 13:48:10,346 WARNING [pid=45788 Thread-2208 (_audio_worker) spectrum_analysis.audio_processing] Max recording length reached.
2026-08-31 13:48:10,594 INFO [pid=45788 gui-monitor-tension-logs dune_tension.gui.actions] Updated tension logs for APA-US-013 layer V
2026-08-31 13:48:10,955 INFO [pid=45788 gui-measure_auto dune_tension.tensiometer] Sample of wire 61: measured frequency 164.71 Hz {'length': 0.5873999999999999, 'frequency': 164.70664466765402, 'tension': 5.767672084164491} with confidence 1.00 (amp=0.0000, harm=0.0000)
2026-08-31 13:48:10,987 INFO [pid=45788 gui-measure_auto dune_tension.tensiometer] Result: wire 61 length 587.4 mm tension 5.8 N frequency 164.7 Hz confidence 1.00 at 1270.70751953125,480.7605895996094 focus 6344. Took 1.01 seconds.
2026-08-31 13:48:11,006 INFO [pid=45788 gui-measure_auto dune_tension.tensiometer] Timing profile for list wire 61: total=2.35s stages=[wire_total_wall=2.35s, move_to_measurement_pose=1.31s, collect_samples=0.97s, acquire_audio=0.53s, strum=0.53s, analyze_audio=0.43s, wait_for_audio_trigger=0.19s, reset_plc_after_collect=0.03s, reset_plc_before_persist=0.01s, reset_plc_before_move=0.01s, append_result=0.00s, summary_refresh=0.00s, plan_measurement_pose=0.00s, merge_results=0.00s]
2026-08-31 13:48:11,006 INFO [pid=45788 gui-measure_auto dune_tension.tensiometer] Measuring wire 60 at 1266.7138611104424,477.8929235007607 focus=6219
2026-08-31 13:48:12,721 INFO [pid=45788 gui-monitor-tension-logs dune_tension.gui.actions] Updated tension logs for APA-US-013 layer V
2026-08-31 13:48:12,818 INFO [pid=45788 Thread-2212 (_audio_worker) spectrum_analysis.audio_processing] Listening for audio events (RMS trigger)...
2026-08-31 13:48:12,975 INFO [pid=45788 Thread-2212 (_audio_worker) spectrum_analysis.audio_processing] Recording started.
2026-08-31 13:48:13,143 WARNING [pid=45788 Thread-2212 (_audio_worker) spectrum_analysis.audio_processing] Max recording length reached.
2026-08-31 13:48:13,661 INFO [pid=45788 gui-measure_auto dune_tension.tensiometer] Sample of wire 60: measured frequency 163.93 Hz {'length': 0.5776, 'frequency': 163.92761769014245, 'tension': 5.524195765211606} with confidence 1.00 (amp=0.0000, harm=0.0000)
2026-08-31 13:48:13,693 INFO [pid=45788 gui-measure_auto dune_tension.tensiometer] Result: wire 60 length 577.6 mm tension 5.5 N frequency 163.9 Hz confidence 1.00 at 1266.7132568359375,477.8861083984375 focus 6344. Took 0.91 seconds.
2026-08-31 13:48:13,802 WARNING [pid=45788 gui-measure_auto dune_tension.tensiometer] Wire 60 tension 5.52 N flagged as an outlier versus nearby wires; remeasuring and keeping only the second measurement.
2026-08-31 13:48:13,909 INFO [pid=45788 Thread-2215 (_audio_worker) spectrum_analysis.audio_processing] Listening for audio events (RMS trigger)...
2026-08-31 13:48:14,060 INFO [pid=45788 Thread-2215 (_audio_worker) spectrum_analysis.audio_processing] Recording started.
2026-08-31 13:48:14,396 WARNING [pid=45788 Thread-2215 (_audio_worker) spectrum_analysis.audio_processing] Max recording length reached.
2026-08-31 13:48:14,715 INFO [pid=45788 gui-measure_auto dune_tension.tensiometer] Sample of wire 60: measured frequency 163.68 Hz {'length': 0.5776, 'frequency': 163.6767781575521, 'tension': 5.507302620238083} with confidence 1.00 (amp=0.0000, harm=0.0000)
2026-08-31 13:48:14,737 INFO [pid=45788 gui-measure_auto dune_tension.tensiometer] Result: wire 60 length 577.6 mm tension 5.5 N frequency 163.7 Hz confidence 1.00 at 1266.71337890625,477.8919982910156 focus 6344. Took 0.86 seconds.
2026-08-31 13:48:14,804 INFO [pid=45788 gui-measure_auto dune_tension.tensiometer] Timing profile for list wire 60: total=3.80s stages=[wire_total_wall=3.80s, collect_samples=1.73s, move_to_measurement_pose=1.66s, acquire_audio=1.14s, strum=1.14s, analyze_audio=0.46s, wait_for_audio_trigger=0.35s, reset_plc_before_move=0.20s, append_result=0.11s, reset_plc_before_persist=0.06s, reset_plc_after_collect=0.04s, summary_refresh=0.01s, plan_measurement_pose=0.00s, merge_results=0.00s]
2026-08-31 13:48:14,806 INFO [pid=45788 gui-measure_auto dune_tension.tensiometer] Measuring wire 59 at 1262.7210782353286,475.0266239618153 focus=6219
2026-08-31 13:48:15,412 INFO [pid=45788 gui-monitor-tension-logs dune_tension.gui.actions] Updated tension logs for APA-US-013 layer V
2026-08-31 13:48:16,024 INFO [pid=45788 Thread-2220 (_audio_worker) spectrum_analysis.audio_processing] Listening for audio events (RMS trigger)...
2026-08-31 13:48:16,172 INFO [pid=45788 Thread-2220 (_audio_worker) spectrum_analysis.audio_processing] Recording started.
2026-08-31 13:48:16,354 WARNING [pid=45788 Thread-2220 (_audio_worker) spectrum_analysis.audio_processing] Max recording length reached.
2026-08-31 13:48:17,011 INFO [pid=45788 gui-measure_auto dune_tension.tensiometer] Sample of wire 59: measured frequency 157.76 Hz {'length': 0.5677000000000001, 'frequency': 157.76069252861052, 'tension': 4.942490384841025} with confidence 1.00 (amp=0.0000, harm=0.0000)
2026-08-31 13:48:17,061 INFO [pid=45788 gui-measure_auto dune_tension.tensiometer] Result: wire 59 length 567.7 mm tension 4.9 N frequency 157.8 Hz confidence 1.00 at 1262.7216796875,475.0321044921875 focus 6344. Took 1.08 seconds.
2026-08-31 13:48:17,160 WARNING [pid=45788 gui-measure_auto dune_tension.tensiometer] Wire 59 tension 4.94 N flagged as an outlier versus nearby wires; remeasuring and keeping only the second measurement.
2026-08-31 13:48:17,259 INFO [pid=45788 Thread-2222 (_audio_worker) spectrum_analysis.audio_processing] Listening for audio events (RMS trigger)...
2026-08-31 13:48:17,407 INFO [pid=45788 Thread-2222 (_audio_worker) spectrum_analysis.audio_processing] Recording started.
2026-08-31 13:48:17,586 WARNING [pid=45788 Thread-2222 (_audio_worker) spectrum_analysis.audio_processing] Max recording length reached.
2026-08-31 13:48:17,901 INFO [pid=45788 gui-measure_auto dune_tension.tensiometer] Sample of wire 59: measured frequency 157.60 Hz {'length': 0.5677000000000001, 'frequency': 157.59604279691652, 'tension': 4.932179133730946} with confidence 1.00 (amp=0.0000, harm=0.0000)
2026-08-31 13:48:17,938 INFO [pid=45788 gui-measure_auto dune_tension.tensiometer] Result: wire 59 length 567.7 mm tension 4.9 N frequency 157.6 Hz confidence 1.00 at 1262.721435546875,475.0262145996094 focus 6344. Took 0.71 seconds.
2026-08-31 13:48:17,955 INFO [pid=45788 gui-measure_auto dune_tension.tensiometer] Timing profile for list wire 59: total=3.15s stages=[wire_total_wall=3.15s, collect_samples=1.70s, move_to_measurement_pose=1.18s, acquire_audio=1.06s, strum=1.06s, analyze_audio=0.59s, wait_for_audio_trigger=0.35s, append_result=0.09s, reset_plc_after_collect=0.08s, reset_plc_before_move=0.06s, reset_plc_before_persist=0.02s, summary_refresh=0.00s, plan_measurement_pose=0.00s, merge_results=0.00s]
2026-08-31 13:48:17,956 INFO [pid=45788 gui-measure_auto dune_tension.tensiometer] Measuring wire 58 at 1258.7282953970266,472.16029999512233 focus=6218
2026-08-31 13:48:18,532 INFO [pid=45788 gui-monitor-tension-logs dune_tension.gui.actions] Updated tension logs for APA-US-013 layer V
2026-08-31 13:48:19,378 INFO [pid=45788 MainThread dune_tension.gui.app] GUI heartbeat. measurement_active=True active_measurement=measure auto focus=6344 threads=7 vmsize=6127904 kB vmhwm=2220744 kB vmrss=1386680 kB
2026-08-31 13:48:19,415 INFO [pid=45788 Thread-2227 (_audio_worker) spectrum_analysis.audio_processing] Listening for audio events (RMS trigger)...
2026-08-31 13:48:19,567 INFO [pid=45788 Thread-2227 (_audio_worker) spectrum_analysis.audio_processing] Recording started.
2026-08-31 13:48:19,747 WARNING [pid=45788 Thread-2227 (_audio_worker) spectrum_analysis.audio_processing] Max recording length reached.
2026-08-31 13:48:20,299 INFO [pid=45788 gui-measure_auto dune_tension.tensiometer] Sample of wire 58: measured frequency 56.27 Hz {'length': 0.5579, 'frequency': 56.27451386146769, 'tension': 0.6073606669186212} with confidence 0.00 (amp=0.0000, harm=0.0000)
2026-08-31 13:48:20,300 INFO [pid=45788 gui-measure_auto dune_tension.tensiometer] Optimizer next pose: x=1258.5506780295407 y=472.28796247800284 focus=6344
2026-08-31 13:48:20,448 INFO [pid=45788 Thread-2229 (_audio_worker) spectrum_analysis.audio_processing] Listening for audio events (RMS trigger)...
2026-08-31 13:48:20,619 INFO [pid=45788 Thread-2229 (_audio_worker) spectrum_analysis.audio_processing] Recording started.
2026-08-31 13:48:20,778 WARNING [pid=45788 Thread-2229 (_audio_worker) spectrum_analysis.audio_processing] Max recording length reached.
2026-08-31 13:48:20,996 INFO [pid=45788 gui-measure_auto dune_tension.tensiometer] Sample of wire 58: measured frequency 170.98 Hz {'length': 0.5579, 'frequency': 170.98048546200707, 'tension': 5.606815316451891} with confidence 1.00 (amp=0.0000, harm=0.2212)
2026-08-31 13:48:21,151 INFO [pid=45788 gui-measure_auto dune_tension.tensiometer] Result: wire 58 length 557.9 mm tension 5.6 N frequency 171.0 Hz confidence 1.00 at 1258.729248046875,472.15789794921875 focus 6344. Took 1.79 seconds.
2026-08-31 13:48:21,185 INFO [pid=45788 gui-measure_auto dune_tension.tensiometer] Timing profile for list wire 58: total=3.23s stages=[wire_total_wall=3.23s, collect_samples=1.63s, move_to_measurement_pose=1.38s, acquire_audio=1.10s, strum=1.10s, wait_for_audio_trigger=0.44s, analyze_audio=0.42s, reset_plc_after_collect=0.15s, optimizer_move=0.05s, reset_plc_before_move=0.03s, reset_plc_before_persist=0.03s, append_result=0.00s, summary_refresh=0.00s, plan_measurement_pose=0.00s, merge_results=0.00s]
2026-08-31 13:48:21,185 INFO [pid=45788 gui-measure_auto dune_tension.tensiometer] Measuring wire 57 at 1254.7355125965873,469.29395090357224 focus=6218
2026-08-31 13:48:22,290 INFO [pid=45788 Thread-2232 (_audio_worker) spectrum_analysis.audio_processing] Listening for audio events (RMS trigger)...
2026-08-31 13:48:22,442 INFO [pid=45788 Thread-2232 (_audio_worker) spectrum_analysis.audio_processing] Recording started.
2026-08-31 13:48:22,613 WARNING [pid=45788 Thread-2232 (_audio_worker) spectrum_analysis.audio_processing] Max recording length reached.
2026-08-31 13:48:22,761 INFO [pid=45788 gui-monitor-tension-logs dune_tension.gui.actions] Updated tension logs for APA-US-013 layer V
2026-08-31 13:48:23,414 INFO [pid=45788 gui-measure_auto dune_tension.tensiometer] Sample of wire 57: measured frequency 172.56 Hz {'length': 0.548, 'frequency': 172.56370561530943, 'tension': 5.510239427055653} with confidence 0.70 (amp=0.0000, harm=0.0000)
2026-08-31 13:48:23,453 INFO [pid=45788 gui-measure_auto dune_tension.tensiometer] Result: wire 57 length 548.0 mm tension 5.5 N frequency 172.6 Hz confidence 0.70 at 1254.7337646484375,469.2915954589844 focus 6344. Took 1.19 seconds.
2026-08-31 13:48:23,487 INFO [pid=45788 gui-measure_auto dune_tension.tensiometer] Timing profile for list wire 57: total=2.30s stages=[wire_total_wall=2.30s, collect_samples=1.16s, move_to_measurement_pose=1.05s, analyze_audio=0.62s, acquire_audio=0.52s, strum=0.52s, wait_for_audio_trigger=0.17s, reset_plc_after_collect=0.04s, reset_plc_before_move=0.03s, reset_plc_before_persist=0.02s, append_result=0.01s, summary_refresh=0.00s, plan_measurement_pose=0.00s, merge_results=0.00s]
2026-08-31 13:48:23,489 INFO [pid=45788 gui-measure_auto dune_tension.tensiometer] Measuring wire 56 at 1250.7427298351008,466.4275759632753 focus=6217
2026-08-31 13:48:24,612 INFO [pid=45788 Thread-2236 (_audio_worker) spectrum_analysis.audio_processing] Listening for audio events (RMS trigger)...
2026-08-31 13:48:24,767 INFO [pid=45788 Thread-2236 (_audio_worker) spectrum_analysis.audio_processing] Recording started.
2026-08-31 13:48:24,938 WARNING [pid=45788 Thread-2236 (_audio_worker) spectrum_analysis.audio_processing] Max recording length reached.
2026-08-31 13:48:25,012 INFO [pid=45788 gui-monitor-tension-logs dune_tension.gui.actions] Updated tension logs for APA-US-013 layer V
2026-08-31 13:48:25,912 INFO [pid=45788 gui-measure_auto dune_tension.tensiometer] Sample of wire 56: measured frequency 179.75 Hz {'length': 0.5382, 'frequency': 179.74818111897176, 'tension': 5.766693009123403} with confidence 0.13 (amp=0.0000, harm=0.0000)
2026-08-31 13:48:25,912 INFO [pid=45788 gui-measure_auto dune_tension.tensiometer] Optimizer next pose: x=1243.0058058280042 y=471.99082599300675 focus=6344
2026-08-31 13:48:26,054 INFO [pid=45788 Thread-2239 (_audio_worker) spectrum_analysis.audio_processing] Listening for audio events (RMS trigger)...
2026-08-31 13:48:26,389 INFO [pid=45788 Thread-2239 (_audio_worker) spectrum_analysis.audio_processing] Recording started.
2026-08-31 13:48:26,561 WARNING [pid=45788 Thread-2239 (_audio_worker) spectrum_analysis.audio_processing] Max recording length reached.
2026-08-31 13:48:26,785 INFO [pid=45788 gui-measure_auto dune_tension.tensiometer] Sample of wire 56: measured frequency 180.00 Hz {'length': 0.5382, 'frequency': 180.00305374319626, 'tension': 5.783058284115956} with confidence 0.96 (amp=0.0000, harm=0.3091)
2026-08-31 13:48:26,809 INFO [pid=45788 gui-measure_auto dune_tension.tensiometer] Result: wire 56 length 538.2 mm tension 5.8 N frequency 180.0 Hz confidence 0.96 at 1250.742431640625,466.427001953125 focus 6344. Took 2.22 seconds.
2026-08-31 13:48:26,831 INFO [pid=45788 gui-measure_auto dune_tension.tensiometer] Timing profile for list wire 56: total=3.34s stages=[wire_total_wall=3.34s, collect_samples=2.20s, acquire_audio=1.28s, strum=1.28s, move_to_measurement_pose=1.07s, analyze_audio=0.83s, wait_for_audio_trigger=0.59s, optimizer_move=0.05s, reset_plc_before_move=0.03s, reset_plc_after_collect=0.02s, reset_plc_before_persist=0.01s, append_result=0.01s, summary_refresh=0.00s, plan_measurement_pose=0.00s, merge_results=0.00s]
2026-08-31 13:48:26,832 INFO [pid=45788 gui-measure_auto dune_tension.tensiometer] Measuring wire 55 at 1246.7499471136996,463.5611744222633 focus=6216
2026-08-31 13:48:28,649 INFO [pid=45788 gui-monitor-tension-logs dune_tension.gui.actions] Updated tension logs for APA-US-013 layer V
2026-08-31 13:48:29,574 INFO [pid=45788 Thread-2243 (_audio_worker) spectrum_analysis.audio_processing] Listening for audio events (RMS trigger)...
2026-08-31 13:48:29,738 INFO [pid=45788 Thread-2243 (_audio_worker) spectrum_analysis.audio_processing] Recording started.
2026-08-31 13:48:29,911 WARNING [pid=45788 Thread-2243 (_audio_worker) spectrum_analysis.audio_processing] Max recording length reached.
2026-08-31 13:48:30,375 INFO [pid=45788 gui-measure_auto dune_tension.tensiometer] Sample of wire 55: measured frequency 179.62 Hz {'length': 0.5283, 'frequency': 179.62454437895474, 'tension': 5.548850411280796} with confidence 0.98 (amp=0.0000, harm=0.0000)
2026-08-31 13:48:30,407 INFO [pid=45788 gui-measure_auto dune_tension.tensiometer] Result: wire 55 length 528.3 mm tension 5.5 N frequency 179.6 Hz confidence 0.98 at 1247.1556396484375,463.5481872558594 focus 6344. Took 0.86 seconds.
2026-08-31 13:48:30,434 INFO [pid=45788 gui-measure_auto dune_tension.tensiometer] Timing profile for list wire 55: total=3.60s stages=[wire_total_wall=3.60s, move_to_measurement_pose=2.70s, collect_samples=0.83s, acquire_audio=0.53s, strum=0.53s, analyze_audio=0.28s, wait_for_audio_trigger=0.19s, reset_plc_after_collect=0.03s, reset_plc_before_move=0.02s, reset_plc_before_persist=0.02s, summary_refresh=0.01s, append_result=0.00s, plan_measurement_pose=0.00s, merge_results=0.00s]
2026-08-31 13:48:30,435 INFO [pid=45788 gui-measure_auto dune_tension.tensiometer] Measuring wire 54 at 1242.7571644335608,460.6947454991152 focus=6216
2026-08-31 13:48:31,852 INFO [pid=45788 Thread-2246 (_audio_worker) spectrum_analysis.audio_processing] Listening for audio events (RMS trigger)...
2026-08-31 13:48:31,999 INFO [pid=45788 Thread-2246 (_audio_worker) spectrum_analysis.audio_processing] Recording started.
2026-08-31 13:48:32,164 INFO [pid=45788 gui-monitor-tension-logs dune_tension.gui.actions] Updated tension logs for APA-US-013 layer V
2026-08-31 13:48:32,170 WARNING [pid=45788 Thread-2246 (_audio_worker) spectrum_analysis.audio_processing] Max recording length reached.
2026-08-31 13:48:33,034 INFO [pid=45788 gui-measure_auto dune_tension.tensiometer] Sample of wire 54: measured frequency 182.73 Hz {'length': 0.5185, 'frequency': 182.7309405778525, 'tension': 5.531362708072195} with confidence 0.20 (amp=0.0000, harm=0.0000)
2026-08-31 13:48:33,035 INFO [pid=45788 gui-measure_auto dune_tension.tensiometer] Optimizer next pose: x=1241.3602089575193 y=461.70265910743734 focus=6344
2026-08-31 13:48:33,200 INFO [pid=45788 Thread-2249 (_audio_worker) spectrum_analysis.audio_processing] Listening for audio events (RMS trigger)...
2026-08-31 13:48:33,515 INFO [pid=45788 Thread-2249 (_audio_worker) spectrum_analysis.audio_processing] Timeout reached while waiting for audio event.
2026-08-31 13:48:34,134 INFO [pid=45788 gui-measure_auto dune_tension.tensiometer] Sample of wire 54: no audio detected.
2026-08-31 13:48:34,134 INFO [pid=45788 gui-measure_auto dune_tension.tensiometer] Optimizer next pose: x=1237.459436999577 y=464.5063389522083 focus=6344
2026-08-31 13:48:34,385 INFO [pid=45788 MainThread dune_tension.gui.app] GUI heartbeat. measurement_active=True active_measurement=measure auto focus=6344 threads=5 vmsize=6222468 kB vmhwm=2220744 kB vmrss=1487336 kB
2026-08-31 13:48:34,439 INFO [pid=45788 Thread-2250 (_audio_worker) spectrum_analysis.audio_processing] Listening for audio events (RMS trigger)...
2026-08-31 13:48:34,581 INFO [pid=45788 Thread-2250 (_audio_worker) spectrum_analysis.audio_processing] Recording started.
2026-08-31 13:48:34,752 WARNING [pid=45788 Thread-2250 (_audio_worker) spectrum_analysis.audio_processing] Max recording length reached.
2026-08-31 13:48:34,979 INFO [pid=45788 gui-measure_auto dune_tension.tensiometer] Sample of wire 54: measured frequency 40.61 Hz {'length': 0.5185, 'frequency': 40.60670407511401, 'tension': 0.27315140523210296} with confidence 0.08 (amp=0.0000, harm=0.0000)
2026-08-31 13:48:34,979 INFO [pid=45788 gui-measure_auto dune_tension.tensiometer] Optimizer next pose: x=1248.651756451454 y=456.4618593461717 focus=6344
2026-08-31 13:48:35,510 INFO [pid=45788 Thread-2252 (_audio_worker) spectrum_analysis.audio_processing] Listening for audio events (RMS trigger)...
2026-08-31 13:48:35,647 INFO [pid=45788 Thread-2252 (_audio_worker) spectrum_analysis.audio_processing] Recording started.
2026-08-31 13:48:35,819 WARNING [pid=45788 Thread-2252 (_audio_worker) spectrum_analysis.audio_processing] Max recording length reached.
2026-08-31 13:48:36,043 INFO [pid=45788 gui-measure_auto dune_tension.tensiometer] Sample of wire 54: measured frequency 183.78 Hz {'length': 0.5185, 'frequency': 183.77967603928474, 'tension': 5.595036464319195} with confidence 0.98 (amp=0.0000, harm=0.0000)
2026-08-31 13:48:36,074 INFO [pid=45788 gui-measure_auto dune_tension.tensiometer] Result: wire 54 length 518.5 mm tension 5.6 N frequency 183.8 Hz confidence 0.98 at 1237.46044921875,464.518310546875 focus 6344. Took 4.24 seconds.
2026-08-31 13:48:36,098 INFO [pid=45788 gui-measure_auto dune_tension.tensiometer] Timing profile for list wire 54: total=5.66s stages=[wire_total_wall=5.66s, collect_samples=4.21s, acquire_audio=2.56s, strum=2.56s, move_to_measurement_pose=1.27s, optimizer_move=0.82s, analyze_audio=0.77s, wait_for_audio_trigger=0.50s, reset_plc_before_move=0.12s, reset_plc_after_collect=0.03s, append_result=0.01s, reset_plc_before_persist=0.01s, summary_refresh=0.00s, plan_measurement_pose=0.00s, merge_results=0.00s]
2026-08-31 13:48:36,098 INFO [pid=45788 gui-measure_auto dune_tension.tensiometer] Measuring wire 53 at 1238.7643817959074,457.82828838150067 focus=6215
2026-08-31 13:48:37,485 INFO [pid=45788 gui-monitor-tension-logs dune_tension.gui.actions] Updated tension logs for APA-US-013 layer V
2026-08-31 13:48:38,253 INFO [pid=45788 Thread-2256 (_audio_worker) spectrum_analysis.audio_processing] Listening for audio events (RMS trigger)...
2026-08-31 13:48:38,400 INFO [pid=45788 Thread-2256 (_audio_worker) spectrum_analysis.audio_processing] Recording started.
2026-08-31 13:48:38,572 WARNING [pid=45788 Thread-2256 (_audio_worker) spectrum_analysis.audio_processing] Max recording length reached.
2026-08-31 13:48:39,020 INFO [pid=45788 gui-measure_auto dune_tension.tensiometer] Sample of wire 53: measured frequency 187.00 Hz {'length': 0.5086, 'frequency': 186.9995331077642, 'tension': 5.573707741730698} with confidence 1.00 (amp=0.0000, harm=0.0000)
2026-08-31 13:48:39,044 INFO [pid=45788 gui-measure_auto dune_tension.tensiometer] Result: wire 53 length 508.6 mm tension 5.6 N frequency 187.0 Hz confidence 1.00 at 1238.7640380859375,457.8117980957031 focus 6344. Took 0.82 seconds.
2026-08-31 13:48:39,062 INFO [pid=45788 gui-measure_auto dune_tension.tensiometer] Timing profile for list wire 53: total=2.96s stages=[wire_total_wall=2.96s, move_to_measurement_pose=2.10s, collect_samples=0.80s, strum=0.51s, acquire_audio=0.51s, analyze_audio=0.27s, wait_for_audio_trigger=0.17s, reset_plc_after_collect=0.02s, reset_plc_before_move=0.02s, reset_plc_before_persist=0.01s, append_result=0.00s, summary_refresh=0.00s, plan_measurement_pose=0.00s, merge_results=0.00s]
2026-08-31 13:48:39,063 INFO [pid=45788 gui-measure_auto dune_tension.tensiometer] Measuring wire 52 at 1234.7715992020128,454.96180222463624 focus=6214
2026-08-31 13:48:40,151 INFO [pid=45788 Thread-2259 (_audio_worker) spectrum_analysis.audio_processing] Listening for audio events (RMS trigger)...
2026-08-31 13:48:40,314 INFO [pid=45788 Thread-2259 (_audio_worker) spectrum_analysis.audio_processing] Recording started.
2026-08-31 13:48:40,469 WARNING [pid=45788 Thread-2259 (_audio_worker) spectrum_analysis.audio_processing] Max recording length reached.
2026-08-31 13:48:40,847 INFO [pid=45788 gui-monitor-tension-logs dune_tension.gui.actions] Updated tension logs for APA-US-013 layer V
2026-08-31 13:48:40,973 INFO [pid=45788 gui-measure_auto dune_tension.tensiometer] Sample of wire 52: measured frequency 190.67 Hz {'length': 0.4987, 'frequency': 190.6659003670335, 'tension': 5.571026576283762} with confidence 0.30 (amp=0.0000, harm=0.0000)
2026-08-31 13:48:40,974 INFO [pid=45788 gui-measure_auto dune_tension.tensiometer] Optimizer next pose: x=1235.8873621000364 y=454.156371240843 focus=6344
2026-08-31 13:48:41,048 INFO [pid=45788 Thread-2260 (_audio_worker) spectrum_analysis.audio_processing] Listening for audio events (RMS trigger)...
2026-08-31 13:48:41,203 INFO [pid=45788 Thread-2260 (_audio_worker) spectrum_analysis.audio_processing] Recording started.
2026-08-31 13:48:41,365 WARNING [pid=45788 Thread-2260 (_audio_worker) spectrum_analysis.audio_processing] Max recording length reached.
2026-08-31 13:48:41,716 INFO [pid=45788 gui-measure_auto dune_tension.tensiometer] Sample of wire 52: measured frequency 190.29 Hz {'length': 0.4987, 'frequency': 190.28988404492756, 'tension': 5.549074760856769} with confidence 0.27 (amp=0.0000, harm=0.0000)
2026-08-31 13:48:41,717 INFO [pid=45788 gui-measure_auto dune_tension.tensiometer] Optimizer next pose: x=1241.5414082973978 y=450.0925255364895 focus=6344
2026-08-31 13:48:42,163 INFO [pid=45788 Thread-2264 (_audio_worker) spectrum_analysis.audio_processing] Listening for audio events (RMS trigger)...
2026-08-31 13:48:42,303 INFO [pid=45788 Thread-2264 (_audio_worker) spectrum_analysis.audio_processing] Recording started.
2026-08-31 13:48:42,475 WARNING [pid=45788 Thread-2264 (_audio_worker) spectrum_analysis.audio_processing] Max recording length reached.
2026-08-31 13:48:42,693 INFO [pid=45788 gui-measure_auto dune_tension.tensiometer] Sample of wire 52: measured frequency 190.15 Hz {'length': 0.4987, 'frequency': 190.14876620084786, 'tension': 5.5408474910835} with confidence 0.43 (amp=0.0000, harm=0.0000)
2026-08-31 13:48:42,693 INFO [pid=45788 gui-measure_auto dune_tension.tensiometer] Optimizer next pose: x=1242.9965442377436 y=449.3347439609577 focus=6344
2026-08-31 13:48:43,701 INFO [pid=45788 Thread-2266 (_audio_worker) spectrum_analysis.audio_processing] Listening for audio events (RMS trigger)...
2026-08-31 13:48:43,861 INFO [pid=45788 Thread-2266 (_audio_worker) spectrum_analysis.audio_processing] Recording started.
2026-08-31 13:48:44,032 WARNING [pid=45788 Thread-2266 (_audio_worker) spectrum_analysis.audio_processing] Max recording length reached.
2026-08-31 13:48:44,258 INFO [pid=45788 gui-measure_auto dune_tension.tensiometer] Sample of wire 52: measured frequency 53.89 Hz {'length': 0.4987, 'frequency': 53.89392726174721, 'tension': 0.44511152235353385} with confidence 0.00 (amp=0.0000, harm=0.0000)
2026-08-31 13:48:44,258 INFO [pid=45788 gui-measure_auto dune_tension.tensiometer] Optimizer next pose: x=1241.496797490909 y=450.412686935245 focus=6344
2026-08-31 13:48:44,481 INFO [pid=45788 Thread-2268 (_audio_worker) spectrum_analysis.audio_processing] Listening for audio events (RMS trigger)...
2026-08-31 13:48:44,631 INFO [pid=45788 Thread-2268 (_audio_worker) spectrum_analysis.audio_processing] Recording started.
2026-08-31 13:48:44,800 WARNING [pid=45788 Thread-2268 (_audio_worker) spectrum_analysis.audio_processing] Max recording length reached.
2026-08-31 13:48:45,027 INFO [pid=45788 gui-measure_auto dune_tension.tensiometer] Sample of wire 52: measured frequency 81.78 Hz {'length': 0.4987, 'frequency': 81.78452968714008, 'tension': 1.025018005096858} with confidence 0.08 (amp=0.0000, harm=0.0000)
2026-08-31 13:48:45,027 INFO [pid=45788 gui-measure_auto dune_tension.tensiometer] Optimizer next pose: x=1242.3131695612544 y=449.8259195096843 focus=6344
2026-08-31 13:48:45,521 INFO [pid=45788 Thread-2270 (_audio_worker) spectrum_analysis.audio_processing] Listening for audio events (RMS trigger)...
2026-08-31 13:48:45,845 INFO [pid=45788 Thread-2270 (_audio_worker) spectrum_analysis.audio_processing] Timeout reached while waiting for audio event.
2026-08-31 13:48:46,479 INFO [pid=45788 gui-measure_auto dune_tension.tensiometer] Sample of wire 52: no audio detected.
2026-08-31 13:48:46,479 INFO [pid=45788 gui-measure_auto dune_tension.tensiometer] Optimizer next pose: x=1240.2087864771036 y=451.33844485141776 focus=6344
2026-08-31 13:48:46,565 INFO [pid=45788 Thread-2271 (_audio_worker) spectrum_analysis.audio_processing] Listening for audio events (RMS trigger)...
2026-08-31 13:48:46,719 INFO [pid=45788 Thread-2271 (_audio_worker) spectrum_analysis.audio_processing] Recording started.
2026-08-31 13:48:46,890 WARNING [pid=45788 Thread-2271 (_audio_worker) spectrum_analysis.audio_processing] Max recording length reached.
2026-08-31 13:48:47,120 INFO [pid=45788 gui-measure_auto dune_tension.tensiometer] Sample of wire 52: measured frequency 81.49 Hz {'length': 0.4987, 'frequency': 81.48519853684063, 'tension': 1.017528609733816} with confidence 0.06 (amp=0.0000, harm=0.0000)
2026-08-31 13:48:47,120 INFO [pid=45788 gui-measure_auto dune_tension.tensiometer] Optimizer next pose: x=1229.0146535413362 y=459.38422789900056 focus=6344
2026-08-31 13:48:47,486 INFO [pid=45788 Thread-2273 (_audio_worker) spectrum_analysis.audio_processing] Listening for audio events (RMS trigger)...
2026-08-31 13:48:47,637 INFO [pid=45788 Thread-2273 (_audio_worker) spectrum_analysis.audio_processing] Recording started.
2026-08-31 13:48:47,808 WARNING [pid=45788 Thread-2273 (_audio_worker) spectrum_analysis.audio_processing] Max recording length reached.
2026-08-31 13:48:48,027 INFO [pid=45788 gui-measure_auto dune_tension.tensiometer] Sample of wire 52: measured frequency 45.53 Hz {'length': 0.4987, 'frequency': 45.52861252080865, 'tension': 0.3176566882930315} with confidence 0.09 (amp=0.0000, harm=0.0000)
2026-08-31 13:48:48,028 INFO [pid=45788 gui-measure_auto dune_tension.tensiometer] Optimizer next pose: x=1235.0972935492148 y=455.01233039333783 focus=6344
2026-08-31 13:48:49,025 INFO [pid=45788 Thread-2275 (_audio_worker) spectrum_analysis.audio_processing] Listening for audio events (RMS trigger)...
2026-08-31 13:48:49,173 INFO [pid=45788 Thread-2275 (_audio_worker) spectrum_analysis.audio_processing] Recording started.
2026-08-31 13:48:49,344 WARNING [pid=45788 Thread-2275 (_audio_worker) spectrum_analysis.audio_processing] Max recording length reached.
2026-08-31 13:48:49,386 INFO [pid=45788 MainThread dune_tension.gui.app] GUI heartbeat. measurement_active=True active_measurement=measure auto focus=6344 threads=6 vmsize=6140872 kB vmhwm=2220744 kB vmrss=1342408 kB
2026-08-31 13:48:49,574 INFO [pid=45788 gui-measure_auto dune_tension.tensiometer] Sample of wire 52: measured frequency 190.32 Hz {'length': 0.4987, 'frequency': 190.3218635404348, 'tension': 5.550940036288134} with confidence 0.46 (amp=0.0000, harm=0.0000)
2026-08-31 13:48:49,575 INFO [pid=45788 gui-measure_auto dune_tension.tensiometer] Optimizer next pose: x=1216.651725280877 y=468.2682706050045 focus=6344
2026-08-31 13:48:51,155 INFO [pid=45788 Thread-2277 (_audio_worker) spectrum_analysis.audio_processing] Listening for audio events (RMS trigger)...
2026-08-31 13:48:51,306 INFO [pid=45788 Thread-2277 (_audio_worker) spectrum_analysis.audio_processing] Recording started.
2026-08-31 13:48:51,478 WARNING [pid=45788 Thread-2277 (_audio_worker) spectrum_analysis.audio_processing] Max recording length reached.
2026-08-31 13:48:51,697 INFO [pid=45788 gui-measure_auto dune_tension.tensiometer] Sample of wire 52: measured frequency 27.96 Hz {'length': 0.4987, 'frequency': 27.959109546374886, 'tension': 0.11979421456546824} with confidence 0.35 (amp=0.0000, harm=0.0000)
2026-08-31 13:48:51,698 INFO [pid=45788 gui-measure_auto dune_tension.tensiometer] Optimizer next pose: x=1231.0023671966726 y=457.9537467280263 focus=6344
2026-08-31 13:48:52,732 INFO [pid=45788 Thread-2279 (_audio_worker) spectrum_analysis.audio_processing] Listening for audio events (RMS trigger)...
2026-08-31 13:48:52,885 INFO [pid=45788 Thread-2279 (_audio_worker) spectrum_analysis.audio_processing] Recording started.
2026-08-31 13:48:53,056 WARNING [pid=45788 Thread-2279 (_audio_worker) spectrum_analysis.audio_processing] Max recording length reached.
2026-08-31 13:48:53,286 INFO [pid=45788 gui-measure_auto dune_tension.tensiometer] Sample of wire 52: measured frequency 191.09 Hz {'length': 0.4987, 'frequency': 191.09463636234793, 'tension': 5.596109037686322} with confidence 0.96 (amp=0.0000, harm=0.0000)
2026-08-31 13:48:53,317 INFO [pid=45788 gui-measure_auto dune_tension.tensiometer] Result: wire 52 length 498.7 mm tension 5.6 N frequency 191.1 Hz confidence 0.96 at 1216.6507568359375,468.2546081542969 focus 6344. Took 13.22 seconds.
2026-08-31 13:48:53,336 INFO [pid=45788 gui-measure_auto dune_tension.tensiometer] Timing profile for list wire 52: total=14.27s stages=[wire_total_wall=14.27s, collect_samples=13.19s, acquire_audio=6.23s, strum=6.23s, optimizer_move=5.96s, wait_for_audio_trigger=1.76s, move_to_measurement_pose=1.02s, analyze_audio=0.81s, reset_plc_after_collect=0.03s, reset_plc_before_move=0.02s, reset_plc_before_persist=0.01s, append_result=0.00s, summary_refresh=0.00s, plan_measurement_pose=0.00s, merge_results=0.00s]
2026-08-31 13:48:53,337 INFO [pid=45788 gui-measure_auto dune_tension.tensiometer] Measuring wire 51 at 1230.7788166531998,452.09528614964904 focus=6214
2026-08-31 13:48:54,973 INFO [pid=45788 gui-monitor-tension-logs dune_tension.gui.actions] Updated tension logs for APA-US-013 layer V
2026-08-31 13:48:55,551 INFO [pid=45788 Thread-2283 (_audio_worker) spectrum_analysis.audio_processing] Listening for audio events (RMS trigger)...
2026-08-31 13:48:55,701 INFO [pid=45788 Thread-2283 (_audio_worker) spectrum_analysis.audio_processing] Recording started.
2026-08-31 13:48:55,873 WARNING [pid=45788 Thread-2283 (_audio_worker) spectrum_analysis.audio_processing] Max recording length reached.
2026-08-31 13:48:56,316 INFO [pid=45788 gui-measure_auto dune_tension.tensiometer] Sample of wire 51: measured frequency 193.92 Hz {'length': 0.4889, 'frequency': 193.9165322676546, 'tension': 5.53834726779608} with confidence 0.14 (amp=0.0000, harm=0.0000)
2026-08-31 13:48:56,316 INFO [pid=45788 gui-measure_auto dune_tension.tensiometer] Optimizer next pose: x=1223.8221568275371 y=457.0939540831862 focus=6344
2026-08-31 13:48:56,485 INFO [pid=45788 Thread-2285 (_audio_worker) spectrum_analysis.audio_processing] Listening for audio events (RMS trigger)...
2026-08-31 13:48:56,960 INFO [pid=45788 Thread-2285 (_audio_worker) spectrum_analysis.audio_processing] Recording started.
2026-08-31 13:48:57,132 WARNING [pid=45788 Thread-2285 (_audio_worker) spectrum_analysis.audio_processing] Max recording length reached.
2026-08-31 13:48:57,348 INFO [pid=45788 gui-measure_auto dune_tension.tensiometer] Sample of wire 51: measured frequency 194.44 Hz {'length': 0.4889, 'frequency': 194.44444047080069, 'tension': 5.568542926073841} with confidence 0.35 (amp=0.0000, harm=0.2596)
2026-08-31 13:48:57,349 INFO [pid=45788 gui-measure_auto dune_tension.tensiometer] Optimizer next pose: x=1238.0902613571031 y=446.83971907096884 focus=6344
2026-08-31 13:48:58,178 INFO [pid=45788 Thread-2287 (_audio_worker) spectrum_analysis.audio_processing] Listening for audio events (RMS trigger)...
2026-08-31 13:48:58,325 INFO [pid=45788 Thread-2287 (_audio_worker) spectrum_analysis.audio_processing] Recording started.
2026-08-31 13:48:58,496 WARNING [pid=45788 Thread-2287 (_audio_worker) spectrum_analysis.audio_processing] Max recording length reached.
2026-08-31 13:48:58,723 INFO [pid=45788 gui-measure_auto dune_tension.tensiometer] Sample of wire 51: measured frequency 194.11 Hz {'length': 0.4889, 'frequency': 194.11341361623127, 'tension': 5.549599024420108} with confidence 0.74 (amp=0.0000, harm=0.0000)
2026-08-31 13:48:58,738 INFO [pid=45788 gui-measure_auto dune_tension.tensiometer] Result: wire 51 length 488.9 mm tension 5.5 N frequency 194.1 Hz confidence 0.74 at 1223.822265625,457.09130859375 focus 6344. Took 3.21 seconds.
2026-08-31 13:48:58,774 INFO [pid=45788 gui-measure_auto dune_tension.tensiometer] Timing profile for list wire 51: total=5.44s stages=[wire_total_wall=5.44s, collect_samples=3.20s, move_to_measurement_pose=2.17s, acquire_audio=1.96s, strum=1.96s, wait_for_audio_trigger=0.93s, optimizer_move=0.84s, analyze_audio=0.35s, reset_plc_before_persist=0.03s, reset_plc_before_move=0.02s, reset_plc_after_collect=0.01s, append_result=0.01s, summary_refresh=0.00s, plan_measurement_pose=0.00s, merge_results=0.00s]
2026-08-31 13:48:58,774 INFO [pid=45788 gui-measure_auto dune_tension.tensiometer] Measuring wire 50 at 1226.7860341508465,449.22873924183915 focus=6213
2026-08-31 13:49:00,537 INFO [pid=45788 gui-monitor-tension-logs dune_tension.gui.actions] Updated tension logs for APA-US-013 layer V
2026-08-31 13:49:01,227 INFO [pid=45788 Thread-2291 (_audio_worker) spectrum_analysis.audio_processing] Listening for audio events (RMS trigger)...
2026-08-31 13:49:01,376 INFO [pid=45788 Thread-2291 (_audio_worker) spectrum_analysis.audio_processing] Recording started.
2026-08-31 13:49:01,547 WARNING [pid=45788 Thread-2291 (_audio_worker) spectrum_analysis.audio_processing] Max recording length reached.
2026-08-31 13:49:01,997 INFO [pid=45788 gui-measure_auto dune_tension.tensiometer] Sample of wire 50: measured frequency 202.64 Hz {'length': 0.479, 'frequency': 202.63971595850578, 'tension': 5.805379292166742} with confidence 0.14 (amp=0.0000, harm=0.0000)
2026-08-31 13:49:01,998 INFO [pid=45788 gui-measure_auto dune_tension.tensiometer] Optimizer next pose: x=1228.4798185068526 y=447.9893131874575 focus=6344
2026-08-31 13:49:02,135 INFO [pid=45788 Thread-2293 (_audio_worker) spectrum_analysis.audio_processing] Listening for audio events (RMS trigger)...
2026-08-31 13:49:02,464 INFO [pid=45788 Thread-2293 (_audio_worker) spectrum_analysis.audio_processing] Recording started.
2026-08-31 13:49:02,636 WARNING [pid=45788 Thread-2293 (_audio_worker) spectrum_analysis.audio_processing] Max recording length reached.
2026-08-31 13:49:02,858 INFO [pid=45788 gui-measure_auto dune_tension.tensiometer] Sample of wire 50: measured frequency 202.81 Hz {'length': 0.479, 'frequency': 202.80818143007065, 'tension': 5.815035962778864} with confidence 0.79 (amp=0.0000, harm=0.2439)
2026-08-31 13:49:02,874 INFO [pid=45788 gui-measure_auto dune_tension.tensiometer] Result: wire 50 length 479.0 mm tension 5.8 N frequency 202.8 Hz confidence 0.79 at 1226.7861328125,449.2278137207031 focus 6344. Took 1.69 seconds.
2026-08-31 13:49:02,898 WARNING [pid=45788 gui-measure_auto dune_tension.tensiometer] Wire 50 tension 5.82 N flagged as an outlier versus nearby wires; remeasuring and keeping only the second measurement.
2026-08-31 13:49:03,715 INFO [pid=45788 Thread-2296 (_audio_worker) spectrum_analysis.audio_processing] Listening for audio events (RMS trigger)...
2026-08-31 13:49:03,912 INFO [pid=45788 Thread-2296 (_audio_worker) spectrum_analysis.audio_processing] Recording started.
2026-08-31 13:49:04,046 WARNING [pid=45788 Thread-2296 (_audio_worker) spectrum_analysis.audio_processing] Max recording length reached.
2026-08-31 13:49:04,260 INFO [pid=45788 gui-measure_auto dune_tension.tensiometer] Sample of wire 50: measured frequency 202.09 Hz {'length': 0.479, 'frequency': 202.0932760295331, 'tension': 5.774111839782227} with confidence 0.96 (amp=0.0000, harm=0.0000)
2026-08-31 13:49:04,286 INFO [pid=45788 gui-measure_auto dune_tension.tensiometer] Result: wire 50 length 479.0 mm tension 5.8 N frequency 202.1 Hz confidence 0.96 at 1226.781005859375,449.18548583984375 focus 6344. Took 0.60 seconds.
2026-08-31 13:49:04,303 INFO [pid=45788 gui-measure_auto dune_tension.tensiometer] Timing profile for list wire 50: total=5.52s stages=[wire_total_wall=5.52s, move_to_measurement_pose=3.08s, collect_samples=2.25s, acquire_audio=1.81s, strum=1.81s, wait_for_audio_trigger=0.82s, analyze_audio=0.35s, reset_plc_before_move=0.11s, optimizer_move=0.04s, reset_plc_after_collect=0.04s, reset_plc_before_persist=0.03s, append_result=0.01s, summary_refresh=0.00s, plan_measurement_pose=0.00s, merge_results=0.00s]
2026-08-31 13:49:04,303 INFO [pid=45788 gui-measure_auto dune_tension.tensiometer] Measuring wire 49 at 1222.793251696387,446.3621605488351 focus=6213
2026-08-31 13:49:04,387 INFO [pid=45788 MainThread dune_tension.gui.app] GUI heartbeat. measurement_active=True active_measurement=measure auto focus=6344 threads=7 vmsize=6174304 kB vmhwm=2220744 kB vmrss=1440780 kB
2026-08-31 13:49:04,675 INFO [pid=45788 gui-monitor-tension-logs dune_tension.gui.actions] Updated tension logs for APA-US-013 layer V
2026-08-31 13:49:06,205 INFO [pid=45788 Thread-2300 (_audio_worker) spectrum_analysis.audio_processing] Listening for audio events (RMS trigger)...
2026-08-31 13:49:06,368 INFO [pid=45788 Thread-2300 (_audio_worker) spectrum_analysis.audio_processing] Recording started.
2026-08-31 13:49:06,539 WARNING [pid=45788 Thread-2300 (_audio_worker) spectrum_analysis.audio_processing] Max recording length reached.
2026-08-31 13:49:06,577 INFO [pid=45788 gui-monitor-tension-logs dune_tension.gui.actions] Updated tension logs for APA-US-013 layer V
2026-08-31 13:49:07,438 INFO [pid=45788 gui-measure_auto dune_tension.tensiometer] Sample of wire 49: measured frequency 211.92 Hz {'length': 0.4692, 'frequency': 211.91695612529688, 'tension': 6.091971432856593} with confidence 0.25 (amp=0.0000, harm=0.0000)
2026-08-31 13:49:07,438 INFO [pid=45788 gui-measure_auto dune_tension.tensiometer] Optimizer next pose: x=1222.9114538920644 y=446.27652932538143 focus=6344
2026-08-31 13:49:07,675 INFO [pid=45788 Thread-2303 (_audio_worker) spectrum_analysis.audio_processing] Listening for audio events (RMS trigger)...
2026-08-31 13:49:07,989 INFO [pid=45788 Thread-2303 (_audio_worker) spectrum_analysis.audio_processing] Timeout reached while waiting for audio event.
2026-08-31 13:49:08,657 INFO [pid=45788 gui-measure_auto dune_tension.tensiometer] Sample of wire 49: no audio detected.
2026-08-31 13:49:08,657 INFO [pid=45788 gui-measure_auto dune_tension.tensiometer] Optimizer next pose: x=1227.4308622072483 y=443.028204598843 focus=6344
2026-08-31 13:49:08,707 INFO [pid=45788 Thread-2304 (_audio_worker) spectrum_analysis.audio_processing] Listening for audio events (RMS trigger)...
2026-08-31 13:49:08,842 INFO [pid=45788 Thread-2304 (_audio_worker) spectrum_analysis.audio_processing] Recording started.
2026-08-31 13:49:09,013 WARNING [pid=45788 Thread-2304 (_audio_worker) spectrum_analysis.audio_processing] Max recording length reached.
2026-08-31 13:49:09,228 INFO [pid=45788 gui-measure_auto dune_tension.tensiometer] Sample of wire 49: measured frequency 213.37 Hz {'length': 0.4692, 'frequency': 213.36750034639022, 'tension': 6.175654372302687} with confidence 0.30 (amp=0.0000, harm=0.0000)
2026-08-31 13:49:09,229 INFO [pid=45788 gui-measure_auto dune_tension.tensiometer] Optimizer next pose: x=1226.8369014639225 y=443.7420859290069 focus=6344
2026-08-31 13:49:09,842 INFO [pid=45788 Thread-2306 (_audio_worker) spectrum_analysis.audio_processing] Listening for audio events (RMS trigger)...
2026-08-31 13:49:09,994 INFO [pid=45788 Thread-2306 (_audio_worker) spectrum_analysis.audio_processing] Recording started.
2026-08-31 13:49:10,166 WARNING [pid=45788 Thread-2306 (_audio_worker) spectrum_analysis.audio_processing] Max recording length reached.
2026-08-31 13:49:10,383 INFO [pid=45788 gui-measure_auto dune_tension.tensiometer] Sample of wire 49: measured frequency 58.73 Hz {'length': 0.4692, 'frequency': 58.73464097867315, 'tension': 0.46796684014874107} with confidence 0.00 (amp=0.0000, harm=0.0000)
2026-08-31 13:49:10,384 INFO [pid=45788 gui-measure_auto dune_tension.tensiometer] Optimizer next pose: x=1214.160223966353 y=452.853447880385 focus=6344
2026-08-31 13:49:11,696 INFO [pid=45788 Thread-2308 (_audio_worker) spectrum_analysis.audio_processing] Listening for audio events (RMS trigger)...
2026-08-31 13:49:11,850 INFO [pid=45788 Thread-2308 (_audio_worker) spectrum_analysis.audio_processing] Recording started.
2026-08-31 13:49:12,021 WARNING [pid=45788 Thread-2308 (_audio_worker) spectrum_analysis.audio_processing] Max recording length reached.
2026-08-31 13:49:12,248 INFO [pid=45788 gui-measure_auto dune_tension.tensiometer] Sample of wire 49: measured frequency 85.34 Hz {'length': 0.4692, 'frequency': 85.33898942749903, 'tension': 0.9879192202954181} with confidence 0.07 (amp=0.0000, harm=0.0000)
2026-08-31 13:49:12,248 INFO [pid=45788 gui-measure_auto dune_tension.tensiometer] Optimizer next pose: x=1223.486887187707 y=446.1499086900368 focus=6344
2026-08-31 13:49:12,966 INFO [pid=45788 Thread-2310 (_audio_worker) spectrum_analysis.audio_processing] Listening for audio events (RMS trigger)...
2026-08-31 13:49:13,109 INFO [pid=45788 Thread-2310 (_audio_worker) spectrum_analysis.audio_processing] Recording started.
2026-08-31 13:49:13,280 WARNING [pid=45788 Thread-2310 (_audio_worker) spectrum_analysis.audio_processing] Max recording length reached.
2026-08-31 13:49:13,495 INFO [pid=45788 gui-measure_auto dune_tension.tensiometer] Sample of wire 49: measured frequency 213.42 Hz {'length': 0.4692, 'frequency': 213.4175581314564, 'tension': 6.178552431679718} with confidence 0.14 (amp=0.0000, harm=0.0000)
2026-08-31 13:49:13,495 INFO [pid=45788 gui-measure_auto dune_tension.tensiometer] Optimizer next pose: x=1220.6314473579807 y=448.2022560676525 focus=6344
2026-08-31 13:49:14,363 INFO [pid=45788 Thread-2312 (_audio_worker) spectrum_analysis.audio_processing] Listening for audio events (RMS trigger)...
2026-08-31 13:49:14,517 INFO [pid=45788 Thread-2312 (_audio_worker) spectrum_analysis.audio_processing] Recording started.
2026-08-31 13:49:14,688 WARNING [pid=45788 Thread-2312 (_audio_worker) spectrum_analysis.audio_processing] Max recording length reached.
2026-08-31 13:49:14,910 INFO [pid=45788 gui-measure_auto dune_tension.tensiometer] Sample of wire 49: measured frequency 206.18 Hz {'length': 0.4692, 'frequency': 206.1841663799249, 'tension': 5.766828895204977} with confidence 0.50 (amp=0.0000, harm=0.0072)
2026-08-31 13:49:14,938 INFO [pid=45788 gui-measure_auto dune_tension.tensiometer] Result: wire 49 length 469.2 mm tension 5.8 N frequency 206.2 Hz confidence 0.50 at 1223.8868408203125,446.148193359375 focus 6344. Took 8.75 seconds.
2026-08-31 13:49:14,968 INFO [pid=45788 gui-measure_auto dune_tension.tensiometer] Timing profile for list wire 49: total=10.66s stages=[wire_total_wall=10.66s, collect_samples=8.73s, acquire_audio=4.13s, strum=4.13s, optimizer_move=3.57s, move_to_measurement_pose=1.87s, wait_for_audio_trigger=1.05s, analyze_audio=0.91s, reset_plc_after_collect=0.03s, reset_plc_before_persist=0.02s, reset_plc_before_move=0.01s, append_result=0.01s, summary_refresh=0.00s, plan_measurement_pose=0.00s, merge_results=0.00s]
2026-08-31 13:49:14,969 INFO [pid=45788 gui-measure_auto dune_tension.tensiometer] Measuring wire 48 at 1218.800469291315,443.495549078635 focus=6212
2026-08-31 13:49:16,530 INFO [pid=45788 gui-monitor-tension-logs dune_tension.gui.actions] Updated tension logs for APA-US-013 layer V
2026-08-31 13:49:16,644 INFO [pid=45788 Thread-2315 (_audio_worker) spectrum_analysis.audio_processing] Listening for audio events (RMS trigger)...
2026-08-31 13:49:16,805 INFO [pid=45788 Thread-2315 (_audio_worker) spectrum_analysis.audio_processing] Recording started.
2026-08-31 13:49:16,972 WARNING [pid=45788 Thread-2315 (_audio_worker) spectrum_analysis.audio_processing] Max recording length reached.
2026-08-31 13:49:17,421 INFO [pid=45788 gui-measure_auto dune_tension.tensiometer] Sample of wire 48: measured frequency 206.61 Hz {'length': 0.4593, 'frequency': 206.6092767789967, 'tension': 5.548849713016464} with confidence 0.99 (amp=0.0000, harm=0.0000)
2026-08-31 13:49:17,453 INFO [pid=45788 gui-measure_auto dune_tension.tensiometer] Result: wire 48 length 459.3 mm tension 5.5 N frequency 206.6 Hz confidence 0.99 at 1218.7978515625,443.49920654296875 focus 6344. Took 0.87 seconds.
2026-08-31 13:49:17,487 INFO [pid=45788 gui-measure_auto dune_tension.tensiometer] Timing profile for list wire 48: total=2.52s stages=[wire_total_wall=2.52s, move_to_measurement_pose=1.52s, collect_samples=0.84s, acquire_audio=0.56s, strum=0.56s, analyze_audio=0.27s, wait_for_audio_trigger=0.21s, reset_plc_before_move=0.09s, reset_plc_after_collect=0.03s, append_result=0.02s, reset_plc_before_persist=0.01s, summary_refresh=0.01s, plan_measurement_pose=0.00s, merge_results=0.00s]
2026-08-31 13:49:17,488 INFO [pid=45788 gui-measure_auto dune_tension.tensiometer] Measuring wire 47 at 1214.807686937188,440.62890379752287 focus=6211
2026-08-31 13:49:18,783 INFO [pid=45788 Thread-2319 (_audio_worker) spectrum_analysis.audio_processing] Listening for audio events (RMS trigger)...
2026-08-31 13:49:18,933 INFO [pid=45788 Thread-2319 (_audio_worker) spectrum_analysis.audio_processing] Recording started.
2026-08-31 13:49:19,104 WARNING [pid=45788 Thread-2319 (_audio_worker) spectrum_analysis.audio_processing] Max recording length reached.
2026-08-31 13:49:19,127 INFO [pid=45788 gui-monitor-tension-logs dune_tension.gui.actions] Updated tension logs for APA-US-013 layer V
2026-08-31 13:49:19,402 INFO [pid=45788 MainThread dune_tension.gui.app] GUI heartbeat. measurement_active=True active_measurement=measure auto focus=6344 threads=6 vmsize=6305368 kB vmhwm=2220744 kB vmrss=1447536 kB
2026-08-31 13:49:19,940 INFO [pid=45788 gui-measure_auto dune_tension.tensiometer] Sample of wire 47: measured frequency 215.08 Hz {'length': 0.4495, 'frequency': 215.08015678874975, 'tension': 5.759310822952891} with confidence 0.60 (amp=0.0000, harm=0.0000)
2026-08-31 13:49:19,971 INFO [pid=45788 gui-measure_auto dune_tension.tensiometer] Result: wire 47 length 449.5 mm tension 5.8 N frequency 215.1 Hz confidence 0.60 at 1214.808837890625,440.62078857421875 focus 6344. Took 1.21 seconds.
2026-08-31 13:49:20,095 WARNING [pid=45788 gui-measure_auto dune_tension.tensiometer] Wire 47 tension 5.76 N flagged as an outlier versus nearby wires; remeasuring and keeping only the second measurement.
2026-08-31 13:49:20,187 INFO [pid=45788 Thread-2322 (_audio_worker) spectrum_analysis.audio_processing] Listening for audio events (RMS trigger)...
2026-08-31 13:49:20,341 INFO [pid=45788 Thread-2322 (_audio_worker) spectrum_analysis.audio_processing] Recording started.
2026-08-31 13:49:20,530 WARNING [pid=45788 Thread-2322 (_audio_worker) spectrum_analysis.audio_processing] Max recording length reached.
2026-08-31 13:49:20,837 INFO [pid=45788 gui-measure_auto dune_tension.tensiometer] Sample of wire 47: measured frequency 215.54 Hz {'length': 0.4495, 'frequency': 215.53517823461172, 'tension': 5.783705281699707} with confidence 1.00 (amp=0.0000, harm=0.0000)
2026-08-31 13:49:20,872 INFO [pid=45788 gui-measure_auto dune_tension.tensiometer] Result: wire 47 length 449.5 mm tension 5.8 N frequency 215.5 Hz confidence 1.00 at 1214.807861328125,440.6274108886719 focus 6344. Took 0.71 seconds.
2026-08-31 13:49:20,892 INFO [pid=45788 gui-measure_auto dune_tension.tensiometer] Timing profile for list wire 47: total=3.37s stages=[wire_total_wall=3.37s, collect_samples=1.86s, move_to_measurement_pose=1.27s, acquire_audio=1.04s, strum=1.04s, analyze_audio=0.76s, wait_for_audio_trigger=0.34s, reset_plc_before_persist=0.13s, reset_plc_after_collect=0.06s, reset_plc_before_move=0.04s, append_result=0.01s, summary_refresh=0.00s, plan_measurement_pose=0.00s, merge_results=0.00s]
2026-08-31 13:49:20,893 INFO [pid=45788 gui-measure_auto dune_tension.tensiometer] Measuring wire 46 at 1210.8149046356282,437.7622236278529 focus=6211
2026-08-31 13:49:21,538 INFO [pid=45788 gui-monitor-tension-logs dune_tension.gui.actions] Updated tension logs for APA-US-013 layer V
2026-08-31 13:49:23,653 INFO [pid=45788 Thread-2327 (_audio_worker) spectrum_analysis.audio_processing] Listening for audio events (RMS trigger)...
2026-08-31 13:49:23,797 INFO [pid=45788 Thread-2327 (_audio_worker) spectrum_analysis.audio_processing] Recording started.
2026-08-31 13:49:23,970 WARNING [pid=45788 Thread-2327 (_audio_worker) spectrum_analysis.audio_processing] Max recording length reached.
2026-08-31 13:49:24,366 INFO [pid=45788 gui-measure_auto dune_tension.tensiometer] Sample of wire 46: measured frequency 223.48 Hz {'length': 0.43960000000000005, 'frequency': 223.48026134258112, 'tension': 5.947084991881327} with confidence 0.32 (amp=0.0000, harm=0.0000)
2026-08-31 13:49:24,366 INFO [pid=45788 gui-measure_auto dune_tension.tensiometer] Optimizer next pose: x=1208.3289574315577 y=439.54839003210304 focus=6344
2026-08-31 13:49:24,541 INFO [pid=45788 Thread-2329 (_audio_worker) spectrum_analysis.audio_processing] Listening for audio events (RMS trigger)...
2026-08-31 13:49:24,677 INFO [pid=45788 Thread-2329 (_audio_worker) spectrum_analysis.audio_processing] Recording started.
2026-08-31 13:49:24,843 WARNING [pid=45788 Thread-2329 (_audio_worker) spectrum_analysis.audio_processing] Max recording length reached.
2026-08-31 13:49:25,047 INFO [pid=45788 gui-measure_auto dune_tension.tensiometer] Sample of wire 46: measured frequency 218.90 Hz {'length': 0.43960000000000005, 'frequency': 218.90340852890205, 'tension': 5.705987974697605} with confidence 1.00 (amp=0.0000, harm=0.0000)
2026-08-31 13:49:25,083 INFO [pid=45788 gui-measure_auto dune_tension.tensiometer] Result: wire 46 length 439.6 mm tension 5.7 N frequency 218.9 Hz confidence 1.00 at 1210.815185546875,437.76141357421875 focus 6344. Took 1.46 seconds.
2026-08-31 13:49:25,109 INFO [pid=45788 gui-measure_auto dune_tension.tensiometer] Timing profile for list wire 46: total=4.22s stages=[wire_total_wall=4.22s, move_to_measurement_pose=2.72s, collect_samples=1.42s, acquire_audio=1.09s, strum=1.09s, wait_for_audio_trigger=0.40s, analyze_audio=0.23s, optimizer_move=0.07s, reset_plc_after_collect=0.04s, reset_plc_before_persist=0.02s, reset_plc_before_move=0.01s, append_result=0.00s, summary_refresh=0.00s, plan_measurement_pose=0.00s, merge_results=0.00s]
2026-08-31 13:49:25,109 INFO [pid=45788 gui-measure_auto dune_tension.tensiometer] Measuring wire 45 at 1206.8221223883284,434.89550744569095 focus=6210
2026-08-31 13:49:26,622 INFO [pid=45788 gui-monitor-tension-logs dune_tension.gui.actions] Updated tension logs for APA-US-013 layer V
2026-08-31 13:49:26,776 INFO [pid=45788 Thread-2332 (_audio_worker) spectrum_analysis.audio_processing] Listening for audio events (RMS trigger)...
2026-08-31 13:49:26,934 INFO [pid=45788 Thread-2332 (_audio_worker) spectrum_analysis.audio_processing] Recording started.
2026-08-31 13:49:27,196 WARNING [pid=45788 Thread-2332 (_audio_worker) spectrum_analysis.audio_processing] Max recording length reached.
2026-08-31 13:49:27,651 INFO [pid=45788 gui-measure_auto dune_tension.tensiometer] Sample of wire 45: measured frequency 229.49 Hz {'length': 0.4298, 'frequency': 229.49463816411, 'tension': 5.994988377187881} with confidence 0.21 (amp=0.0000, harm=0.0000)
2026-08-31 13:49:27,651 INFO [pid=45788 gui-measure_auto dune_tension.tensiometer] Optimizer next pose: x=1212.392499069092 y=430.8844447914045 focus=6344
2026-08-31 13:49:27,795 INFO [pid=45788 Thread-2335 (_audio_worker) spectrum_analysis.audio_processing] Listening for audio events (RMS trigger)...
2026-08-31 13:49:28,107 INFO [pid=45788 Thread-2335 (_audio_worker) spectrum_analysis.audio_processing] Timeout reached while waiting for audio event.
2026-08-31 13:49:28,721 INFO [pid=45788 gui-measure_auto dune_tension.tensiometer] Sample of wire 45: no audio detected.
2026-08-31 13:49:28,721 INFO [pid=45788 gui-measure_auto dune_tension.tensiometer] Optimizer next pose: x=1212.8879289480976 y=430.5283545658693 focus=6344
2026-08-31 13:49:28,787 INFO [pid=45788 Thread-2336 (_audio_worker) spectrum_analysis.audio_processing] Listening for audio events (RMS trigger)...
2026-08-31 13:49:28,938 INFO [pid=45788 Thread-2336 (_audio_worker) spectrum_analysis.audio_processing] Recording started.
2026-08-31 13:49:29,109 WARNING [pid=45788 Thread-2336 (_audio_worker) spectrum_analysis.audio_processing] Max recording length reached.
2026-08-31 13:49:29,317 INFO [pid=45788 gui-measure_auto dune_tension.tensiometer] Sample of wire 45: measured frequency 83.16 Hz {'length': 0.4298, 'frequency': 83.16253398892312, 'tension': 0.7872246541516159} with confidence 0.08 (amp=0.0000, harm=0.0000)
2026-08-31 13:49:29,318 INFO [pid=45788 gui-measure_auto dune_tension.tensiometer] Optimizer next pose: x=1209.4356383819947 y=433.0096884102557 focus=6344
2026-08-31 13:49:29,846 INFO [pid=45788 Thread-2338 (_audio_worker) spectrum_analysis.audio_processing] Listening for audio events (RMS trigger)...
2026-08-31 13:49:29,983 INFO [pid=45788 Thread-2338 (_audio_worker) spectrum_analysis.audio_processing] Recording started.
2026-08-31 13:49:30,155 WARNING [pid=45788 Thread-2338 (_audio_worker) spectrum_analysis.audio_processing] Max recording length reached.
2026-08-31 13:49:30,362 INFO [pid=45788 gui-measure_auto dune_tension.tensiometer] Sample of wire 45: measured frequency 54.87 Hz {'length': 0.4298, 'frequency': 54.86570216280677, 'tension': 0.3426455864228415} with confidence 0.29 (amp=0.0000, harm=0.0000)
2026-08-31 13:49:30,362 INFO [pid=45788 gui-measure_auto dune_tension.tensiometer] Optimizer next pose: x=1189.5197288400952 y=447.324248393496 focus=6344
2026-08-31 13:49:31,299 INFO [pid=45788 Thread-2340 (_audio_worker) spectrum_analysis.audio_processing] Listening for audio events (RMS trigger)...
2026-08-31 13:49:31,456 INFO [pid=45788 Thread-2340 (_audio_worker) spectrum_analysis.audio_processing] Recording started.
2026-08-31 13:49:31,627 WARNING [pid=45788 Thread-2340 (_audio_worker) spectrum_analysis.audio_processing] Max recording length reached.
2026-08-31 13:49:31,836 INFO [pid=45788 gui-measure_auto dune_tension.tensiometer] Sample of wire 45: measured frequency 51.12 Hz {'length': 0.4298, 'frequency': 51.121445691032285, 'tension': 0.29747434218583724} with confidence 0.42 (amp=0.0000, harm=0.0000)
2026-08-31 13:49:31,836 INFO [pid=45788 gui-measure_auto dune_tension.tensiometer] Optimizer next pose: x=1204.5749331443246 y=436.5033202998311 focus=6344
2026-08-31 13:49:32,844 INFO [pid=45788 Thread-2342 (_audio_worker) spectrum_analysis.audio_processing] Listening for audio events (RMS trigger)...
2026-08-31 13:49:32,992 INFO [pid=45788 Thread-2342 (_audio_worker) spectrum_analysis.audio_processing] Recording started.
2026-08-31 13:49:33,163 WARNING [pid=45788 Thread-2342 (_audio_worker) spectrum_analysis.audio_processing] Max recording length reached.
2026-08-31 13:49:33,367 INFO [pid=45788 gui-measure_auto dune_tension.tensiometer] Sample of wire 45: measured frequency 116.75 Hz {'length': 0.4298, 'frequency': 116.74554875982422, 'tension': 1.5514004771662233} with confidence 0.00 (amp=0.0000, harm=0.0000)
2026-08-31 13:49:33,367 INFO [pid=45788 gui-measure_auto dune_tension.tensiometer] Optimizer next pose: x=1213.3295067674576 y=430.2109705082043 focus=6344
2026-08-31 13:49:34,255 INFO [pid=45788 Thread-2344 (_audio_worker) spectrum_analysis.audio_processing] Listening for audio events (RMS trigger)...
2026-08-31 13:49:34,400 INFO [pid=45788 Thread-2344 (_audio_worker) spectrum_analysis.audio_processing] Recording started.
2026-08-31 13:49:34,403 INFO [pid=45788 MainThread dune_tension.gui.app] GUI heartbeat. measurement_active=True active_measurement=measure auto focus=6344 threads=6 vmsize=6046840 kB vmhwm=2220744 kB vmrss=1246844 kB
2026-08-31 13:49:34,571 WARNING [pid=45788 Thread-2344 (_audio_worker) spectrum_analysis.audio_processing] Max recording length reached.
2026-08-31 13:49:34,768 INFO [pid=45788 gui-measure_auto dune_tension.tensiometer] Sample of wire 45: measured frequency 77.18 Hz {'length': 0.4298, 'frequency': 77.17817305286543, 'tension': 0.6780039850982527} with confidence 0.07 (amp=0.0000, harm=0.0000)
2026-08-31 13:49:34,768 INFO [pid=45788 gui-measure_auto dune_tension.tensiometer] Optimizer next pose: x=1212.530738474188 y=430.78508521899187 focus=6344
2026-08-31 13:49:35,895 INFO [pid=45788 Thread-2346 (_audio_worker) spectrum_analysis.audio_processing] Listening for audio events (RMS trigger)...
2026-08-31 13:49:36,042 INFO [pid=45788 Thread-2346 (_audio_worker) spectrum_analysis.audio_processing] Recording started.
2026-08-31 13:49:36,213 WARNING [pid=45788 Thread-2346 (_audio_worker) spectrum_analysis.audio_processing] Max recording length reached.
2026-08-31 13:49:36,421 INFO [pid=45788 gui-measure_auto dune_tension.tensiometer] Sample of wire 45: measured frequency 232.48 Hz {'length': 0.4298, 'frequency': 232.4779954670647, 'tension': 6.1518673649171545} with confidence 0.00 (amp=0.0000, harm=0.0000)
2026-08-31 13:49:36,422 INFO [pid=45788 gui-measure_auto dune_tension.tensiometer] Optimizer next pose: x=1216.7612717567035 y=427.74438942218376 focus=6344
2026-08-31 13:49:36,891 INFO [pid=45788 Thread-2348 (_audio_worker) spectrum_analysis.audio_processing] Listening for audio events (RMS trigger)...
2026-08-31 13:49:37,045 INFO [pid=45788 Thread-2348 (_audio_worker) spectrum_analysis.audio_processing] Recording started.
2026-08-31 13:49:37,216 WARNING [pid=45788 Thread-2348 (_audio_worker) spectrum_analysis.audio_processing] Max recording length reached.
2026-08-31 13:49:37,425 INFO [pid=45788 gui-measure_auto dune_tension.tensiometer] Sample of wire 45: measured frequency 230.24 Hz {'length': 0.4298, 'frequency': 230.23960139518178, 'tension': 6.033972246876392} with confidence 0.68 (amp=0.0000, harm=0.0000)
2026-08-31 13:49:37,451 INFO [pid=45788 gui-measure_auto dune_tension.tensiometer] Result: wire 45 length 429.8 mm tension 6.0 N frequency 230.2 Hz confidence 0.68 at 1212.531494140625,430.7755126953125 focus 6344. Took 10.71 seconds.
2026-08-31 13:49:37,467 WARNING [pid=45788 gui-measure_auto dune_tension.tensiometer] Wire 45 tension 6.03 N flagged as an outlier versus nearby wires; remeasuring and keeping only the second measurement.
2026-08-31 13:49:39,100 INFO [pid=45788 gui-monitor-tension-logs dune_tension.gui.actions] Updated tension logs for APA-US-013 layer V
2026-08-31 13:49:39,581 INFO [pid=45788 Thread-2352 (_audio_worker) spectrum_analysis.audio_processing] Listening for audio events (RMS trigger)...
2026-08-31 13:49:39,733 INFO [pid=45788 Thread-2352 (_audio_worker) spectrum_analysis.audio_processing] Recording started.
2026-08-31 13:49:39,913 WARNING [pid=45788 Thread-2352 (_audio_worker) spectrum_analysis.audio_processing] Max recording length reached.
2026-08-31 13:49:40,118 INFO [pid=45788 gui-measure_auto dune_tension.tensiometer] Sample of wire 45: measured frequency 77.81 Hz {'length': 0.4298, 'frequency': 77.80974808508039, 'tension': 0.6891460597748971} with confidence 0.00 (amp=0.0000, harm=0.0000)
2026-08-31 13:49:40,119 INFO [pid=45788 gui-measure_auto dune_tension.tensiometer] Optimizer next pose: x=1222.437249348304 y=423.67213494320845 focus=6344
2026-08-31 13:49:40,215 INFO [pid=45788 Thread-2354 (_audio_worker) spectrum_analysis.audio_processing] Listening for audio events (RMS trigger)...
2026-08-31 13:49:40,354 INFO [pid=45788 Thread-2354 (_audio_worker) spectrum_analysis.audio_processing] Recording started.
2026-08-31 13:49:40,523 WARNING [pid=45788 Thread-2354 (_audio_worker) spectrum_analysis.audio_processing] Max recording length reached.
2026-08-31 13:49:40,725 INFO [pid=45788 gui-measure_auto dune_tension.tensiometer] Sample of wire 45: measured frequency 230.21 Hz {'length': 0.4298, 'frequency': 230.21052995362064, 'tension': 6.032448571575226} with confidence 0.32 (amp=0.0000, harm=0.0000)
2026-08-31 13:49:40,726 INFO [pid=45788 gui-measure_auto dune_tension.tensiometer] Optimizer next pose: x=1208.557360983006 y=433.6476183815992 focus=6344
2026-08-31 13:49:41,568 INFO [pid=45788 Thread-2356 (_audio_worker) spectrum_analysis.audio_processing] Listening for audio events (RMS trigger)...
2026-08-31 13:49:41,718 INFO [pid=45788 Thread-2356 (_audio_worker) spectrum_analysis.audio_processing] Recording started.
2026-08-31 13:49:41,889 WARNING [pid=45788 Thread-2356 (_audio_worker) spectrum_analysis.audio_processing] Max recording length reached.
2026-08-31 13:49:42,095 INFO [pid=45788 gui-measure_auto dune_tension.tensiometer] Sample of wire 45: measured frequency 41.08 Hz {'length': 0.4298, 'frequency': 41.082327058279624, 'tension': 0.19211148554248453} with confidence 0.23 (amp=0.0000, harm=0.0000)
2026-08-31 13:49:42,096 INFO [pid=45788 gui-measure_auto dune_tension.tensiometer] Optimizer next pose: x=1203.025117254375 y=437.62391856155284 focus=6344
2026-08-31 13:49:42,834 INFO [pid=45788 Thread-2358 (_audio_worker) spectrum_analysis.audio_processing] Listening for audio events (RMS trigger)...
2026-08-31 13:49:42,976 INFO [pid=45788 Thread-2358 (_audio_worker) spectrum_analysis.audio_processing] Recording started.
2026-08-31 13:49:43,147 WARNING [pid=45788 Thread-2358 (_audio_worker) spectrum_analysis.audio_processing] Max recording length reached.
2026-08-31 13:49:43,353 INFO [pid=45788 gui-measure_auto dune_tension.tensiometer] Sample of wire 45: measured frequency 77.95 Hz {'length': 0.4298, 'frequency': 77.94519576050679, 'tension': 0.6915474163646351} with confidence 0.13 (amp=0.0000, harm=0.0000)
2026-08-31 13:49:43,354 INFO [pid=45788 gui-measure_auto dune_tension.tensiometer] Optimizer next pose: x=1211.0290048194663 y=431.87112437414333 focus=6344
2026-08-31 13:49:44,145 INFO [pid=45788 Thread-2360 (_audio_worker) spectrum_analysis.audio_processing] Listening for audio events (RMS trigger)...
2026-08-31 13:49:44,277 INFO [pid=45788 Thread-2360 (_audio_worker) spectrum_analysis.audio_processing] Recording started.
2026-08-31 13:49:44,448 WARNING [pid=45788 Thread-2360 (_audio_worker) spectrum_analysis.audio_processing] Max recording length reached.
2026-08-31 13:49:44,774 INFO [pid=45788 gui-measure_auto dune_tension.tensiometer] Sample of wire 45: measured frequency 230.03 Hz {'length': 0.4298, 'frequency': 230.03039495256283, 'tension': 6.023011731415004} with confidence 0.45 (amp=0.0000, harm=0.0000)
2026-08-31 13:49:44,775 INFO [pid=45788 gui-measure_auto dune_tension.tensiometer] Optimizer next pose: x=1199.861255789486 y=439.91937495868 focus=6344
2026-08-31 13:49:45,260 INFO [pid=45788 Thread-2362 (_audio_worker) spectrum_analysis.audio_processing] Listening for audio events (RMS trigger)...
2026-08-31 13:49:45,408 INFO [pid=45788 Thread-2362 (_audio_worker) spectrum_analysis.audio_processing] Recording started.
2026-08-31 13:49:45,578 WARNING [pid=45788 Thread-2362 (_audio_worker) spectrum_analysis.audio_processing] Max recording length reached.
2026-08-31 13:49:45,782 INFO [pid=45788 gui-measure_auto dune_tension.tensiometer] Sample of wire 45: measured frequency 230.39 Hz {'length': 0.4298, 'frequency': 230.39217634538332, 'tension': 6.041972070117828} with confidence 0.06 (amp=0.0000, harm=0.0000)
2026-08-31 13:49:45,783 INFO [pid=45788 gui-measure_auto dune_tension.tensiometer] Optimizer next pose: x=1204.3615960426334 y=436.6847554017303 focus=6344
2026-08-31 13:49:46,903 INFO [pid=45788 Thread-2364 (_audio_worker) spectrum_analysis.audio_processing] Listening for audio events (RMS trigger)...
2026-08-31 13:49:47,050 INFO [pid=45788 Thread-2364 (_audio_worker) spectrum_analysis.audio_processing] Recording started.
2026-08-31 13:49:47,222 WARNING [pid=45788 Thread-2364 (_audio_worker) spectrum_analysis.audio_processing] Max recording length reached.
2026-08-31 13:49:47,473 INFO [pid=45788 gui-measure_auto dune_tension.tensiometer] Sample of wire 45: measured frequency 230.11 Hz {'length': 0.4298, 'frequency': 230.1076350778126, 'tension': 6.027057251456968} with confidence 0.95 (amp=0.0000, harm=0.0000)
2026-08-31 13:49:47,506 INFO [pid=45788 gui-measure_auto dune_tension.tensiometer] Result: wire 45 length 429.8 mm tension 6.0 N frequency 230.1 Hz confidence 0.95 at 1199.8603515625,439.9093933105469 focus 6344. Took 7.98 seconds.
2026-08-31 13:49:47,520 INFO [pid=45788 gui-measure_auto dune_tension.tensiometer] Timing profile for list wire 45: total=22.41s stages=[wire_total_wall=22.41s, collect_samples=18.63s, acquire_audio=8.81s, strum=8.81s, optimizer_move=8.34s, move_to_measurement_pose=3.64s, wait_for_audio_trigger=2.64s, analyze_audio=0.75s, reset_plc_after_collect=0.06s, reset_plc_before_move=0.05s, reset_plc_before_persist=0.02s, append_result=0.01s, summary_refresh=0.00s, plan_measurement_pose=0.00s, merge_results=0.00s]
2026-08-31 13:49:47,520 INFO [pid=45788 gui-measure_auto dune_tension.tensiometer] Measuring wire 44 at 1202.8293401970548,432.02875407830226 focus=6209
2026-08-31 13:49:48,818 INFO [pid=45788 gui-monitor-tension-logs dune_tension.gui.actions] Updated tension logs for APA-US-013 layer V
2026-08-31 13:49:49,432 INFO [pid=45788 MainThread dune_tension.gui.app] GUI heartbeat. measurement_active=True active_measurement=measure auto focus=6344 threads=5 vmsize=5984576 kB vmhwm=2220744 kB vmrss=1250988 kB
2026-08-31 13:49:50,211 INFO [pid=45788 Thread-2368 (_audio_worker) spectrum_analysis.audio_processing] Listening for audio events (RMS trigger)...
2026-08-31 13:49:50,357 INFO [pid=45788 Thread-2368 (_audio_worker) spectrum_analysis.audio_processing] Recording started.
2026-08-31 13:49:50,530 WARNING [pid=45788 Thread-2368 (_audio_worker) spectrum_analysis.audio_processing] Max recording length reached.
2026-08-31 13:49:50,904 INFO [pid=45788 gui-measure_auto dune_tension.tensiometer] Sample of wire 44: measured frequency 239.43 Hz {'length': 0.4199, 'frequency': 239.43400348178204, 'tension': 6.228361914030692} with confidence 0.14 (amp=0.0000, harm=0.0000)
2026-08-31 13:49:50,904 INFO [pid=45788 gui-measure_auto dune_tension.tensiometer] Optimizer next pose: x=1203.709887173526 y=431.3946872646824 focus=6344
2026-08-31 13:49:51,026 INFO [pid=45788 Thread-2370 (_audio_worker) spectrum_analysis.audio_processing] Listening for audio events (RMS trigger)...
2026-08-31 13:49:51,339 INFO [pid=45788 Thread-2370 (_audio_worker) spectrum_analysis.audio_processing] Timeout reached while waiting for audio event.
2026-08-31 13:49:51,955 INFO [pid=45788 gui-measure_auto dune_tension.tensiometer] Sample of wire 44: no audio detected.
2026-08-31 13:49:51,955 INFO [pid=45788 gui-measure_auto dune_tension.tensiometer] Optimizer next pose: x=1199.314543823622 y=434.553840297426 focus=6344
2026-08-31 13:49:52,029 INFO [pid=45788 Thread-2371 (_audio_worker) spectrum_analysis.audio_processing] Listening for audio events (RMS trigger)...
2026-08-31 13:49:52,171 INFO [pid=45788 Thread-2371 (_audio_worker) spectrum_analysis.audio_processing] Recording started.
2026-08-31 13:49:52,342 WARNING [pid=45788 Thread-2371 (_audio_worker) spectrum_analysis.audio_processing] Max recording length reached.
2026-08-31 13:49:52,552 INFO [pid=45788 gui-measure_auto dune_tension.tensiometer] Sample of wire 44: measured frequency 239.39 Hz {'length': 0.4199, 'frequency': 239.38651204249945, 'tension': 6.225891383260672} with confidence 0.21 (amp=0.0000, harm=0.0000)
2026-08-31 13:49:52,552 INFO [pid=45788 gui-measure_auto dune_tension.tensiometer] Optimizer next pose: x=1217.4461686248403 y=421.7978809066089 focus=6344
2026-08-31 13:49:53,263 INFO [pid=45788 Thread-2373 (_audio_worker) spectrum_analysis.audio_processing] Listening for audio events (RMS trigger)...
2026-08-31 13:49:53,408 INFO [pid=45788 Thread-2373 (_audio_worker) spectrum_analysis.audio_processing] Recording started.
2026-08-31 13:49:53,579 WARNING [pid=45788 Thread-2373 (_audio_worker) spectrum_analysis.audio_processing] Max recording length reached.
2026-08-31 13:49:53,781 INFO [pid=45788 gui-measure_auto dune_tension.tensiometer] Sample of wire 44: measured frequency 237.72 Hz {'length': 0.4199, 'frequency': 237.71840013179357, 'tension': 6.13942620181516} with confidence 0.73 (amp=0.0000, harm=0.0000)
2026-08-31 13:49:53,913 INFO [pid=45788 gui-measure_auto dune_tension.tensiometer] Result: wire 44 length 419.9 mm tension 6.1 N frequency 237.7 Hz confidence 0.73 at 1199.31494140625,434.5452880859375 focus 6344. Took 3.74 seconds.
2026-08-31 13:49:53,944 WARNING [pid=45788 gui-measure_auto dune_tension.tensiometer] Wire 44 tension 6.14 N flagged as an outlier versus nearby wires; remeasuring and keeping only the second measurement.
2026-08-31 13:49:55,692 INFO [pid=45788 gui-monitor-tension-logs dune_tension.gui.actions] Updated tension logs for APA-US-013 layer V
2026-08-31 13:49:56,075 INFO [pid=45788 Thread-2377 (_audio_worker) spectrum_analysis.audio_processing] Listening for audio events (RMS trigger)...
2026-08-31 13:49:56,212 INFO [pid=45788 Thread-2377 (_audio_worker) spectrum_analysis.audio_processing] Recording started.
2026-08-31 13:49:56,375 WARNING [pid=45788 Thread-2377 (_audio_worker) spectrum_analysis.audio_processing] Max recording length reached.
2026-08-31 13:49:56,587 INFO [pid=45788 gui-measure_auto dune_tension.tensiometer] Sample of wire 44: measured frequency 239.44 Hz {'length': 0.4199, 'frequency': 239.4359103988348, 'tension': 6.228461123137732} with confidence 0.20 (amp=0.0000, harm=0.0000)
2026-08-31 13:49:56,587 INFO [pid=45788 gui-measure_auto dune_tension.tensiometer] Optimizer next pose: x=1208.5007233836175 y=427.920279323396 focus=6344
2026-08-31 13:49:56,731 INFO [pid=45788 Thread-2379 (_audio_worker) spectrum_analysis.audio_processing] Listening for audio events (RMS trigger)...
2026-08-31 13:49:57,036 INFO [pid=45788 Thread-2379 (_audio_worker) spectrum_analysis.audio_processing] Timeout reached while waiting for audio event.
2026-08-31 13:49:57,644 INFO [pid=45788 gui-measure_auto dune_tension.tensiometer] Sample of wire 44: no audio detected.
2026-08-31 13:49:57,644 INFO [pid=45788 gui-measure_auto dune_tension.tensiometer] Optimizer next pose: x=1203.306818516621 y=431.6533984465498 focus=6344
2026-08-31 13:49:58,031 INFO [pid=45788 Thread-2380 (_audio_worker) spectrum_analysis.audio_processing] Listening for audio events (RMS trigger)...
2026-08-31 13:49:58,187 INFO [pid=45788 Thread-2380 (_audio_worker) spectrum_analysis.audio_processing] Recording started.
2026-08-31 13:49:58,358 WARNING [pid=45788 Thread-2380 (_audio_worker) spectrum_analysis.audio_processing] Max recording length reached.
2026-08-31 13:49:58,568 INFO [pid=45788 gui-measure_auto dune_tension.tensiometer] Sample of wire 44: measured frequency 84.64 Hz {'length': 0.4199, 'frequency': 84.63934583704716, 'tension': 0.7782995549010799} with confidence 0.00 (amp=0.0000, harm=0.0000)
2026-08-31 13:49:58,569 INFO [pid=45788 gui-measure_auto dune_tension.tensiometer] Optimizer next pose: x=1218.0961406297606 y=421.02357317773067 focus=6344
2026-08-31 13:49:59,221 INFO [pid=45788 Thread-2382 (_audio_worker) spectrum_analysis.audio_processing] Listening for audio events (RMS trigger)...
2026-08-31 13:49:59,360 INFO [pid=45788 Thread-2382 (_audio_worker) spectrum_analysis.audio_processing] Recording started.
2026-08-31 13:49:59,531 WARNING [pid=45788 Thread-2382 (_audio_worker) spectrum_analysis.audio_processing] Max recording length reached.
2026-08-31 13:49:59,734 INFO [pid=45788 gui-measure_auto dune_tension.tensiometer] Sample of wire 44: measured frequency 239.29 Hz {'length': 0.4199, 'frequency': 239.2854912627247, 'tension': 6.220637856734659} with confidence 0.18 (amp=0.0000, harm=0.0000)
2026-08-31 13:49:59,734 INFO [pid=45788 gui-measure_auto dune_tension.tensiometer] Optimizer next pose: x=1202.564906544542 y=432.18664767648147 focus=6344
2026-08-31 13:50:00,494 INFO [pid=45788 Thread-2384 (_audio_worker) spectrum_analysis.audio_processing] Listening for audio events (RMS trigger)...
2026-08-31 13:50:00,640 INFO [pid=45788 Thread-2384 (_audio_worker) spectrum_analysis.audio_processing] Recording started.
2026-08-31 13:50:00,810 WARNING [pid=45788 Thread-2384 (_audio_worker) spectrum_analysis.audio_processing] Max recording length reached.
2026-08-31 13:50:01,022 INFO [pid=45788 gui-measure_auto dune_tension.tensiometer] Sample of wire 44: measured frequency 81.73 Hz {'length': 0.4199, 'frequency': 81.73316097675709, 'tension': 0.7257696055300015} with confidence 0.10 (amp=0.0000, harm=0.0000)
2026-08-31 13:50:01,023 INFO [pid=45788 gui-measure_auto dune_tension.tensiometer] Optimizer next pose: x=1203.884093588631 y=431.23848198854256 focus=6344
2026-08-31 13:50:01,959 INFO [pid=45788 Thread-2386 (_audio_worker) spectrum_analysis.audio_processing] Listening for audio events (RMS trigger)...
2026-08-31 13:50:02,112 INFO [pid=45788 Thread-2386 (_audio_worker) spectrum_analysis.audio_processing] Recording started.
2026-08-31 13:50:02,283 WARNING [pid=45788 Thread-2386 (_audio_worker) spectrum_analysis.audio_processing] Max recording length reached.
2026-08-31 13:50:02,486 INFO [pid=45788 gui-measure_auto dune_tension.tensiometer] Sample of wire 44: measured frequency 239.59 Hz {'length': 0.4199, 'frequency': 239.58876766501766, 'tension': 6.23641623263061} with confidence 0.32 (amp=0.0000, harm=0.0000)
2026-08-31 13:50:02,487 INFO [pid=45788 gui-measure_auto dune_tension.tensiometer] Optimizer next pose: x=1206.9208135895183 y=429.04064554869586 focus=6344
2026-08-31 13:50:02,843 INFO [pid=45788 Thread-2388 (_audio_worker) spectrum_analysis.audio_processing] Listening for audio events (RMS trigger)...
2026-08-31 13:50:02,987 INFO [pid=45788 Thread-2388 (_audio_worker) spectrum_analysis.audio_processing] Recording started.
2026-08-31 13:50:03,158 WARNING [pid=45788 Thread-2388 (_audio_worker) spectrum_analysis.audio_processing] Max recording length reached.
2026-08-31 13:50:03,365 INFO [pid=45788 gui-measure_auto dune_tension.tensiometer] Sample of wire 44: measured frequency 80.75 Hz {'length': 0.4199, 'frequency': 80.75302657344746, 'tension': 0.7084672883870309} with confidence 0.10 (amp=0.0000, harm=0.0000)
2026-08-31 13:50:03,366 INFO [pid=45788 gui-measure_auto dune_tension.tensiometer] Optimizer next pose: x=1209.8373251353496 y=426.9444028751296 focus=6344
2026-08-31 13:50:03,730 INFO [pid=45788 Thread-2390 (_audio_worker) spectrum_analysis.audio_processing] Listening for audio events (RMS trigger)...
2026-08-31 13:50:03,882 INFO [pid=45788 Thread-2390 (_audio_worker) spectrum_analysis.audio_processing] Recording started.
2026-08-31 13:50:04,054 WARNING [pid=45788 Thread-2390 (_audio_worker) spectrum_analysis.audio_processing] Max recording length reached.
2026-08-31 13:50:04,264 INFO [pid=45788 gui-measure_auto dune_tension.tensiometer] Sample of wire 44: measured frequency 78.69 Hz {'length': 0.4199, 'frequency': 78.68594421050484, 'tension': 0.6726614003331558} with confidence 0.20 (amp=0.0000, harm=0.0000)
2026-08-31 13:50:04,264 INFO [pid=45788 gui-measure_auto dune_tension.tensiometer] Optimizer next pose: x=1203.3616940694178 y=431.59876270376805 focus=6344
2026-08-31 13:50:04,506 INFO [pid=45788 MainThread dune_tension.gui.app] GUI heartbeat. measurement_active=True active_measurement=measure auto focus=6344 threads=5 vmsize=6001512 kB vmhwm=2220744 kB vmrss=1263444 kB
2026-08-31 13:50:05,356 INFO [pid=45788 Thread-2392 (_audio_worker) spectrum_analysis.audio_processing] Listening for audio events (RMS trigger)...
2026-08-31 13:50:05,504 INFO [pid=45788 Thread-2392 (_audio_worker) spectrum_analysis.audio_processing] Recording started.
2026-08-31 13:50:05,675 WARNING [pid=45788 Thread-2392 (_audio_worker) spectrum_analysis.audio_processing] Max recording length reached.
2026-08-31 13:50:05,890 INFO [pid=45788 gui-measure_auto dune_tension.tensiometer] Sample of wire 44: measured frequency 239.34 Hz {'length': 0.4199, 'frequency': 239.3388826560823, 'tension': 6.223414168617569} with confidence 0.09 (amp=0.0000, harm=0.0000)
2026-08-31 13:50:05,891 INFO [pid=45788 gui-measure_auto dune_tension.tensiometer] Optimizer next pose: x=1196.0902795965667 y=436.8250918561298 focus=6344
2026-08-31 13:50:08,094 INFO [pid=45788 Thread-2394 (_audio_worker) spectrum_analysis.audio_processing] Listening for audio events (RMS trigger)...
2026-08-31 13:50:08,257 INFO [pid=45788 Thread-2394 (_audio_worker) spectrum_analysis.audio_processing] Recording started.
2026-08-31 13:50:08,429 WARNING [pid=45788 Thread-2394 (_audio_worker) spectrum_analysis.audio_processing] Max recording length reached.
2026-08-31 13:50:08,672 INFO [pid=45788 gui-measure_auto dune_tension.tensiometer] Sample of wire 44: measured frequency 239.21 Hz {'length': 0.4199, 'frequency': 239.20916024932558, 'tension': 6.216669777808208} with confidence 0.09 (amp=0.0000, harm=0.0000)
2026-08-31 13:50:08,672 INFO [pid=45788 gui-measure_auto dune_tension.tensiometer] Optimizer next pose: x=1197.476555728667 y=435.8287058861826 focus=6344
2026-08-31 13:50:09,493 INFO [pid=45788 Thread-2396 (_audio_worker) spectrum_analysis.audio_processing] Listening for audio events (RMS trigger)...
2026-08-31 13:50:09,643 INFO [pid=45788 Thread-2396 (_audio_worker) spectrum_analysis.audio_processing] Recording started.
2026-08-31 13:50:09,814 WARNING [pid=45788 Thread-2396 (_audio_worker) spectrum_analysis.audio_processing] Max recording length reached.
2026-08-31 13:50:10,013 INFO [pid=45788 gui-measure_auto dune_tension.tensiometer] Sample of wire 44: measured frequency 54.20 Hz {'length': 0.4199, 'frequency': 54.20243697263443, 'tension': 0.31918304388850577} with confidence 0.07 (amp=0.0000, harm=0.0000)
2026-08-31 13:50:10,014 INFO [pid=45788 gui-measure_auto dune_tension.tensiometer] Optimizer next pose: x=1210.077599233982 y=426.77170586673753 focus=6344
2026-08-31 13:50:10,383 INFO [pid=45788 Thread-2398 (_audio_worker) spectrum_analysis.audio_processing] Listening for audio events (RMS trigger)...
2026-08-31 13:50:10,517 INFO [pid=45788 Thread-2398 (_audio_worker) spectrum_analysis.audio_processing] Recording started.
2026-08-31 13:50:10,688 WARNING [pid=45788 Thread-2398 (_audio_worker) spectrum_analysis.audio_processing] Max recording length reached.
2026-08-31 13:50:10,886 INFO [pid=45788 gui-measure_auto dune_tension.tensiometer] Sample of wire 44: measured frequency 239.15 Hz {'length': 0.4199, 'frequency': 239.14955895836948, 'tension': 6.213572276154893} with confidence 0.33 (amp=0.0000, harm=0.0000)
2026-08-31 13:50:10,887 INFO [pid=45788 gui-measure_auto dune_tension.tensiometer] Optimizer next pose: x=1193.7802389568355 y=438.7764644497256 focus=6344
2026-08-31 13:50:11,883 INFO [pid=45788 Thread-2400 (_audio_worker) spectrum_analysis.audio_processing] Listening for audio events (RMS trigger)...
2026-08-31 13:50:12,032 INFO [pid=45788 Thread-2400 (_audio_worker) spectrum_analysis.audio_processing] Recording started.
2026-08-31 13:50:12,203 WARNING [pid=45788 Thread-2400 (_audio_worker) spectrum_analysis.audio_processing] Max recording length reached.
2026-08-31 13:50:12,417 INFO [pid=45788 gui-measure_auto dune_tension.tensiometer] Sample of wire 44: measured frequency 239.07 Hz {'length': 0.4199, 'frequency': 239.07228880281934, 'tension': 6.209557665937992} with confidence 0.08 (amp=0.0000, harm=0.0000)
2026-08-31 13:50:12,418 INFO [pid=45788 gui-measure_auto dune_tension.tensiometer] Optimizer next pose: x=1193.9883332671116 y=438.62689666421477 focus=6344
2026-08-31 13:50:13,213 INFO [pid=45788 Thread-2402 (_audio_worker) spectrum_analysis.audio_processing] Listening for audio events (RMS trigger)...
2026-08-31 13:50:13,355 INFO [pid=45788 Thread-2402 (_audio_worker) spectrum_analysis.audio_processing] Recording started.
2026-08-31 13:50:13,526 WARNING [pid=45788 Thread-2402 (_audio_worker) spectrum_analysis.audio_processing] Max recording length reached.
2026-08-31 13:50:13,725 INFO [pid=45788 gui-measure_auto dune_tension.tensiometer] Sample of wire 44: measured frequency 86.19 Hz {'length': 0.4199, 'frequency': 86.19284719328449, 'tension': 0.8071321370907314} with confidence 0.20 (amp=0.0000, harm=0.0000)
2026-08-31 13:50:13,726 INFO [pid=45788 gui-measure_auto dune_tension.tensiometer] Optimizer next pose: x=1199.9605367453735 y=434.334375414214 focus=6344
2026-08-31 13:50:14,085 INFO [pid=45788 Thread-2404 (_audio_worker) spectrum_analysis.audio_processing] Listening for audio events (RMS trigger)...
2026-08-31 13:50:14,230 INFO [pid=45788 Thread-2404 (_audio_worker) spectrum_analysis.audio_processing] Recording started.
2026-08-31 13:50:14,400 WARNING [pid=45788 Thread-2404 (_audio_worker) spectrum_analysis.audio_processing] Max recording length reached.
2026-08-31 13:50:14,602 INFO [pid=45788 gui-measure_auto dune_tension.tensiometer] Sample of wire 44: measured frequency 239.43 Hz {'length': 0.4199, 'frequency': 239.4341613292175, 'tension': 6.228370126158166} with confidence 0.07 (amp=0.0000, harm=0.0000)
2026-08-31 13:50:14,602 INFO [pid=45788 gui-measure_auto dune_tension.tensiometer] Optimizer next pose: x=1200.2169695790626 y=434.1500643149999 focus=6344
2026-08-31 13:50:15,283 INFO [pid=45788 Thread-2406 (_audio_worker) spectrum_analysis.audio_processing] Listening for audio events (RMS trigger)...
2026-08-31 13:50:15,424 INFO [pid=45788 Thread-2406 (_audio_worker) spectrum_analysis.audio_processing] Recording started.
2026-08-31 13:50:15,595 WARNING [pid=45788 Thread-2406 (_audio_worker) spectrum_analysis.audio_processing] Max recording length reached.
2026-08-31 13:50:15,805 INFO [pid=45788 gui-measure_auto dune_tension.tensiometer] Sample of wire 44: measured frequency 80.38 Hz {'length': 0.4199, 'frequency': 80.37713321984603, 'tension': 0.7018870190453739} with confidence 0.07 (amp=0.0000, harm=0.0000)
2026-08-31 13:50:15,806 INFO [pid=45788 gui-measure_auto dune_tension.tensiometer] Optimizer next pose: x=1194.9900419762366 y=437.9069185295311 focus=6344
2026-08-31 13:50:16,167 INFO [pid=45788 Thread-2408 (_audio_worker) spectrum_analysis.audio_processing] Listening for audio events (RMS trigger)...
2026-08-31 13:50:16,315 INFO [pid=45788 Thread-2408 (_audio_worker) spectrum_analysis.audio_processing] Recording started.
2026-08-31 13:50:16,470 WARNING [pid=45788 Thread-2408 (_audio_worker) spectrum_analysis.audio_processing] Max recording length reached.
2026-08-31 13:50:16,677 INFO [pid=45788 gui-measure_auto dune_tension.tensiometer] Sample of wire 44: measured frequency 239.53 Hz {'length': 0.4199, 'frequency': 239.53463880968056, 'tension': 6.233598638610865} with confidence 0.00 (amp=0.0000, harm=0.0000)
2026-08-31 13:50:16,677 INFO [pid=45788 gui-measure_auto dune_tension.tensiometer] Optimizer next pose: x=1198.3448074448804 y=435.4956808489434 focus=6344
2026-08-31 13:50:17,054 INFO [pid=45788 Thread-2410 (_audio_worker) spectrum_analysis.audio_processing] Listening for audio events (RMS trigger)...
2026-08-31 13:50:17,194 INFO [pid=45788 Thread-2410 (_audio_worker) spectrum_analysis.audio_processing] Recording started.
2026-08-31 13:50:17,366 WARNING [pid=45788 Thread-2410 (_audio_worker) spectrum_analysis.audio_processing] Max recording length reached.
2026-08-31 13:50:17,576 INFO [pid=45788 gui-measure_auto dune_tension.tensiometer] Sample of wire 44: measured frequency 239.43 Hz {'length': 0.4199, 'frequency': 239.4326343455657, 'tension': 6.228290683951756} with confidence 0.44 (amp=0.0000, harm=0.0000)
2026-08-31 13:50:17,576 INFO [pid=45788 gui-measure_auto dune_tension.tensiometer] Optimizer next pose: x=1196.4455489225318 y=436.8410661858072 focus=6344
2026-08-31 13:50:18,261 INFO [pid=45788 Thread-2412 (_audio_worker) spectrum_analysis.audio_processing] Listening for audio events (RMS trigger)...
2026-08-31 13:50:18,411 INFO [pid=45788 Thread-2412 (_audio_worker) spectrum_analysis.audio_processing] Recording started.
2026-08-31 13:50:18,582 WARNING [pid=45788 Thread-2412 (_audio_worker) spectrum_analysis.audio_processing] Max recording length reached.
2026-08-31 13:50:18,783 INFO [pid=45788 gui-measure_auto dune_tension.tensiometer] Sample of wire 44: measured frequency 79.65 Hz {'length': 0.4199, 'frequency': 79.65330581983962, 'tension': 0.6893024078755049} with confidence 0.06 (amp=0.0000, harm=0.0000)
2026-08-31 13:50:18,784 INFO [pid=45788 gui-measure_auto dune_tension.tensiometer] Optimizer next pose: x=1195.0952411310002 y=437.8115999109706 focus=6344
2026-08-31 13:50:19,137 INFO [pid=45788 Thread-2414 (_audio_worker) spectrum_analysis.audio_processing] Listening for audio events (RMS trigger)...
2026-08-31 13:50:19,285 INFO [pid=45788 Thread-2414 (_audio_worker) spectrum_analysis.audio_processing] Recording started.
2026-08-31 13:50:19,457 WARNING [pid=45788 Thread-2414 (_audio_worker) spectrum_analysis.audio_processing] Max recording length reached.
2026-08-31 13:50:19,506 INFO [pid=45788 MainThread dune_tension.gui.app] GUI heartbeat. measurement_active=True active_measurement=measure auto focus=6344 threads=6 vmsize=6067064 kB vmhwm=2220744 kB vmrss=1267748 kB
2026-08-31 13:50:19,669 INFO [pid=45788 gui-measure_auto dune_tension.tensiometer] Sample of wire 44: measured frequency 239.35 Hz {'length': 0.4199, 'frequency': 239.34937875699882, 'tension': 6.223960030742091} with confidence 0.07 (amp=0.0000, harm=0.0000)
2026-08-31 13:50:19,670 INFO [pid=45788 gui-measure_auto dune_tension.tensiometer] Optimizer next pose: x=1192.0432816029668 y=440.00519582174456 focus=6344
2026-08-31 13:50:20,249 INFO [pid=45788 Thread-2416 (_audio_worker) spectrum_analysis.audio_processing] Listening for audio events (RMS trigger)...
2026-08-31 13:50:20,395 INFO [pid=45788 Thread-2416 (_audio_worker) spectrum_analysis.audio_processing] Recording started.
2026-08-31 13:50:20,566 WARNING [pid=45788 Thread-2416 (_audio_worker) spectrum_analysis.audio_processing] Max recording length reached.
2026-08-31 13:50:20,778 INFO [pid=45788 gui-measure_auto dune_tension.tensiometer] Sample of wire 44: measured frequency 85.82 Hz {'length': 0.4199, 'frequency': 85.81755125416106, 'tension': 0.8001187024695285} with confidence 0.09 (amp=0.0000, harm=0.0000)
2026-08-31 13:50:20,779 INFO [pid=45788 gui-measure_auto dune_tension.tensiometer] Optimizer next pose: x=1193.6154158418508 y=438.8752243375467 focus=6344
2026-08-31 13:50:21,367 INFO [pid=45788 Thread-2418 (_audio_worker) spectrum_analysis.audio_processing] Listening for audio events (RMS trigger)...
2026-08-31 13:50:21,525 INFO [pid=45788 Thread-2418 (_audio_worker) spectrum_analysis.audio_processing] Recording started.
2026-08-31 13:50:21,697 WARNING [pid=45788 Thread-2418 (_audio_worker) spectrum_analysis.audio_processing] Max recording length reached.
2026-08-31 13:50:21,898 INFO [pid=45788 gui-measure_auto dune_tension.tensiometer] Sample of wire 44: measured frequency 238.95 Hz {'length': 0.4199, 'frequency': 238.95391649722652, 'tension': 6.203410088646333} with confidence 0.16 (amp=0.0000, harm=0.0000)
2026-08-31 13:50:21,899 INFO [pid=45788 gui-measure_auto dune_tension.tensiometer] Optimizer next pose: x=1191.7294769838118 y=440.23074289176225 focus=6344
2026-08-31 13:50:22,591 INFO [pid=45788 Thread-2420 (_audio_worker) spectrum_analysis.audio_processing] Listening for audio events (RMS trigger)...
2026-08-31 13:50:22,741 INFO [pid=45788 Thread-2420 (_audio_worker) spectrum_analysis.audio_processing] Recording started.
2026-08-31 13:50:22,913 WARNING [pid=45788 Thread-2420 (_audio_worker) spectrum_analysis.audio_processing] Max recording length reached.
2026-08-31 13:50:23,316 INFO [pid=45788 gui-measure_auto dune_tension.tensiometer] Sample of wire 44: measured frequency 85.56 Hz {'length': 0.4199, 'frequency': 85.5631586063261, 'tension': 0.7953820810031408} with confidence 0.06 (amp=0.0000, harm=0.0000)
2026-08-31 13:50:23,316 INFO [pid=45788 gui-measure_auto dune_tension.tensiometer] Optimizer next pose: x=1196.217421575583 y=437.0050327164266 focus=6344
2026-08-31 13:50:23,687 INFO [pid=45788 Thread-2422 (_audio_worker) spectrum_analysis.audio_processing] Listening for audio events (RMS trigger)...
2026-08-31 13:50:23,830 INFO [pid=45788 Thread-2422 (_audio_worker) spectrum_analysis.audio_processing] Recording started.
2026-08-31 13:50:24,000 WARNING [pid=45788 Thread-2422 (_audio_worker) spectrum_analysis.audio_processing] Max recording length reached.
2026-08-31 13:50:24,213 INFO [pid=45788 gui-measure_auto dune_tension.tensiometer] Sample of wire 44: measured frequency 238.40 Hz {'length': 0.4199, 'frequency': 238.39784480235227, 'tension': 6.174571665868814} with confidence 0.69 (amp=0.0000, harm=0.0000)
2026-08-31 13:50:24,237 INFO [pid=45788 gui-measure_auto dune_tension.tensiometer] Result: wire 44 length 419.9 mm tension 6.2 N frequency 238.4 Hz confidence 0.69 at 1191.7294921875,440.216796875 focus 6344. Took 28.20 seconds.
2026-08-31 13:50:24,283 INFO [pid=45788 gui-measure_auto dune_tension.tensiometer] Timing profile for list wire 44: total=36.75s stages=[wire_total_wall=36.75s, collect_samples=31.78s, acquire_audio=15.36s, strum=15.36s, optimizer_move=14.67s, move_to_measurement_pose=4.68s, wait_for_audio_trigger=4.42s, analyze_audio=0.89s, reset_plc_after_collect=0.16s, reset_plc_before_move=0.06s, reset_plc_before_persist=0.04s, append_result=0.02s, summary_refresh=0.02s, plan_measurement_pose=0.00s, merge_results=0.00s]
2026-08-31 13:50:24,284 INFO [pid=45788 gui-measure_auto dune_tension.tensiometer] Measuring wire 43 at 1198.8365580636505,429.16196230147324 focus=6209
2026-08-31 13:50:25,571 INFO [pid=45788 gui-monitor-tension-logs dune_tension.gui.actions] Updated tension logs for APA-US-013 layer V
2026-08-31 13:50:26,254 INFO [pid=45788 Thread-2426 (_audio_worker) spectrum_analysis.audio_processing] Listening for audio events (RMS trigger)...
2026-08-31 13:50:26,412 INFO [pid=45788 Thread-2426 (_audio_worker) spectrum_analysis.audio_processing] Recording started.
2026-08-31 13:50:26,583 WARNING [pid=45788 Thread-2426 (_audio_worker) spectrum_analysis.audio_processing] Max recording length reached.
2026-08-31 13:50:26,942 INFO [pid=45788 gui-measure_auto dune_tension.tensiometer] Sample of wire 43: measured frequency 82.12 Hz {'length': 0.4101, 'frequency': 82.11989389978496, 'tension': 0.6988544490411127} with confidence 0.12 (amp=0.0000, harm=0.0000)
2026-08-31 13:50:26,942 INFO [pid=45788 gui-measure_auto dune_tension.tensiometer] Optimizer next pose: x=1193.6125021558057 y=432.91675248523666 focus=6344
2026-08-31 13:50:27,145 INFO [pid=45788 Thread-2428 (_audio_worker) spectrum_analysis.audio_processing] Listening for audio events (RMS trigger)...
2026-08-31 13:50:27,287 INFO [pid=45788 Thread-2428 (_audio_worker) spectrum_analysis.audio_processing] Recording started.
2026-08-31 13:50:27,456 WARNING [pid=45788 Thread-2428 (_audio_worker) spectrum_analysis.audio_processing] Max recording length reached.
2026-08-31 13:50:27,662 INFO [pid=45788 gui-measure_auto dune_tension.tensiometer] Sample of wire 43: measured frequency 81.66 Hz {'length': 0.4101, 'frequency': 81.65814673953065, 'tension': 0.6910174484508607} with confidence 0.16 (amp=0.0000, harm=0.0000)
2026-08-31 13:50:27,662 INFO [pid=45788 gui-measure_auto dune_tension.tensiometer] Optimizer next pose: x=1200.5242548898404 y=427.9489302076492 focus=6344
2026-08-31 13:50:28,130 INFO [pid=45788 Thread-2430 (_audio_worker) spectrum_analysis.audio_processing] Listening for audio events (RMS trigger)...
2026-08-31 13:50:28,267 INFO [pid=45788 Thread-2430 (_audio_worker) spectrum_analysis.audio_processing] Recording started.
2026-08-31 13:50:28,438 WARNING [pid=45788 Thread-2430 (_audio_worker) spectrum_analysis.audio_processing] Max recording length reached.
2026-08-31 13:50:28,651 INFO [pid=45788 gui-measure_auto dune_tension.tensiometer] Sample of wire 43: measured frequency 245.16 Hz {'length': 0.4101, 'frequency': 245.15637912646653, 'tension': 6.22839821905371} with confidence 0.86 (amp=0.0000, harm=0.0000)
2026-08-31 13:50:28,678 INFO [pid=45788 gui-measure_auto dune_tension.tensiometer] Result: wire 43 length 410.1 mm tension 6.2 N frequency 245.2 Hz confidence 0.86 at 1193.609619140625,432.8847961425781 focus 6344. Took 2.45 seconds.
2026-08-31 13:50:28,693 WARNING [pid=45788 gui-measure_auto dune_tension.tensiometer] Wire 43 tension 6.23 N flagged as an outlier versus nearby wires; remeasuring and keeping only the second measurement.
2026-08-31 13:50:30,400 INFO [pid=45788 gui-monitor-tension-logs dune_tension.gui.actions] Updated tension logs for APA-US-013 layer V
2026-08-31 13:50:30,750 INFO [pid=45788 Thread-2434 (_audio_worker) spectrum_analysis.audio_processing] Listening for audio events (RMS trigger)...
2026-08-31 13:50:31,213 INFO [pid=45788 Thread-2434 (_audio_worker) spectrum_analysis.audio_processing] Recording started.
2026-08-31 13:50:31,384 WARNING [pid=45788 Thread-2434 (_audio_worker) spectrum_analysis.audio_processing] Max recording length reached.
2026-08-31 13:50:31,595 INFO [pid=45788 gui-measure_auto dune_tension.tensiometer] Sample of wire 43: measured frequency 245.16 Hz {'length': 0.4101, 'frequency': 245.1558953402951, 'tension': 6.228373637111634} with confidence 0.23 (amp=0.0000, harm=0.3236)
2026-08-31 13:50:31,596 INFO [pid=45788 gui-measure_auto dune_tension.tensiometer] Optimizer next pose: x=1213.117579472843 y=418.89332254808346 focus=6344
2026-08-31 13:50:31,739 INFO [pid=45788 Thread-2436 (_audio_worker) spectrum_analysis.audio_processing] Listening for audio events (RMS trigger)...
2026-08-31 13:50:32,065 INFO [pid=45788 Thread-2436 (_audio_worker) spectrum_analysis.audio_processing] Timeout reached while waiting for audio event.
2026-08-31 13:50:32,671 INFO [pid=45788 gui-measure_auto dune_tension.tensiometer] Sample of wire 43: no audio detected.
2026-08-31 13:50:32,671 INFO [pid=45788 gui-measure_auto dune_tension.tensiometer] Optimizer next pose: x=1206.283293532717 y=423.80546556754916 focus=6344
2026-08-31 13:50:33,586 INFO [pid=45788 Thread-2437 (_audio_worker) spectrum_analysis.audio_processing] Listening for audio events (RMS trigger)...
2026-08-31 13:50:33,728 INFO [pid=45788 Thread-2437 (_audio_worker) spectrum_analysis.audio_processing] Recording started.
2026-08-31 13:50:33,900 WARNING [pid=45788 Thread-2437 (_audio_worker) spectrum_analysis.audio_processing] Max recording length reached.
2026-08-31 13:50:34,111 INFO [pid=45788 gui-measure_auto dune_tension.tensiometer] Sample of wire 43: measured frequency 245.03 Hz {'length': 0.4101, 'frequency': 245.02612226829936, 'tension': 6.221781413421466} with confidence 0.14 (amp=0.0000, harm=0.0000)
2026-08-31 13:50:34,112 INFO [pid=45788 gui-measure_auto dune_tension.tensiometer] Optimizer next pose: x=1208.5882395314738 y=422.1487856309426 focus=6344
2026-08-31 13:50:34,507 INFO [pid=45788 MainThread dune_tension.gui.app] GUI heartbeat. measurement_active=True active_measurement=measure auto focus=6344 threads=5 vmsize=6083116 kB vmhwm=2220744 kB vmrss=1349052 kB
2026-08-31 13:50:34,663 INFO [pid=45788 Thread-2439 (_audio_worker) spectrum_analysis.audio_processing] Listening for audio events (RMS trigger)...
2026-08-31 13:50:34,816 INFO [pid=45788 Thread-2439 (_audio_worker) spectrum_analysis.audio_processing] Recording started.
2026-08-31 13:50:34,987 WARNING [pid=45788 Thread-2439 (_audio_worker) spectrum_analysis.audio_processing] Max recording length reached.
2026-08-31 13:50:35,200 INFO [pid=45788 gui-measure_auto dune_tension.tensiometer] Sample of wire 43: measured frequency 245.04 Hz {'length': 0.4101, 'frequency': 245.04121049991278, 'tension': 6.222547687388383} with confidence 0.09 (amp=0.0000, harm=0.0000)
2026-08-31 13:50:35,200 INFO [pid=45788 gui-measure_auto dune_tension.tensiometer] Optimizer next pose: x=1203.9320005254826 y=425.4954574164988 focus=6344
2026-08-31 13:50:36,118 INFO [pid=45788 Thread-2441 (_audio_worker) spectrum_analysis.audio_processing] Listening for audio events (RMS trigger)...
2026-08-31 13:50:36,267 INFO [pid=45788 Thread-2441 (_audio_worker) spectrum_analysis.audio_processing] Recording started.
2026-08-31 13:50:36,438 WARNING [pid=45788 Thread-2441 (_audio_worker) spectrum_analysis.audio_processing] Max recording length reached.
2026-08-31 13:50:36,647 INFO [pid=45788 gui-measure_auto dune_tension.tensiometer] Sample of wire 43: measured frequency 120.99 Hz {'length': 0.4101, 'frequency': 120.99068978592905, 'tension': 1.5170289916028872} with confidence 0.00 (amp=0.0000, harm=0.0000)
2026-08-31 13:50:36,648 INFO [pid=45788 gui-measure_auto dune_tension.tensiometer] Optimizer next pose: x=1197.1447596698965 y=430.3737867814513 focus=6344
2026-08-31 13:50:37,162 INFO [pid=45788 Thread-2443 (_audio_worker) spectrum_analysis.audio_processing] Listening for audio events (RMS trigger)...
2026-08-31 13:50:37,312 INFO [pid=45788 Thread-2443 (_audio_worker) spectrum_analysis.audio_processing] Recording started.
2026-08-31 13:50:37,483 WARNING [pid=45788 Thread-2443 (_audio_worker) spectrum_analysis.audio_processing] Max recording length reached.
2026-08-31 13:50:37,693 INFO [pid=45788 gui-measure_auto dune_tension.tensiometer] Sample of wire 43: measured frequency 244.57 Hz {'length': 0.4101, 'frequency': 244.56864646011914, 'tension': 6.198570358619512} with confidence 0.23 (amp=0.0000, harm=0.0000)
2026-08-31 13:50:37,694 INFO [pid=45788 gui-measure_auto dune_tension.tensiometer] Optimizer next pose: x=1204.743098548856 y=424.9124807121991 focus=6344
2026-08-31 13:50:38,304 INFO [pid=45788 Thread-2445 (_audio_worker) spectrum_analysis.audio_processing] Listening for audio events (RMS trigger)...
2026-08-31 13:50:38,443 INFO [pid=45788 Thread-2445 (_audio_worker) spectrum_analysis.audio_processing] Recording started.
2026-08-31 13:50:38,614 WARNING [pid=45788 Thread-2445 (_audio_worker) spectrum_analysis.audio_processing] Max recording length reached.
2026-08-31 13:50:38,829 INFO [pid=45788 gui-measure_auto dune_tension.tensiometer] Sample of wire 43: measured frequency 245.69 Hz {'length': 0.4101, 'frequency': 245.68886222019876, 'tension': 6.255483938992617} with confidence 0.80 (amp=0.0000, harm=0.0000)
2026-08-31 13:50:38,888 INFO [pid=45788 gui-measure_auto dune_tension.tensiometer] Result: wire 43 length 410.1 mm tension 6.3 N frequency 245.7 Hz confidence 0.80 at 1197.1436767578125,430.37860107421875 focus 6344. Took 8.26 seconds.
2026-08-31 13:50:39,027 INFO [pid=45788 gui-measure_auto dune_tension.tensiometer] Timing profile for list wire 43: total=14.74s stages=[wire_total_wall=14.74s, collect_samples=10.63s, acquire_audio=6.07s, strum=6.07s, optimizer_move=3.97s, move_to_measurement_pose=3.79s, wait_for_audio_trigger=1.96s, analyze_audio=0.43s, reset_plc_before_persist=0.13s, reset_plc_before_move=0.09s, reset_plc_after_collect=0.09s, append_result=0.02s, summary_refresh=0.00s, plan_measurement_pose=0.00s, merge_results=0.00s]
2026-08-31 13:50:39,028 INFO [pid=45788 gui-measure_auto dune_tension.tensiometer] Measuring wire 42 at 1194.8437759900412,426.2951308366565 focus=6208
2026-08-31 13:50:40,543 INFO [pid=45788 gui-monitor-tension-logs dune_tension.gui.actions] Updated tension logs for APA-US-013 layer V
2026-08-31 13:50:41,235 INFO [pid=45788 Thread-2449 (_audio_worker) spectrum_analysis.audio_processing] Listening for audio events (RMS trigger)...
2026-08-31 13:50:41,387 INFO [pid=45788 Thread-2449 (_audio_worker) spectrum_analysis.audio_processing] Recording started.
2026-08-31 13:50:41,560 WARNING [pid=45788 Thread-2449 (_audio_worker) spectrum_analysis.audio_processing] Max recording length reached.
2026-08-31 13:50:41,921 INFO [pid=45788 gui-measure_auto dune_tension.tensiometer] Sample of wire 42: measured frequency 245.77 Hz {'length': 0.4002, 'frequency': 245.7657928478249, 'tension': 5.9608401450164346} with confidence 0.14 (amp=0.0000, harm=0.0000)
2026-08-31 13:50:41,922 INFO [pid=45788 gui-measure_auto dune_tension.tensiometer] Optimizer next pose: x=1197.8953782948936 y=424.0828682067464 focus=6344
2026-08-31 13:50:42,033 INFO [pid=45788 Thread-2451 (_audio_worker) spectrum_analysis.audio_processing] Listening for audio events (RMS trigger)...
2026-08-31 13:50:42,348 INFO [pid=45788 Thread-2451 (_audio_worker) spectrum_analysis.audio_processing] Timeout reached while waiting for audio event.
2026-08-31 13:50:42,973 INFO [pid=45788 gui-measure_auto dune_tension.tensiometer] Sample of wire 42: no audio detected.
2026-08-31 13:50:42,974 INFO [pid=45788 gui-measure_auto dune_tension.tensiometer] Optimizer next pose: x=1177.5336990405167 y=438.71782517082977 focus=6344
2026-08-31 13:50:43,147 INFO [pid=45788 Thread-2452 (_audio_worker) spectrum_analysis.audio_processing] Listening for audio events (RMS trigger)...
2026-08-31 13:50:43,286 INFO [pid=45788 Thread-2452 (_audio_worker) spectrum_analysis.audio_processing] Recording started.
2026-08-31 13:50:43,457 WARNING [pid=45788 Thread-2452 (_audio_worker) spectrum_analysis.audio_processing] Max recording length reached.
2026-08-31 13:50:43,670 INFO [pid=45788 gui-measure_auto dune_tension.tensiometer] Sample of wire 42: measured frequency 243.22 Hz {'length': 0.4002, 'frequency': 243.2163028534299, 'tension': 5.837810187342642} with confidence 0.17 (amp=0.0000, harm=0.0000)
2026-08-31 13:50:43,671 INFO [pid=45788 gui-measure_auto dune_tension.tensiometer] Optimizer next pose: x=1187.8362237404504 y=431.59062220657086 focus=6344
2026-08-31 13:50:44,657 INFO [pid=45788 Thread-2454 (_audio_worker) spectrum_analysis.audio_processing] Listening for audio events (RMS trigger)...
2026-08-31 13:50:44,800 INFO [pid=45788 Thread-2454 (_audio_worker) spectrum_analysis.audio_processing] Recording started.
2026-08-31 13:50:44,972 WARNING [pid=45788 Thread-2454 (_audio_worker) spectrum_analysis.audio_processing] Max recording length reached.
2026-08-31 13:50:45,175 INFO [pid=45788 gui-measure_auto dune_tension.tensiometer] Sample of wire 42: measured frequency 244.66 Hz {'length': 0.4002, 'frequency': 244.656959961451, 'tension': 5.907173887048015} with confidence 0.41 (amp=0.0000, harm=0.0000)
2026-08-31 13:50:45,176 INFO [pid=45788 gui-measure_auto dune_tension.tensiometer] Optimizer next pose: x=1184.5634678297424 y=433.64367921978476 focus=6344
2026-08-31 13:50:46,216 INFO [pid=45788 Thread-2456 (_audio_worker) spectrum_analysis.audio_processing] Listening for audio events (RMS trigger)...
2026-08-31 13:50:46,358 INFO [pid=45788 Thread-2456 (_audio_worker) spectrum_analysis.audio_processing] Recording started.
2026-08-31 13:50:46,529 WARNING [pid=45788 Thread-2456 (_audio_worker) spectrum_analysis.audio_processing] Max recording length reached.
2026-08-31 13:50:46,733 INFO [pid=45788 gui-measure_auto dune_tension.tensiometer] Sample of wire 42: measured frequency 58.94 Hz {'length': 0.4002, 'frequency': 58.93506112759035, 'tension': 0.34277732227245933} with confidence 0.09 (amp=0.0000, harm=0.0000)
2026-08-31 13:50:46,750 INFO [pid=45788 gui-measure_auto dune_tension.tensiometer] Optimizer next pose: x=1187.099978610661 y=431.82056209599943 focus=6344
2026-08-31 13:50:47,340 INFO [pid=45788 Thread-2458 (_audio_worker) spectrum_analysis.audio_processing] Listening for audio events (RMS trigger)...
2026-08-31 13:50:47,488 INFO [pid=45788 Thread-2458 (_audio_worker) spectrum_analysis.audio_processing] Recording started.
2026-08-31 13:50:47,660 WARNING [pid=45788 Thread-2458 (_audio_worker) spectrum_analysis.audio_processing] Max recording length reached.
2026-08-31 13:50:47,870 INFO [pid=45788 gui-measure_auto dune_tension.tensiometer] Sample of wire 42: measured frequency 243.78 Hz {'length': 0.4002, 'frequency': 243.78347447419873, 'tension': 5.865069058066951} with confidence 0.22 (amp=0.0000, harm=0.0000)
2026-08-31 13:50:47,870 INFO [pid=45788 gui-measure_auto dune_tension.tensiometer] Optimizer next pose: x=1178.7176984537612 y=437.8453259587713 focus=6344
2026-08-31 13:50:48,453 INFO [pid=45788 Thread-2460 (_audio_worker) spectrum_analysis.audio_processing] Listening for audio events (RMS trigger)...
2026-08-31 13:50:48,598 INFO [pid=45788 Thread-2460 (_audio_worker) spectrum_analysis.audio_processing] Recording started.
2026-08-31 13:50:48,769 WARNING [pid=45788 Thread-2460 (_audio_worker) spectrum_analysis.audio_processing] Max recording length reached.
2026-08-31 13:50:48,979 INFO [pid=45788 gui-measure_auto dune_tension.tensiometer] Sample of wire 42: measured frequency 243.35 Hz {'length': 0.4002, 'frequency': 243.34757920320772, 'tension': 5.844113820995354} with confidence 0.09 (amp=0.0000, harm=0.0000)
2026-08-31 13:50:48,979 INFO [pid=45788 gui-measure_auto dune_tension.tensiometer] Optimizer next pose: x=1176.9879937109351 y=439.08855124267745 focus=6344
2026-08-31 13:50:49,508 INFO [pid=45788 MainThread dune_tension.gui.app] GUI heartbeat. measurement_active=True active_measurement=measure auto focus=6344 threads=5 vmsize=6087724 kB vmhwm=2220744 kB vmrss=1349180 kB
2026-08-31 13:50:49,988 INFO [pid=45788 Thread-2462 (_audio_worker) spectrum_analysis.audio_processing] Listening for audio events (RMS trigger)...
2026-08-31 13:50:50,134 INFO [pid=45788 Thread-2462 (_audio_worker) spectrum_analysis.audio_processing] Recording started.
2026-08-31 13:50:50,305 WARNING [pid=45788 Thread-2462 (_audio_worker) spectrum_analysis.audio_processing] Max recording length reached.
2026-08-31 13:50:50,511 INFO [pid=45788 gui-measure_auto dune_tension.tensiometer] Sample of wire 42: measured frequency 242.87 Hz {'length': 0.4002, 'frequency': 242.86824585850323, 'tension': 5.821113635600524} with confidence 0.15 (amp=0.0000, harm=0.0000)
2026-08-31 13:50:50,512 INFO [pid=45788 gui-measure_auto dune_tension.tensiometer] Optimizer next pose: x=1168.2551082731309 y=445.3653126510993 focus=6344
2026-08-31 13:50:51,327 INFO [pid=45788 Thread-2464 (_audio_worker) spectrum_analysis.audio_processing] Listening for audio events (RMS trigger)...
2026-08-31 13:50:51,478 INFO [pid=45788 Thread-2464 (_audio_worker) spectrum_analysis.audio_processing] Recording started.
2026-08-31 13:50:51,649 WARNING [pid=45788 Thread-2464 (_audio_worker) spectrum_analysis.audio_processing] Max recording length reached.
2026-08-31 13:50:51,858 INFO [pid=45788 gui-measure_auto dune_tension.tensiometer] Sample of wire 42: measured frequency 241.79 Hz {'length': 0.4002, 'frequency': 241.7879393078897, 'tension': 5.7694428131582605} with confidence 0.06 (amp=0.0000, harm=0.0000)
2026-08-31 13:50:51,858 INFO [pid=45788 gui-measure_auto dune_tension.tensiometer] Optimizer next pose: x=1174.4469570170595 y=440.91492136640056 focus=6344
2026-08-31 13:50:52,820 INFO [pid=45788 Thread-2466 (_audio_worker) spectrum_analysis.audio_processing] Listening for audio events (RMS trigger)...
2026-08-31 13:50:52,971 INFO [pid=45788 Thread-2466 (_audio_worker) spectrum_analysis.audio_processing] Recording started.
2026-08-31 13:50:53,142 WARNING [pid=45788 Thread-2466 (_audio_worker) spectrum_analysis.audio_processing] Max recording length reached.
2026-08-31 13:50:53,352 INFO [pid=45788 gui-measure_auto dune_tension.tensiometer] Sample of wire 42: measured frequency 243.68 Hz {'length': 0.4002, 'frequency': 243.68256746229287, 'tension': 5.860214716648395} with confidence 0.88 (amp=0.0000, harm=0.0282)
2026-08-31 13:50:53,437 INFO [pid=45788 gui-measure_auto dune_tension.tensiometer] Result: wire 42 length 400.2 mm tension 5.9 N frequency 243.7 Hz confidence 0.88 at 1168.2557373046875,445.3634948730469 focus 6344. Took 12.23 seconds.
2026-08-31 13:50:53,478 INFO [pid=45788 gui-measure_auto dune_tension.tensiometer] Timing profile for list wire 42: total=14.45s stages=[wire_total_wall=14.45s, collect_samples=12.15s, optimizer_move=5.93s, acquire_audio=5.64s, strum=5.64s, move_to_measurement_pose=2.15s, wait_for_audio_trigger=1.54s, analyze_audio=0.41s, reset_plc_after_collect=0.08s, reset_plc_before_move=0.02s, reset_plc_before_persist=0.02s, summary_refresh=0.02s, append_result=0.01s, plan_measurement_pose=0.00s, merge_results=0.00s]
2026-08-31 13:50:53,483 INFO [pid=45788 gui-measure_auto dune_tension.tensiometer] Measuring wire 41 at 1190.850993978238,423.42825834792137 focus=6208
2026-08-31 13:50:54,827 INFO [pid=45788 gui-monitor-tension-logs dune_tension.gui.actions] Updated tension logs for APA-US-013 layer V
2026-08-31 13:50:55,269 INFO [pid=45788 Thread-2470 (_audio_worker) spectrum_analysis.audio_processing] Listening for audio events (RMS trigger)...
2026-08-31 13:50:55,434 INFO [pid=45788 Thread-2470 (_audio_worker) spectrum_analysis.audio_processing] Recording started.
2026-08-31 13:50:55,596 WARNING [pid=45788 Thread-2470 (_audio_worker) spectrum_analysis.audio_processing] Max recording length reached.
2026-08-31 13:50:55,950 INFO [pid=45788 gui-measure_auto dune_tension.tensiometer] Sample of wire 41: measured frequency 55.89 Hz {'length': 0.39039999999999997, 'frequency': 55.88976623934497, 'tension': 0.2933557741531387} with confidence 0.09 (amp=0.0000, harm=0.0000)
2026-08-31 13:50:55,950 INFO [pid=45788 gui-measure_auto dune_tension.tensiometer] Optimizer next pose: x=1190.0264800542507 y=424.0208777307872 focus=6344
2026-08-31 13:50:56,150 INFO [pid=45788 Thread-2472 (_audio_worker) spectrum_analysis.audio_processing] Listening for audio events (RMS trigger)...
2026-08-31 13:50:56,300 INFO [pid=45788 Thread-2472 (_audio_worker) spectrum_analysis.audio_processing] Recording started.
2026-08-31 13:50:56,470 WARNING [pid=45788 Thread-2472 (_audio_worker) spectrum_analysis.audio_processing] Max recording length reached.
2026-08-31 13:50:56,674 INFO [pid=45788 gui-measure_auto dune_tension.tensiometer] Sample of wire 41: measured frequency 256.12 Hz {'length': 0.39039999999999997, 'frequency': 256.12184485642723, 'tension': 6.160604054962222} with confidence 0.19 (amp=0.0000, harm=0.0000)
2026-08-31 13:50:56,675 INFO [pid=45788 gui-measure_auto dune_tension.tensiometer] Optimizer next pose: x=1173.8316951774987 y=435.9485638482529 focus=6344
2026-08-31 13:50:57,091 INFO [pid=45788 Thread-2474 (_audio_worker) spectrum_analysis.audio_processing] Listening for audio events (RMS trigger)...
2026-08-31 13:50:57,248 INFO [pid=45788 Thread-2474 (_audio_worker) spectrum_analysis.audio_processing] Recording started.
2026-08-31 13:50:57,409 WARNING [pid=45788 Thread-2474 (_audio_worker) spectrum_analysis.audio_processing] Max recording length reached.
2026-08-31 13:50:57,615 INFO [pid=45788 gui-measure_auto dune_tension.tensiometer] Sample of wire 41: measured frequency 83.69 Hz {'length': 0.39039999999999997, 'frequency': 83.69312248231455, 'tension': 0.6578238221958083} with confidence 0.07 (amp=0.0000, harm=0.0000)
2026-08-31 13:50:57,616 INFO [pid=45788 gui-measure_auto dune_tension.tensiometer] Optimizer next pose: x=1189.0259073686134 y=425.0277238358892 focus=6344
2026-08-31 13:50:58,399 INFO [pid=45788 Thread-2476 (_audio_worker) spectrum_analysis.audio_processing] Listening for audio events (RMS trigger)...
2026-08-31 13:50:58,539 INFO [pid=45788 Thread-2476 (_audio_worker) spectrum_analysis.audio_processing] Recording started.
2026-08-31 13:50:58,710 WARNING [pid=45788 Thread-2476 (_audio_worker) spectrum_analysis.audio_processing] Max recording length reached.
2026-08-31 13:50:58,917 INFO [pid=45788 gui-measure_auto dune_tension.tensiometer] Sample of wire 41: measured frequency 257.42 Hz {'length': 0.39039999999999997, 'frequency': 257.41535852247085, 'tension': 6.222988021898971} with confidence 0.15 (amp=0.0000, harm=0.0000)
2026-08-31 13:50:58,917 INFO [pid=45788 gui-measure_auto dune_tension.tensiometer] Optimizer next pose: x=1196.9696704181597 y=419.31814414402777 focus=6344
2026-08-31 13:50:59,813 INFO [pid=45788 Thread-2478 (_audio_worker) spectrum_analysis.audio_processing] Listening for audio events (RMS trigger)...
2026-08-31 13:50:59,947 INFO [pid=45788 Thread-2478 (_audio_worker) spectrum_analysis.audio_processing] Recording started.
2026-08-31 13:51:00,118 WARNING [pid=45788 Thread-2478 (_audio_worker) spectrum_analysis.audio_processing] Max recording length reached.
2026-08-31 13:51:00,332 INFO [pid=45788 gui-measure_auto dune_tension.tensiometer] Sample of wire 41: measured frequency 59.25 Hz {'length': 0.39039999999999997, 'frequency': 59.25240466631932, 'tension': 0.3297175126882908} with confidence 0.08 (amp=0.0000, harm=0.0000)
2026-08-31 13:51:00,332 INFO [pid=45788 gui-measure_auto dune_tension.tensiometer] Optimizer next pose: x=1186.1096889265054 y=427.1237558411543 focus=6344
2026-08-31 13:51:01,714 INFO [pid=45788 Thread-2480 (_audio_worker) spectrum_analysis.audio_processing] Listening for audio events (RMS trigger)...
2026-08-31 13:51:01,867 INFO [pid=45788 Thread-2480 (_audio_worker) spectrum_analysis.audio_processing] Recording started.
2026-08-31 13:51:02,038 WARNING [pid=45788 Thread-2480 (_audio_worker) spectrum_analysis.audio_processing] Max recording length reached.
2026-08-31 13:51:02,246 INFO [pid=45788 gui-measure_auto dune_tension.tensiometer] Sample of wire 41: measured frequency 84.33 Hz {'length': 0.39039999999999997, 'frequency': 84.32503636516878, 'tension': 0.6677949474704464} with confidence 0.08 (amp=0.0000, harm=0.0000)
2026-08-31 13:51:02,246 INFO [pid=45788 gui-measure_auto dune_tension.tensiometer] Optimizer next pose: x=1183.5842093824547 y=428.93894426344076 focus=6344
2026-08-31 13:51:03,148 INFO [pid=45788 Thread-2482 (_audio_worker) spectrum_analysis.audio_processing] Listening for audio events (RMS trigger)...
2026-08-31 13:51:03,297 INFO [pid=45788 Thread-2482 (_audio_worker) spectrum_analysis.audio_processing] Recording started.
2026-08-31 13:51:03,467 WARNING [pid=45788 Thread-2482 (_audio_worker) spectrum_analysis.audio_processing] Max recording length reached.
2026-08-31 13:51:03,682 INFO [pid=45788 gui-measure_auto dune_tension.tensiometer] Sample of wire 41: measured frequency 51.80 Hz {'length': 0.39039999999999997, 'frequency': 51.79915225485424, 'tension': 0.251985388564467} with confidence 0.06 (amp=0.0000, harm=0.0000)
2026-08-31 13:51:03,682 INFO [pid=45788 gui-measure_auto dune_tension.tensiometer] Optimizer next pose: x=1185.7872470860132 y=427.3555109140081 focus=6344
2026-08-31 13:51:04,493 INFO [pid=45788 Thread-2484 (_audio_worker) spectrum_analysis.audio_processing] Listening for audio events (RMS trigger)...
2026-08-31 13:51:04,509 INFO [pid=45788 MainThread dune_tension.gui.app] GUI heartbeat. measurement_active=True active_measurement=measure auto focus=6344 threads=6 vmsize=6140792 kB vmhwm=2220744 kB vmrss=1332240 kB
2026-08-31 13:51:04,640 INFO [pid=45788 Thread-2484 (_audio_worker) spectrum_analysis.audio_processing] Recording started.
2026-08-31 13:51:04,812 WARNING [pid=45788 Thread-2484 (_audio_worker) spectrum_analysis.audio_processing] Max recording length reached.
2026-08-31 13:51:05,023 INFO [pid=45788 gui-measure_auto dune_tension.tensiometer] Sample of wire 41: measured frequency 40.60 Hz {'length': 0.39039999999999997, 'frequency': 40.599592008828246, 'tension': 0.15480086858904993} with confidence 0.00 (amp=0.0000, harm=0.0000)
2026-08-31 13:51:05,023 INFO [pid=45788 gui-measure_auto dune_tension.tensiometer] Optimizer next pose: x=1190.4360929107434 y=424.01415297748326 focus=6344
2026-08-31 13:51:05,384 INFO [pid=45788 Thread-2486 (_audio_worker) spectrum_analysis.audio_processing] Listening for audio events (RMS trigger)...
2026-08-31 13:51:05,536 INFO [pid=45788 Thread-2486 (_audio_worker) spectrum_analysis.audio_processing] Recording started.
2026-08-31 13:51:05,707 WARNING [pid=45788 Thread-2486 (_audio_worker) spectrum_analysis.audio_processing] Max recording length reached.
2026-08-31 13:51:05,907 INFO [pid=45788 gui-measure_auto dune_tension.tensiometer] Sample of wire 41: measured frequency 84.79 Hz {'length': 0.39039999999999997, 'frequency': 84.79397853216145, 'tension': 0.6752429837047109} with confidence 0.03 (amp=0.0000, harm=0.0000)
2026-08-31 13:51:05,907 INFO [pid=45788 gui-measure_auto dune_tension.tensiometer] Optimizer next pose: x=1196.4622368115733 y=419.68286204876176 focus=6344
2026-08-31 13:51:06,708 INFO [pid=45788 Thread-2488 (_audio_worker) spectrum_analysis.audio_processing] Listening for audio events (RMS trigger)...
2026-08-31 13:51:06,859 INFO [pid=45788 Thread-2488 (_audio_worker) spectrum_analysis.audio_processing] Recording started.
2026-08-31 13:51:07,031 WARNING [pid=45788 Thread-2488 (_audio_worker) spectrum_analysis.audio_processing] Max recording length reached.
2026-08-31 13:51:07,245 INFO [pid=45788 gui-measure_auto dune_tension.tensiometer] Sample of wire 41: measured frequency 121.95 Hz {'length': 0.39039999999999997, 'frequency': 121.95113882568275, 'tension': 1.3966956325343651} with confidence 0.00 (amp=0.0000, harm=0.0000)
2026-08-31 13:51:07,246 INFO [pid=45788 gui-measure_auto dune_tension.tensiometer] Optimizer next pose: x=1192.9293495378981 y=422.2221247767158 focus=6344
2026-08-31 13:51:07,833 INFO [pid=45788 Thread-2490 (_audio_worker) spectrum_analysis.audio_processing] Listening for audio events (RMS trigger)...
2026-08-31 13:51:07,990 INFO [pid=45788 Thread-2490 (_audio_worker) spectrum_analysis.audio_processing] Recording started.
2026-08-31 13:51:08,161 WARNING [pid=45788 Thread-2490 (_audio_worker) spectrum_analysis.audio_processing] Max recording length reached.
2026-08-31 13:51:08,359 INFO [pid=45788 gui-measure_auto dune_tension.tensiometer] Sample of wire 41: measured frequency 84.09 Hz {'length': 0.39039999999999997, 'frequency': 84.08760581573358, 'tension': 0.6640396759682798} with confidence 0.09 (amp=0.0000, harm=0.0000)
2026-08-31 13:51:08,360 INFO [pid=45788 gui-measure_auto dune_tension.tensiometer] Optimizer next pose: x=1190.3323382588742 y=424.0887266335143 focus=6344
2026-08-31 13:51:08,870 INFO [pid=45788 Thread-2492 (_audio_worker) spectrum_analysis.audio_processing] Listening for audio events (RMS trigger)...
2026-08-31 13:51:09,014 INFO [pid=45788 Thread-2492 (_audio_worker) spectrum_analysis.audio_processing] Recording started.
2026-08-31 13:51:09,185 WARNING [pid=45788 Thread-2492 (_audio_worker) spectrum_analysis.audio_processing] Max recording length reached.
2026-08-31 13:51:09,385 INFO [pid=45788 gui-measure_auto dune_tension.tensiometer] Sample of wire 41: measured frequency 125.19 Hz {'length': 0.39039999999999997, 'frequency': 125.19180010484693, 'tension': 1.4719119213438294} with confidence 0.00 (amp=0.0000, harm=0.0000)
2026-08-31 13:51:09,386 INFO [pid=45788 gui-measure_auto dune_tension.tensiometer] Optimizer next pose: x=1196.154919503852 y=419.9037463636865 focus=6344
2026-08-31 13:51:10,317 INFO [pid=45788 Thread-2494 (_audio_worker) spectrum_analysis.audio_processing] Listening for audio events (RMS trigger)...
2026-08-31 13:51:10,465 INFO [pid=45788 Thread-2494 (_audio_worker) spectrum_analysis.audio_processing] Recording started.
2026-08-31 13:51:10,635 WARNING [pid=45788 Thread-2494 (_audio_worker) spectrum_analysis.audio_processing] Max recording length reached.
2026-08-31 13:51:10,833 INFO [pid=45788 gui-measure_auto dune_tension.tensiometer] Sample of wire 41: measured frequency 256.52 Hz {'length': 0.39039999999999997, 'frequency': 256.52433355940997, 'tension': 6.179981721316045} with confidence 0.08 (amp=0.0000, harm=0.0000)
2026-08-31 13:51:10,833 INFO [pid=45788 gui-measure_auto dune_tension.tensiometer] Optimizer next pose: x=1196.6662869501502 y=419.53620101165967 focus=6344
2026-08-31 13:51:11,805 INFO [pid=45788 Thread-2496 (_audio_worker) spectrum_analysis.audio_processing] Listening for audio events (RMS trigger)...
2026-08-31 13:51:11,958 INFO [pid=45788 Thread-2496 (_audio_worker) spectrum_analysis.audio_processing] Recording started.
2026-08-31 13:51:12,129 WARNING [pid=45788 Thread-2496 (_audio_worker) spectrum_analysis.audio_processing] Max recording length reached.
2026-08-31 13:51:12,328 INFO [pid=45788 gui-measure_auto dune_tension.tensiometer] Sample of wire 41: measured frequency 85.75 Hz {'length': 0.39039999999999997, 'frequency': 85.74735540480867, 'tension': 0.6905124663472137} with confidence 0.12 (amp=0.0000, harm=0.0000)
2026-08-31 13:51:12,328 INFO [pid=45788 gui-measure_auto dune_tension.tensiometer] Optimizer next pose: x=1192.3832588374205 y=422.6146274676841 focus=6344
2026-08-31 13:51:12,554 INFO [pid=45788 Thread-2498 (_audio_worker) spectrum_analysis.audio_processing] Listening for audio events (RMS trigger)...
2026-08-31 13:51:12,705 INFO [pid=45788 Thread-2498 (_audio_worker) spectrum_analysis.audio_processing] Recording started.
2026-08-31 13:51:12,876 WARNING [pid=45788 Thread-2498 (_audio_worker) spectrum_analysis.audio_processing] Max recording length reached.
2026-08-31 13:51:13,077 INFO [pid=45788 gui-measure_auto dune_tension.tensiometer] Sample of wire 41: measured frequency 76.54 Hz {'length': 0.39039999999999997, 'frequency': 76.53941415501968, 'tension': 0.550174328484165} with confidence 0.20 (amp=0.0000, harm=0.0000)
2026-08-31 13:51:13,078 INFO [pid=45788 gui-measure_auto dune_tension.tensiometer] Optimizer next pose: x=1193.5080230639826 y=421.8062031798426 focus=6344
2026-08-31 13:51:13,560 INFO [pid=45788 Thread-2500 (_audio_worker) spectrum_analysis.audio_processing] Listening for audio events (RMS trigger)...
2026-08-31 13:51:13,707 INFO [pid=45788 Thread-2500 (_audio_worker) spectrum_analysis.audio_processing] Recording started.
2026-08-31 13:51:13,878 WARNING [pid=45788 Thread-2500 (_audio_worker) spectrum_analysis.audio_processing] Max recording length reached.
2026-08-31 13:51:14,078 INFO [pid=45788 gui-measure_auto dune_tension.tensiometer] Sample of wire 41: measured frequency 123.37 Hz {'length': 0.39039999999999997, 'frequency': 123.37174775111544, 'tension': 1.429425380394192} with confidence 0.00 (amp=0.0000, harm=0.0000)
2026-08-31 13:51:14,078 INFO [pid=45788 gui-measure_auto dune_tension.tensiometer] Optimizer next pose: x=1189.6885026854864 y=424.5514834518868 focus=6344
2026-08-31 13:51:14,764 INFO [pid=45788 Thread-2502 (_audio_worker) spectrum_analysis.audio_processing] Listening for audio events (RMS trigger)...
2026-08-31 13:51:14,923 INFO [pid=45788 Thread-2502 (_audio_worker) spectrum_analysis.audio_processing] Recording started.
2026-08-31 13:51:15,094 WARNING [pid=45788 Thread-2502 (_audio_worker) spectrum_analysis.audio_processing] Max recording length reached.
2026-08-31 13:51:15,305 INFO [pid=45788 gui-measure_auto dune_tension.tensiometer] Sample of wire 41: measured frequency 121.54 Hz {'length': 0.39039999999999997, 'frequency': 121.53971693283117, 'tension': 1.3872875718829611} with confidence 0.00 (amp=0.0000, harm=0.0000)
2026-08-31 13:51:15,305 INFO [pid=45788 gui-measure_auto dune_tension.tensiometer] Optimizer next pose: x=1190.4673713494603 y=423.99167159965543 focus=6344
2026-08-31 13:51:16,303 INFO [pid=45788 Thread-2504 (_audio_worker) spectrum_analysis.audio_processing] Listening for audio events (RMS trigger)...
2026-08-31 13:51:16,460 INFO [pid=45788 Thread-2504 (_audio_worker) spectrum_analysis.audio_processing] Recording started.
2026-08-31 13:51:16,631 WARNING [pid=45788 Thread-2504 (_audio_worker) spectrum_analysis.audio_processing] Max recording length reached.
2026-08-31 13:51:16,840 INFO [pid=45788 gui-measure_auto dune_tension.tensiometer] Sample of wire 41: measured frequency 84.96 Hz {'length': 0.39039999999999997, 'frequency': 84.95701613627102, 'tension': 0.6778421266609183} with confidence 0.08 (amp=0.0000, harm=0.0000)
2026-08-31 13:51:16,841 INFO [pid=45788 gui-measure_auto dune_tension.tensiometer] Optimizer next pose: x=1186.3430207394929 y=426.95604860056955 focus=6344
2026-08-31 13:51:17,207 INFO [pid=45788 Thread-2506 (_audio_worker) spectrum_analysis.audio_processing] Listening for audio events (RMS trigger)...
2026-08-31 13:51:17,356 INFO [pid=45788 Thread-2506 (_audio_worker) spectrum_analysis.audio_processing] Recording started.
2026-08-31 13:51:17,526 WARNING [pid=45788 Thread-2506 (_audio_worker) spectrum_analysis.audio_processing] Max recording length reached.
2026-08-31 13:51:17,727 INFO [pid=45788 gui-measure_auto dune_tension.tensiometer] Sample of wire 41: measured frequency 250.14 Hz {'length': 0.39039999999999997, 'frequency': 250.14431986014927, 'tension': 5.8763999420540385} with confidence 0.51 (amp=0.0000, harm=0.0000)
2026-08-31 13:51:17,762 INFO [pid=45788 gui-measure_auto dune_tension.tensiometer] Result: wire 41 length 390.4 mm tension 5.9 N frequency 250.1 Hz confidence 0.51 at 1190.867919921875,423.9913024902344 focus 6344. Took 22.52 seconds.
2026-08-31 13:51:17,830 INFO [pid=45788 gui-measure_auto dune_tension.tensiometer] Timing profile for list wire 41: total=24.35s stages=[wire_total_wall=24.35s, collect_samples=22.49s, optimizer_move=11.56s, acquire_audio=9.87s, strum=9.87s, wait_for_audio_trigger=3.34s, move_to_measurement_pose=1.70s, analyze_audio=0.65s, reset_plc_before_move=0.05s, reset_plc_after_collect=0.03s, append_result=0.03s, reset_plc_before_persist=0.03s, summary_refresh=0.01s, plan_measurement_pose=0.00s, merge_results=0.00s]
2026-08-31 13:51:17,865 INFO [pid=45788 gui-measure_auto dune_tension.tensiometer] Measuring wire 40 at 1186.8582120303445,420.56134343869945 focus=6207
2026-08-31 13:51:19,509 INFO [pid=45788 MainThread dune_tension.gui.app] GUI heartbeat. measurement_active=True active_measurement=measure auto focus=6344 threads=6 vmsize=6124476 kB vmhwm=2220744 kB vmrss=1381712 kB
2026-08-31 13:51:19,642 INFO [pid=45788 gui-monitor-tension-logs dune_tension.gui.actions] Updated tension logs for APA-US-013 layer V
2026-08-31 13:51:20,118 INFO [pid=45788 Thread-2510 (_audio_worker) spectrum_analysis.audio_processing] Listening for audio events (RMS trigger)...
2026-08-31 13:51:20,278 INFO [pid=45788 Thread-2510 (_audio_worker) spectrum_analysis.audio_processing] Recording started.
2026-08-31 13:51:20,450 WARNING [pid=45788 Thread-2510 (_audio_worker) spectrum_analysis.audio_processing] Max recording length reached.
2026-08-31 13:51:20,800 INFO [pid=45788 gui-measure_auto dune_tension.tensiometer] Sample of wire 40: measured frequency 240.70 Hz {'length': 0.386, 'frequency': 240.69787851514855, 'tension': 5.318994862574353} with confidence 1.00 (amp=0.0000, harm=0.0000)
2026-08-31 13:51:20,845 INFO [pid=45788 gui-measure_auto dune_tension.tensiometer] Result: wire 40 length 386.0 mm tension 5.3 N frequency 240.7 Hz confidence 1.00 at 1187.258544921875,420.55718994140625 focus 6344. Took 0.76 seconds.
2026-08-31 13:51:20,876 WARNING [pid=45788 gui-measure_auto dune_tension.tensiometer] Wire 40 tension 5.32 N flagged as an outlier versus nearby wires; remeasuring and keeping only the second measurement.
2026-08-31 13:51:22,279 INFO [pid=45788 Thread-2513 (_audio_worker) spectrum_analysis.audio_processing] Listening for audio events (RMS trigger)...
2026-08-31 13:51:22,433 INFO [pid=45788 Thread-2513 (_audio_worker) spectrum_analysis.audio_processing] Recording started.
2026-08-31 13:51:22,604 WARNING [pid=45788 Thread-2513 (_audio_worker) spectrum_analysis.audio_processing] Max recording length reached.
2026-08-31 13:51:22,698 INFO [pid=45788 gui-monitor-tension-logs dune_tension.gui.actions] Updated tension logs for APA-US-013 layer V
2026-08-31 13:51:22,809 INFO [pid=45788 gui-measure_auto dune_tension.tensiometer] Sample of wire 40: measured frequency 240.75 Hz {'length': 0.386, 'frequency': 240.74802907307944, 'tension': 5.321211569684652} with confidence 1.00 (amp=0.0000, harm=0.0000)
2026-08-31 13:51:22,841 INFO [pid=45788 gui-measure_auto dune_tension.tensiometer] Result: wire 40 length 386.0 mm tension 5.3 N frequency 240.7 Hz confidence 1.00 at 1186.858642578125,420.5611877441406 focus 6344. Took 0.59 seconds.
2026-08-31 13:51:22,975 INFO [pid=45788 gui-measure_auto dune_tension.tensiometer] Timing profile for list wire 40: total=5.10s stages=[wire_total_wall=5.10s, move_to_measurement_pose=3.24s, collect_samples=1.28s, acquire_audio=1.05s, strum=1.05s, wait_for_audio_trigger=0.36s, reset_plc_before_move=0.34s, analyze_audio=0.19s, reset_plc_before_persist=0.15s, reset_plc_after_collect=0.07s, append_result=0.02s, plan_measurement_pose=0.01s, summary_refresh=0.00s, merge_results=0.00s]
2026-08-31 13:51:22,976 INFO [pid=45788 gui-measure_auto dune_tension.tensiometer] Measuring wire 39 at 1182.8654301485592,417.6943846483033 focus=6206
2026-08-31 13:51:24,648 INFO [pid=45788 Thread-2517 (_audio_worker) spectrum_analysis.audio_processing] Listening for audio events (RMS trigger)...
2026-08-31 13:51:24,758 INFO [pid=45788 gui-monitor-tension-logs dune_tension.gui.actions] Updated tension logs for APA-US-013 layer V
2026-08-31 13:51:24,801 INFO [pid=45788 Thread-2517 (_audio_worker) spectrum_analysis.audio_processing] Recording started.
2026-08-31 13:51:24,975 WARNING [pid=45788 Thread-2517 (_audio_worker) spectrum_analysis.audio_processing] Max recording length reached.
2026-08-31 13:51:25,446 INFO [pid=45788 gui-measure_auto dune_tension.tensiometer] Sample of wire 39: measured frequency 261.70 Hz {'length': 0.37589999999999996, 'frequency': 261.7018151354436, 'tension': 5.963051466851903} with confidence 1.00 (amp=0.0000, harm=0.0000)
2026-08-31 13:51:25,479 INFO [pid=45788 gui-measure_auto dune_tension.tensiometer] Result: wire 39 length 375.9 mm tension 6.0 N frequency 261.7 Hz confidence 1.00 at 1182.8636474609375,417.6946105957031 focus 6344. Took 0.85 seconds.
2026-08-31 13:51:25,652 INFO [pid=45788 gui-measure_auto dune_tension.tensiometer] Timing profile for list wire 39: total=2.68s stages=[wire_total_wall=2.68s, move_to_measurement_pose=1.59s, collect_samples=0.82s, acquire_audio=0.52s, strum=0.52s, analyze_audio=0.29s, wait_for_audio_trigger=0.17s, reset_plc_before_persist=0.14s, reset_plc_before_move=0.06s, reset_plc_after_collect=0.03s, append_result=0.02s, summary_refresh=0.01s, plan_measurement_pose=0.00s, merge_results=0.00s]
2026-08-31 13:51:25,653 INFO [pid=45788 gui-measure_auto dune_tension.tensiometer] Measuring wire 38 at 1178.8726483351843,414.8273804482052 focus=6206
2026-08-31 13:51:27,067 INFO [pid=45788 Thread-2521 (_audio_worker) spectrum_analysis.audio_processing] Listening for audio events (RMS trigger)...
2026-08-31 13:51:27,212 INFO [pid=45788 Thread-2521 (_audio_worker) spectrum_analysis.audio_processing] Recording started.
2026-08-31 13:51:27,383 WARNING [pid=45788 Thread-2521 (_audio_worker) spectrum_analysis.audio_processing] Max recording length reached.
2026-08-31 13:51:27,467 INFO [pid=45788 gui-monitor-tension-logs dune_tension.gui.actions] Updated tension logs for APA-US-013 layer V
2026-08-31 13:51:28,130 INFO [pid=45788 gui-measure_auto dune_tension.tensiometer] Sample of wire 38: measured frequency 81.74 Hz {'length': 0.3658, 'frequency': 81.73513820926918, 'tension': 0.5508272809319879} with confidence 0.08 (amp=0.0000, harm=0.0000)
2026-08-31 13:51:28,131 INFO [pid=45788 gui-measure_auto dune_tension.tensiometer] Optimizer next pose: x=1170.4310021548172 y=420.89481364034407 focus=6344
2026-08-31 13:51:28,231 INFO [pid=45788 Thread-2524 (_audio_worker) spectrum_analysis.audio_processing] Listening for audio events (RMS trigger)...
2026-08-31 13:51:28,367 INFO [pid=45788 Thread-2524 (_audio_worker) spectrum_analysis.audio_processing] Recording started.
2026-08-31 13:51:28,534 WARNING [pid=45788 Thread-2524 (_audio_worker) spectrum_analysis.audio_processing] Max recording length reached.
2026-08-31 13:51:28,749 INFO [pid=45788 gui-measure_auto dune_tension.tensiometer] Sample of wire 38: measured frequency 264.88 Hz {'length': 0.3658, 'frequency': 264.87839944022045, 'tension': 5.784834329422171} with confidence 1.00 (amp=0.0000, harm=0.0000)
2026-08-31 13:51:28,787 INFO [pid=45788 gui-measure_auto dune_tension.tensiometer] Result: wire 38 length 365.8 mm tension 5.8 N frequency 264.9 Hz confidence 1.00 at 1178.8721923828125,414.8268127441406 focus 6344. Took 1.74 seconds.
2026-08-31 13:51:28,838 INFO [pid=45788 gui-measure_auto dune_tension.tensiometer] Timing profile for list wire 38: total=3.18s stages=[wire_total_wall=3.18s, collect_samples=1.70s, move_to_measurement_pose=1.38s, acquire_audio=1.04s, strum=1.04s, analyze_audio=0.60s, wait_for_audio_trigger=0.36s, reset_plc_after_collect=0.04s, append_result=0.04s, optimizer_move=0.03s, reset_plc_before_persist=0.01s, reset_plc_before_move=0.01s, summary_refresh=0.00s, plan_measurement_pose=0.00s, merge_results=0.00s]
2026-08-31 13:51:28,839 INFO [pid=45788 gui-measure_auto dune_tension.tensiometer] Measuring wire 37 at 1174.8798665926288,411.9603292380514 focus=6205
2026-08-31 13:51:30,111 INFO [pid=45788 gui-monitor-tension-logs dune_tension.gui.actions] Updated tension logs for APA-US-013 layer V
2026-08-31 13:51:31,226 INFO [pid=45788 Thread-2528 (_audio_worker) spectrum_analysis.audio_processing] Listening for audio events (RMS trigger)...
2026-08-31 13:51:31,372 INFO [pid=45788 Thread-2528 (_audio_worker) spectrum_analysis.audio_processing] Recording started.
2026-08-31 13:51:31,544 WARNING [pid=45788 Thread-2528 (_audio_worker) spectrum_analysis.audio_processing] Max recording length reached.
2026-08-31 13:51:31,896 INFO [pid=45788 gui-measure_auto dune_tension.tensiometer] Sample of wire 37: measured frequency 272.17 Hz {'length': 0.3557, 'frequency': 272.1662961123446, 'tension': 5.7749317114990335} with confidence 0.00 (amp=0.0000, harm=0.0000)
2026-08-31 13:51:31,897 INFO [pid=45788 gui-measure_auto dune_tension.tensiometer] Optimizer next pose: x=1181.6096381026348 y=407.405885418907 focus=6344
2026-08-31 13:51:32,092 INFO [pid=45788 Thread-2530 (_audio_worker) spectrum_analysis.audio_processing] Listening for audio events (RMS trigger)...
2026-08-31 13:51:32,247 INFO [pid=45788 Thread-2530 (_audio_worker) spectrum_analysis.audio_processing] Recording started.
2026-08-31 13:51:32,417 WARNING [pid=45788 Thread-2530 (_audio_worker) spectrum_analysis.audio_processing] Max recording length reached.
2026-08-31 13:51:32,632 INFO [pid=45788 gui-measure_auto dune_tension.tensiometer] Sample of wire 37: measured frequency 134.22 Hz {'length': 0.3557, 'frequency': 134.21978629456362, 'tension': 1.4044660739990384} with confidence 0.00 (amp=0.0000, harm=0.0721)
2026-08-31 13:51:32,633 INFO [pid=45788 gui-measure_auto dune_tension.tensiometer] Optimizer next pose: x=1168.0750907560466 y=417.1338413242673 focus=6344
2026-08-31 13:51:33,489 INFO [pid=45788 Thread-2532 (_audio_worker) spectrum_analysis.audio_processing] Listening for audio events (RMS trigger)...
2026-08-31 13:51:33,633 INFO [pid=45788 Thread-2532 (_audio_worker) spectrum_analysis.audio_processing] Recording started.
2026-08-31 13:51:33,804 WARNING [pid=45788 Thread-2532 (_audio_worker) spectrum_analysis.audio_processing] Max recording length reached.
2026-08-31 13:51:34,019 INFO [pid=45788 gui-measure_auto dune_tension.tensiometer] Sample of wire 37: measured frequency 272.55 Hz {'length': 0.3557, 'frequency': 272.5500803702689, 'tension': 5.791229765633975} with confidence 1.00 (amp=0.0000, harm=0.0000)
2026-08-31 13:51:34,048 INFO [pid=45788 gui-measure_auto dune_tension.tensiometer] Result: wire 37 length 355.7 mm tension 5.8 N frequency 272.6 Hz confidence 1.00 at 1182.01025390625,407.4056091308594 focus 6344. Took 2.86 seconds.
2026-08-31 13:51:34,074 INFO [pid=45788 gui-measure_auto dune_tension.tensiometer] Timing profile for list wire 37: total=5.24s stages=[wire_total_wall=5.24s, collect_samples=2.83s, move_to_measurement_pose=2.34s, acquire_audio=1.59s, strum=1.59s, optimizer_move=0.87s, wait_for_audio_trigger=0.55s, analyze_audio=0.24s, reset_plc_after_collect=0.03s, reset_plc_before_persist=0.02s, reset_plc_before_move=0.01s, append_result=0.01s, summary_refresh=0.00s, plan_measurement_pose=0.00s, merge_results=0.00s]
2026-08-31 13:51:34,075 INFO [pid=45788 gui-measure_auto dune_tension.tensiometer] Measuring wire 36 at 1170.8870849234172,409.0932293413938 focus=6205
2026-08-31 13:51:34,526 INFO [pid=45788 MainThread dune_tension.gui.app] GUI heartbeat. measurement_active=True active_measurement=measure auto focus=6344 threads=7 vmsize=6141800 kB vmhwm=2220744 kB vmrss=1385316 kB
2026-08-31 13:51:35,392 INFO [pid=45788 gui-monitor-tension-logs dune_tension.gui.actions] Updated tension logs for APA-US-013 layer V
2026-08-31 13:51:36,202 INFO [pid=45788 Thread-2536 (_audio_worker) spectrum_analysis.audio_processing] Listening for audio events (RMS trigger)...
2026-08-31 13:51:36,364 INFO [pid=45788 Thread-2536 (_audio_worker) spectrum_analysis.audio_processing] Recording started.
2026-08-31 13:51:36,536 WARNING [pid=45788 Thread-2536 (_audio_worker) spectrum_analysis.audio_processing] Max recording length reached.
2026-08-31 13:51:36,878 INFO [pid=45788 gui-measure_auto dune_tension.tensiometer] Sample of wire 36: measured frequency 284.68 Hz {'length': 0.3456, 'frequency': 284.6771929340978, 'tension': 5.964351826525662} with confidence 1.00 (amp=0.0000, harm=0.1013)
2026-08-31 13:51:36,913 INFO [pid=45788 gui-measure_auto dune_tension.tensiometer] Result: wire 36 length 345.6 mm tension 6.0 N frequency 284.7 Hz confidence 1.00 at 1171.2899169921875,409.093505859375 focus 6344. Took 0.76 seconds.
2026-08-31 13:51:36,930 INFO [pid=45788 gui-measure_auto dune_tension.tensiometer] Timing profile for list wire 36: total=2.85s stages=[wire_total_wall=2.85s, move_to_measurement_pose=1.95s, collect_samples=0.72s, acquire_audio=0.54s, strum=0.54s, wait_for_audio_trigger=0.19s, analyze_audio=0.16s, reset_plc_before_move=0.13s, reset_plc_after_collect=0.03s, reset_plc_before_persist=0.01s, append_result=0.01s, summary_refresh=0.00s, plan_measurement_pose=0.00s, merge_results=0.00s]
2026-08-31 13:51:36,931 INFO [pid=45788 gui-measure_auto dune_tension.tensiometer] Measuring wire 35 at 1166.8943033301946,406.2260790011122 focus=6204
2026-08-31 13:51:38,075 INFO [pid=45788 Thread-2539 (_audio_worker) spectrum_analysis.audio_processing] Listening for audio events (RMS trigger)...
2026-08-31 13:51:38,198 INFO [pid=45788 Thread-2539 (_audio_worker) spectrum_analysis.audio_processing] Recording started.
2026-08-31 13:51:38,369 WARNING [pid=45788 Thread-2539 (_audio_worker) spectrum_analysis.audio_processing] Max recording length reached.
2026-08-31 13:51:38,635 INFO [pid=45788 gui-monitor-tension-logs dune_tension.gui.actions] Updated tension logs for APA-US-013 layer V
2026-08-31 13:51:38,712 INFO [pid=45788 gui-measure_auto dune_tension.tensiometer] Sample of wire 35: measured frequency 294.21 Hz {'length': 0.3355, 'frequency': 294.2131024496286, 'tension': 6.003707217360268} with confidence 0.89 (amp=0.0000, harm=0.1952)
2026-08-31 13:51:38,847 INFO [pid=45788 gui-measure_auto dune_tension.tensiometer] Result: wire 35 length 335.5 mm tension 6.0 N frequency 294.2 Hz confidence 0.89 at 1166.8924560546875,406.2185974121094 focus 6344. Took 0.81 seconds.
2026-08-31 13:51:39,121 INFO [pid=45788 gui-measure_auto dune_tension.tensiometer] Timing profile for list wire 35: total=2.19s stages=[wire_total_wall=2.19s, move_to_measurement_pose=1.08s, collect_samples=0.68s, acquire_audio=0.50s, strum=0.50s, append_result=0.23s, analyze_audio=0.17s, wait_for_audio_trigger=0.15s, reset_plc_after_collect=0.13s, reset_plc_before_persist=0.04s, reset_plc_before_move=0.02s, summary_refresh=0.00s, plan_measurement_pose=0.00s, merge_results=0.00s]
2026-08-31 13:51:39,123 INFO [pid=45788 gui-measure_auto dune_tension.tensiometer] Measuring wire 34 at 1162.9015218157354,403.35887637450355 focus=6203
2026-08-31 13:51:40,539 INFO [pid=45788 gui-monitor-tension-logs dune_tension.gui.actions] Updated tension logs for APA-US-013 layer V
2026-08-31 13:51:40,764 INFO [pid=45788 Thread-2544 (_audio_worker) spectrum_analysis.audio_processing] Listening for audio events (RMS trigger)...
2026-08-31 13:51:40,968 INFO [pid=45788 Thread-2544 (_audio_worker) spectrum_analysis.audio_processing] Recording started.
2026-08-31 13:51:41,080 WARNING [pid=45788 Thread-2544 (_audio_worker) spectrum_analysis.audio_processing] Max recording length reached.
2026-08-31 13:51:41,421 INFO [pid=45788 gui-measure_auto dune_tension.tensiometer] Sample of wire 34: measured frequency 294.89 Hz {'length': 0.32539999999999997, 'frequency': 294.89353679788525, 'tension': 5.673826379733559} with confidence 1.00 (amp=0.0000, harm=0.0000)
2026-08-31 13:51:41,435 INFO [pid=45788 gui-measure_auto dune_tension.tensiometer] Result: wire 34 length 325.4 mm tension 5.7 N frequency 294.9 Hz confidence 1.00 at 1162.9013671875,403.3598937988281 focus 6344. Took 0.70 seconds.
2026-08-31 13:51:41,468 INFO [pid=45788 gui-measure_auto dune_tension.tensiometer] Timing profile for list wire 34: total=2.34s stages=[wire_total_wall=2.34s, move_to_measurement_pose=1.59s, collect_samples=0.69s, acquire_audio=0.51s, strum=0.51s, wait_for_audio_trigger=0.23s, analyze_audio=0.16s, reset_plc_before_persist=0.02s, reset_plc_before_move=0.02s, reset_plc_after_collect=0.01s, append_result=0.01s, plan_measurement_pose=0.00s, summary_refresh=0.00s, merge_results=0.00s]
2026-08-31 13:51:41,469 INFO [pid=45788 gui-measure_auto dune_tension.tensiometer] Measuring wire 33 at 1158.9087403829503,400.4916195280061 focus=6203
2026-08-31 13:51:43,346 INFO [pid=45788 gui-monitor-tension-logs dune_tension.gui.actions] Updated tension logs for APA-US-013 layer V
2026-08-31 13:51:43,355 INFO [pid=45788 Thread-2547 (_audio_worker) spectrum_analysis.audio_processing] Listening for audio events (RMS trigger)...
2026-08-31 13:51:43,515 INFO [pid=45788 Thread-2547 (_audio_worker) spectrum_analysis.audio_processing] Recording started.
2026-08-31 13:51:43,683 WARNING [pid=45788 Thread-2547 (_audio_worker) spectrum_analysis.audio_processing] Max recording length reached.
2026-08-31 13:51:44,021 INFO [pid=45788 gui-measure_auto dune_tension.tensiometer] Sample of wire 33: measured frequency 300.97 Hz {'length': 0.3153, 'frequency': 300.96879901308, 'tension': 5.548828838606285} with confidence 1.00 (amp=0.0000, harm=0.0000)
2026-08-31 13:51:44,053 INFO [pid=45788 gui-measure_auto dune_tension.tensiometer] Result: wire 33 length 315.3 mm tension 5.5 N frequency 301.0 Hz confidence 1.00 at 1158.907958984375,400.4881896972656 focus 6344. Took 0.72 seconds.
2026-08-31 13:51:44,080 WARNING [pid=45788 gui-measure_auto dune_tension.tensiometer] Wire 33 tension 5.55 N flagged as an outlier versus nearby wires; remeasuring and keeping only the second measurement.
2026-08-31 13:51:44,457 INFO [pid=45788 Thread-2550 (_audio_worker) spectrum_analysis.audio_processing] Listening for audio events (RMS trigger)...
2026-08-31 13:51:44,582 INFO [pid=45788 Thread-2550 (_audio_worker) spectrum_analysis.audio_processing] Recording started.
2026-08-31 13:51:44,752 WARNING [pid=45788 Thread-2550 (_audio_worker) spectrum_analysis.audio_processing] Max recording length reached.
2026-08-31 13:51:45,040 INFO [pid=45788 gui-measure_auto dune_tension.tensiometer] Sample of wire 33: measured frequency 300.96 Hz {'length': 0.3153, 'frequency': 300.96108266469594, 'tension': 5.5485443164384876} with confidence 1.00 (amp=0.0000, harm=0.1508)
2026-08-31 13:51:45,081 INFO [pid=45788 gui-measure_auto dune_tension.tensiometer] Result: wire 33 length 315.3 mm tension 5.5 N frequency 301.0 Hz confidence 1.00 at 1158.9090576171875,400.48968505859375 focus 6344. Took 0.84 seconds.
2026-08-31 13:51:45,126 INFO [pid=45788 gui-measure_auto dune_tension.tensiometer] Timing profile for list wire 33: total=3.66s stages=[wire_total_wall=3.66s, move_to_measurement_pose=1.97s, collect_samples=1.49s, acquire_audio=1.20s, strum=1.20s, wait_for_audio_trigger=0.51s, analyze_audio=0.26s, reset_plc_after_collect=0.07s, reset_plc_before_persist=0.06s, reset_plc_before_move=0.05s, append_result=0.01s, summary_refresh=0.00s, plan_measurement_pose=0.00s, merge_results=0.00s]
2026-08-31 13:51:45,126 INFO [pid=45788 gui-measure_auto dune_tension.tensiometer] Measuring wire 32 at 1154.9159590348956,397.6243064315304 focus=6202
2026-08-31 13:51:45,631 INFO [pid=45788 gui-monitor-tension-logs dune_tension.gui.actions] Updated tension logs for APA-US-013 layer V
2026-08-31 13:51:46,614 INFO [pid=45788 Thread-2555 (_audio_worker) spectrum_analysis.audio_processing] Listening for audio events (RMS trigger)...
2026-08-31 13:51:46,783 INFO [pid=45788 Thread-2555 (_audio_worker) spectrum_analysis.audio_processing] Recording started.
2026-08-31 13:51:46,946 WARNING [pid=45788 Thread-2555 (_audio_worker) spectrum_analysis.audio_processing] Max recording length reached.
2026-08-31 13:51:47,298 INFO [pid=45788 gui-measure_auto dune_tension.tensiometer] Sample of wire 32: measured frequency 318.84 Hz {'length': 0.3053, 'frequency': 318.8405657316509, 'tension': 5.838633130085582} with confidence 1.00 (amp=0.0000, harm=0.2523)
2026-08-31 13:51:47,310 INFO [pid=45788 gui-measure_auto dune_tension.tensiometer] Result: wire 32 length 305.3 mm tension 5.8 N frequency 318.8 Hz confidence 1.00 at 1154.9158935546875,397.6203918457031 focus 6344. Took 0.79 seconds.
2026-08-31 13:51:47,350 INFO [pid=45788 gui-measure_auto dune_tension.tensiometer] Timing profile for list wire 32: total=2.22s stages=[wire_total_wall=2.22s, move_to_measurement_pose=1.37s, collect_samples=0.78s, acquire_audio=0.57s, strum=0.57s, wait_for_audio_trigger=0.24s, analyze_audio=0.17s, reset_plc_before_persist=0.03s, append_result=0.01s, reset_plc_before_move=0.01s, reset_plc_after_collect=0.01s, summary_refresh=0.00s, plan_measurement_pose=0.00s, merge_results=0.00s]
2026-08-31 13:51:47,351 INFO [pid=45788 gui-measure_auto dune_tension.tensiometer] Measuring wire 31 at 1150.9231740114167,394.75576687417583 focus=6201
2026-08-31 13:51:48,669 INFO [pid=45788 gui-monitor-tension-logs dune_tension.gui.actions] Updated tension logs for APA-US-013 layer V
2026-08-31 13:51:48,887 INFO [pid=45788 Thread-2559 (_audio_worker) spectrum_analysis.audio_processing] Listening for audio events (RMS trigger)...
2026-08-31 13:51:49,126 INFO [pid=45788 Thread-2559 (_audio_worker) spectrum_analysis.audio_processing] Recording started.
2026-08-31 13:51:49,214 WARNING [pid=45788 Thread-2559 (_audio_worker) spectrum_analysis.audio_processing] Max recording length reached.
2026-08-31 13:51:49,581 INFO [pid=45788 MainThread dune_tension.gui.app] GUI heartbeat. measurement_active=True active_measurement=measure auto focus=6344 threads=4 vmsize=6058124 kB vmhwm=2220744 kB vmrss=1291664 kB
2026-08-31 13:51:49,705 INFO [pid=45788 gui-measure_auto dune_tension.tensiometer] Sample of wire 31: measured frequency 333.07 Hz {'length': 0.29519999999999996, 'frequency': 333.0687578986673, 'tension': 5.95677145564573} with confidence 1.00 (amp=0.0000, harm=0.0000)
2026-08-31 13:51:49,752 INFO [pid=45788 gui-measure_auto dune_tension.tensiometer] Result: wire 31 length 295.2 mm tension 6.0 N frequency 333.1 Hz confidence 1.00 at 1150.92333984375,394.7565002441406 focus 6344. Took 0.89 seconds.
2026-08-31 13:51:49,828 INFO [pid=45788 gui-measure_auto dune_tension.tensiometer] Timing profile for list wire 31: total=2.48s stages=[wire_total_wall=2.48s, move_to_measurement_pose=1.49s, collect_samples=0.84s, acquire_audio=0.51s, strum=0.51s, analyze_audio=0.31s, wait_for_audio_trigger=0.26s, summary_refresh=0.05s, reset_plc_after_collect=0.05s, reset_plc_before_move=0.03s, reset_plc_before_persist=0.01s, append_result=0.01s, plan_measurement_pose=0.00s, merge_results=0.00s]
2026-08-31 13:51:49,829 INFO [pid=45788 gui-measure_auto dune_tension.tensiometer] Measuring wire 30 at 1146.9303928588558,391.88838591164296 focus=6201
2026-08-31 13:51:51,099 INFO [pid=45788 Thread-2562 (_audio_worker) spectrum_analysis.audio_processing] Listening for audio events (RMS trigger)...
2026-08-31 13:51:51,254 INFO [pid=45788 Thread-2562 (_audio_worker) spectrum_analysis.audio_processing] Recording started.
2026-08-31 13:51:51,426 WARNING [pid=45788 Thread-2562 (_audio_worker) spectrum_analysis.audio_processing] Max recording length reached.
2026-08-31 13:51:51,532 INFO [pid=45788 gui-monitor-tension-logs dune_tension.gui.actions] Updated tension logs for APA-US-013 layer V
2026-08-31 13:51:52,032 INFO [pid=45788 gui-measure_auto dune_tension.tensiometer] Sample of wire 30: measured frequency 339.39 Hz {'length': 0.2851, 'frequency': 339.3879258005243, 'tension': 5.768961577019847} with confidence 1.00 (amp=0.0000, harm=0.2226)
2026-08-31 13:51:52,067 INFO [pid=45788 gui-measure_auto dune_tension.tensiometer] Result: wire 30 length 285.1 mm tension 5.8 N frequency 339.4 Hz confidence 1.00 at 1146.93017578125,391.87908935546875 focus 6344. Took 0.99 seconds.
2026-08-31 13:51:52,093 INFO [pid=45788 gui-measure_auto dune_tension.tensiometer] Timing profile for list wire 30: total=2.26s stages=[wire_total_wall=2.26s, move_to_measurement_pose=1.21s, collect_samples=0.96s, acquire_audio=0.52s, strum=0.52s, analyze_audio=0.43s, wait_for_audio_trigger=0.17s, reset_plc_before_move=0.04s, reset_plc_after_collect=0.03s, reset_plc_before_persist=0.02s, append_result=0.01s, summary_refresh=0.00s, plan_measurement_pose=0.00s, merge_results=0.00s]
2026-08-31 13:51:52,094 INFO [pid=45788 gui-measure_auto dune_tension.tensiometer] Measuring wire 29 at 1142.9376118015807,389.020941687966 focus=6200
2026-08-31 13:51:53,256 INFO [pid=45788 Thread-2566 (_audio_worker) spectrum_analysis.audio_processing] Listening for audio events (RMS trigger)...
2026-08-31 13:51:53,405 INFO [pid=45788 Thread-2566 (_audio_worker) spectrum_analysis.audio_processing] Recording started.
2026-08-31 13:51:53,559 WARNING [pid=45788 Thread-2566 (_audio_worker) spectrum_analysis.audio_processing] Max recording length reached.
2026-08-31 13:51:53,885 INFO [pid=45788 gui-measure_auto dune_tension.tensiometer] Sample of wire 29: measured frequency 347.95 Hz {'length': 0.275, 'frequency': 347.9458501906622, 'tension': 5.641559159128723} with confidence 1.00 (amp=0.0000, harm=0.0000)
2026-08-31 13:51:53,914 INFO [pid=45788 gui-measure_auto dune_tension.tensiometer] Result: wire 29 length 275.0 mm tension 5.6 N frequency 347.9 Hz confidence 1.00 at 1142.9385986328125,389.0191955566406 focus 6344. Took 0.70 seconds.
2026-08-31 13:51:53,938 INFO [pid=45788 gui-monitor-tension-logs dune_tension.gui.actions] Updated tension logs for APA-US-013 layer V
2026-08-31 13:51:53,945 WARNING [pid=45788 gui-measure_auto dune_tension.tensiometer] Wire 29 tension 5.64 N flagged as an outlier versus nearby wires; remeasuring and keeping only the second measurement.
2026-08-31 13:51:54,061 INFO [pid=45788 Thread-2568 (_audio_worker) spectrum_analysis.audio_processing] Listening for audio events (RMS trigger)...
2026-08-31 13:51:54,250 INFO [pid=45788 Thread-2568 (_audio_worker) spectrum_analysis.audio_processing] Recording started.
2026-08-31 13:51:54,522 WARNING [pid=45788 Thread-2568 (_audio_worker) spectrum_analysis.audio_processing] Max recording length reached.
2026-08-31 13:51:54,796 INFO [pid=45788 gui-measure_auto dune_tension.tensiometer] Sample of wire 29: measured frequency 348.13 Hz {'length': 0.275, 'frequency': 348.13497270856584, 'tension': 5.647693652966878} with confidence 1.00 (amp=0.0000, harm=0.1456)
2026-08-31 13:51:54,845 INFO [pid=45788 gui-measure_auto dune_tension.tensiometer] Result: wire 29 length 275.0 mm tension 5.6 N frequency 348.1 Hz confidence 1.00 at 1142.9385986328125,389.01910400390625 focus 6344. Took 0.85 seconds.
2026-08-31 13:51:54,879 INFO [pid=45788 gui-measure_auto dune_tension.tensiometer] Timing profile for list wire 29: total=2.79s stages=[wire_total_wall=2.79s, collect_samples=1.48s, move_to_measurement_pose=1.12s, acquire_audio=1.10s, strum=1.10s, wait_for_audio_trigger=0.43s, analyze_audio=0.34s, reset_plc_after_collect=0.08s, reset_plc_before_persist=0.05s, reset_plc_before_move=0.04s, append_result=0.01s, summary_refresh=0.00s, plan_measurement_pose=0.00s, merge_results=0.00s]
2026-08-31 13:51:54,880 INFO [pid=45788 gui-measure_auto dune_tension.tensiometer] Measuring wire 28 at 1138.9448308433443,386.15343171007623 focus=6200
2026-08-31 13:51:55,741 INFO [pid=45788 gui-monitor-tension-logs dune_tension.gui.actions] Updated tension logs for APA-US-013 layer V
2026-08-31 13:51:56,349 INFO [pid=45788 Thread-2572 (_audio_worker) spectrum_analysis.audio_processing] Listening for audio events (RMS trigger)...
2026-08-31 13:51:56,503 INFO [pid=45788 Thread-2572 (_audio_worker) spectrum_analysis.audio_processing] Recording started.
2026-08-31 13:51:56,709 WARNING [pid=45788 Thread-2572 (_audio_worker) spectrum_analysis.audio_processing] Max recording length reached.
2026-08-31 13:51:57,074 INFO [pid=45788 gui-measure_auto dune_tension.tensiometer] Sample of wire 28: measured frequency 357.49 Hz {'length': 0.26489999999999997, 'frequency': 357.493657038762, 'tension': 5.526001956223394} with confidence 1.00 (amp=0.0000, harm=0.0000)
2026-08-31 13:51:57,103 INFO [pid=45788 gui-measure_auto dune_tension.tensiometer] Result: wire 28 length 264.9 mm tension 5.5 N frequency 357.5 Hz confidence 1.00 at 1138.9444580078125,386.1536865234375 focus 6344. Took 0.81 seconds.
2026-08-31 13:51:57,118 WARNING [pid=45788 gui-measure_auto dune_tension.tensiometer] Wire 28 tension 5.53 N flagged as an outlier versus nearby wires; remeasuring and keeping only the second measurement.
2026-08-31 13:51:57,428 INFO [pid=45788 gui-monitor-tension-logs dune_tension.gui.actions] Updated tension logs for APA-US-013 layer V
2026-08-31 13:51:57,823 INFO [pid=45788 Thread-2576 (_audio_worker) spectrum_analysis.audio_processing] Listening for audio events (RMS trigger)...
2026-08-31 13:51:57,972 INFO [pid=45788 Thread-2576 (_audio_worker) spectrum_analysis.audio_processing] Recording started.
2026-08-31 13:51:58,185 WARNING [pid=45788 Thread-2576 (_audio_worker) spectrum_analysis.audio_processing] Max recording length reached.
2026-08-31 13:51:58,538 INFO [pid=45788 gui-measure_auto dune_tension.tensiometer] Sample of wire 28: measured frequency 356.42 Hz {'length': 0.26489999999999997, 'frequency': 356.4165286406765, 'tension': 5.492752434124264} with confidence 1.00 (amp=0.0000, harm=0.1166)
2026-08-31 13:51:58,554 INFO [pid=45788 gui-measure_auto dune_tension.tensiometer] Result: wire 28 length 264.9 mm tension 5.5 N frequency 356.4 Hz confidence 1.00 at 1139.3455810546875,386.1528015136719 focus 6344. Took 0.79 seconds.
2026-08-31 13:51:58,578 INFO [pid=45788 gui-measure_auto dune_tension.tensiometer] Timing profile for list wire 28: total=3.70s stages=[wire_total_wall=3.70s, move_to_measurement_pose=2.03s, collect_samples=1.55s, strum=1.03s, acquire_audio=1.03s, analyze_audio=0.42s, wait_for_audio_trigger=0.35s, reset_plc_after_collect=0.04s, reset_plc_before_persist=0.03s, reset_plc_before_move=0.03s, append_result=0.01s, summary_refresh=0.00s, plan_measurement_pose=0.00s, merge_results=0.00s]
2026-08-31 13:51:58,578 INFO [pid=45788 gui-measure_auto dune_tension.tensiometer] Measuring wire 27 at 1134.9520499880987,383.28585335216167 focus=6199
2026-08-31 13:51:59,747 INFO [pid=45788 Thread-2579 (_audio_worker) spectrum_analysis.audio_processing] Listening for audio events (RMS trigger)...
2026-08-31 13:51:59,897 INFO [pid=45788 Thread-2579 (_audio_worker) spectrum_analysis.audio_processing] Recording started.
2026-08-31 13:52:00,066 WARNING [pid=45788 Thread-2579 (_audio_worker) spectrum_analysis.audio_processing] Max recording length reached.
2026-08-31 13:52:00,433 INFO [pid=45788 gui-measure_auto dune_tension.tensiometer] Sample of wire 27: measured frequency 379.88 Hz {'length': 0.2548, 'frequency': 379.8807929144965, 'tension': 5.773031876908146} with confidence 1.00 (amp=0.0000, harm=0.0000)
2026-08-31 13:52:00,448 INFO [pid=45788 gui-measure_auto dune_tension.tensiometer] Result: wire 27 length 254.8 mm tension 5.8 N frequency 379.9 Hz confidence 1.00 at 1134.951416015625,383.2809143066406 focus 6344. Took 0.73 seconds.
2026-08-31 13:52:00,462 INFO [pid=45788 gui-measure_auto dune_tension.tensiometer] Timing profile for list wire 27: total=1.88s stages=[wire_total_wall=1.88s, move_to_measurement_pose=1.13s, collect_samples=0.72s, acquire_audio=0.51s, strum=0.51s, analyze_audio=0.18s, wait_for_audio_trigger=0.17s, reset_plc_after_collect=0.01s, reset_plc_before_move=0.01s, reset_plc_before_persist=0.01s, append_result=0.00s, summary_refresh=0.00s, plan_measurement_pose=0.00s, merge_results=0.00s]
2026-08-31 13:52:00,462 INFO [pid=45788 gui-measure_auto dune_tension.tensiometer] Measuring wire 26 at 1130.9592692400092,380.41820384671274 focus=6198
2026-08-31 13:52:00,808 INFO [pid=45788 gui-monitor-tension-logs dune_tension.gui.actions] Updated tension logs for APA-US-013 layer V
2026-08-31 13:52:01,796 INFO [pid=45788 Thread-2583 (_audio_worker) spectrum_analysis.audio_processing] Listening for audio events (RMS trigger)...
2026-08-31 13:52:01,968 INFO [pid=45788 Thread-2583 (_audio_worker) spectrum_analysis.audio_processing] Recording started.
2026-08-31 13:52:02,135 WARNING [pid=45788 Thread-2583 (_audio_worker) spectrum_analysis.audio_processing] Max recording length reached.
2026-08-31 13:52:02,453 INFO [pid=45788 gui-measure_auto dune_tension.tensiometer] Sample of wire 26: measured frequency 394.15 Hz {'length': 0.2447, 'frequency': 394.1546332176695, 'tension': 5.732072136636767} with confidence 1.00 (amp=0.0000, harm=0.1505)
2026-08-31 13:52:02,473 INFO [pid=45788 gui-measure_auto dune_tension.tensiometer] Result: wire 26 length 244.7 mm tension 5.7 N frequency 394.2 Hz confidence 1.00 at 1130.96044921875,380.4226989746094 focus 6344. Took 0.80 seconds.
2026-08-31 13:52:02,487 INFO [pid=45788 gui-measure_auto dune_tension.tensiometer] Timing profile for list wire 26: total=2.02s stages=[wire_total_wall=2.02s, move_to_measurement_pose=1.20s, collect_samples=0.78s, acquire_audio=0.61s, strum=0.61s, wait_for_audio_trigger=0.30s, analyze_audio=0.16s, reset_plc_after_collect=0.02s, reset_plc_before_persist=0.01s, reset_plc_before_move=0.01s, append_result=0.00s, summary_refresh=0.00s, plan_measurement_pose=0.00s, merge_results=0.00s]
2026-08-31 13:52:02,487 INFO [pid=45788 gui-measure_auto dune_tension.tensiometer] Measuring wire 25 at 1126.96648860347,377.55048027483366 focus=6198
2026-08-31 13:52:02,730 INFO [pid=45788 gui-monitor-tension-logs dune_tension.gui.actions] Updated tension logs for APA-US-013 layer V
2026-08-31 13:52:03,757 INFO [pid=45788 Thread-2586 (_audio_worker) spectrum_analysis.audio_processing] Listening for audio events (RMS trigger)...
2026-08-31 13:52:03,905 INFO [pid=45788 Thread-2586 (_audio_worker) spectrum_analysis.audio_processing] Recording started.
2026-08-31 13:52:04,076 WARNING [pid=45788 Thread-2586 (_audio_worker) spectrum_analysis.audio_processing] Max recording length reached.
2026-08-31 13:52:04,289 INFO [pid=45788 gui-monitor-tension-logs dune_tension.gui.actions] Updated tension logs for APA-US-013 layer V
2026-08-31 13:52:04,599 INFO [pid=45788 MainThread dune_tension.gui.app] GUI heartbeat. measurement_active=True active_measurement=measure auto focus=6344 threads=5 vmsize=6158240 kB vmhwm=2220744 kB vmrss=1356844 kB
2026-08-31 13:52:05,232 INFO [pid=45788 gui-measure_auto dune_tension.tensiometer] Sample of wire 25: measured frequency 402.96 Hz {'length': 0.2346, 'frequency': 402.95799847038427, 'tension': 5.506631483704474} with confidence 1.00 (amp=0.0000, harm=0.0000)
2026-08-31 13:52:05,304 INFO [pid=45788 gui-measure_auto dune_tension.tensiometer] Result: wire 25 length 234.6 mm tension 5.5 N frequency 403.0 Hz confidence 1.00 at 1126.9658203125,377.5365905761719 focus 6344. Took 1.60 seconds.
2026-08-31 13:52:05,380 WARNING [pid=45788 gui-measure_auto dune_tension.tensiometer] Wire 25 tension 5.51 N flagged as an outlier versus nearby wires; remeasuring and keeping only the second measurement.
2026-08-31 13:52:05,514 INFO [pid=45788 Thread-2589 (_audio_worker) spectrum_analysis.audio_processing] Listening for audio events (RMS trigger)...
2026-08-31 13:52:05,680 INFO [pid=45788 Thread-2589 (_audio_worker) spectrum_analysis.audio_processing] Recording started.
2026-08-31 13:52:05,885 WARNING [pid=45788 Thread-2589 (_audio_worker) spectrum_analysis.audio_processing] Max recording length reached.
2026-08-31 13:52:06,287 INFO [pid=45788 gui-measure_auto dune_tension.tensiometer] Sample of wire 25: measured frequency 399.79 Hz {'length': 0.2346, 'frequency': 399.79447320167054, 'tension': 5.420508431803642} with confidence 1.00 (amp=0.0000, harm=0.0797)
2026-08-31 13:52:06,369 INFO [pid=45788 gui-measure_auto dune_tension.tensiometer] Result: wire 25 length 234.6 mm tension 5.4 N frequency 399.8 Hz confidence 1.00 at 1126.967529296875,377.5513000488281 focus 6344. Took 0.89 seconds.
2026-08-31 13:52:06,391 INFO [pid=45788 gui-measure_auto dune_tension.tensiometer] Timing profile for list wire 25: total=3.90s stages=[wire_total_wall=3.90s, collect_samples=2.33s, move_to_measurement_pose=1.24s, analyze_audio=1.23s, acquire_audio=1.06s, strum=1.06s, wait_for_audio_trigger=0.38s, reset_plc_after_collect=0.15s, reset_plc_before_persist=0.08s, reset_plc_before_move=0.07s, append_result=0.02s, summary_refresh=0.01s, plan_measurement_pose=0.00s, merge_results=0.00s]
2026-08-31 13:52:06,392 INFO [pid=45788 gui-measure_auto dune_tension.tensiometer] Measuring wire 24 at 1122.8234797504085,374.5062581595149 focus=6197
2026-08-31 13:52:07,186 INFO [pid=45788 gui-monitor-tension-logs dune_tension.gui.actions] Updated tension logs for APA-US-013 layer V
2026-08-31 13:52:07,696 INFO [pid=45788 Thread-2593 (_audio_worker) spectrum_analysis.audio_processing] Listening for audio events (RMS trigger)...
2026-08-31 13:52:07,852 INFO [pid=45788 Thread-2593 (_audio_worker) spectrum_analysis.audio_processing] Recording started.
2026-08-31 13:52:08,029 WARNING [pid=45788 Thread-2593 (_audio_worker) spectrum_analysis.audio_processing] Max recording length reached.
2026-08-31 13:52:08,531 INFO [pid=45788 gui-measure_auto dune_tension.tensiometer] Sample of wire 24: measured frequency 434.41 Hz {'length': 0.2245, 'frequency': 434.41484479206366, 'tension': 5.860739825571476} with confidence 1.00 (amp=0.0000, harm=0.0000)
2026-08-31 13:52:08,558 INFO [pid=45788 gui-measure_auto dune_tension.tensiometer] Result: wire 24 length 224.5 mm tension 5.9 N frequency 434.4 Hz confidence 1.00 at 1122.82421875,374.501708984375 focus 6344. Took 0.88 seconds.
2026-08-31 13:52:08,586 WARNING [pid=45788 gui-measure_auto dune_tension.tensiometer] Wire 24 tension 5.86 N flagged as an outlier versus nearby wires; remeasuring and keeping only the second measurement.
2026-08-31 13:52:08,933 INFO [pid=45788 Thread-2596 (_audio_worker) spectrum_analysis.audio_processing] Listening for audio events (RMS trigger)...
2026-08-31 13:52:09,244 INFO [pid=45788 Thread-2596 (_audio_worker) spectrum_analysis.audio_processing] Recording started.
2026-08-31 13:52:09,306 WARNING [pid=45788 Thread-2596 (_audio_worker) spectrum_analysis.audio_processing] Max recording length reached.
2026-08-31 13:52:09,809 INFO [pid=45788 gui-measure_auto dune_tension.tensiometer] Sample of wire 24: measured frequency 438.20 Hz {'length': 0.2245, 'frequency': 438.1990428251379, 'tension': 5.96329063754941} with confidence 1.00 (amp=0.0000, harm=0.2243)
2026-08-31 13:52:09,824 INFO [pid=45788 gui-measure_auto dune_tension.tensiometer] Result: wire 24 length 224.5 mm tension 6.0 N frequency 438.2 Hz confidence 1.00 at 1122.8238525390625,374.50390625 focus 6344. Took 0.97 seconds.
2026-08-31 13:52:09,886 INFO [pid=45788 gui-measure_auto dune_tension.tensiometer] Timing profile for list wire 24: total=3.49s stages=[wire_total_wall=3.49s, collect_samples=1.82s, move_to_measurement_pose=1.31s, acquire_audio=1.13s, strum=1.13s, analyze_audio=0.60s, wait_for_audio_trigger=0.53s, reset_plc_before_move=0.23s, reset_plc_before_persist=0.06s, reset_plc_after_collect=0.04s, append_result=0.03s, summary_refresh=0.00s, plan_measurement_pose=0.00s, merge_results=0.00s]
2026-08-31 13:52:09,887 INFO [pid=45788 gui-measure_auto dune_tension.tensiometer] Measuring wire 23 at 1118.8302514300062,371.6187991757263 focus=6196
2026-08-31 13:52:10,475 INFO [pid=45788 gui-monitor-tension-logs dune_tension.gui.actions] Updated tension logs for APA-US-013 layer V
2026-08-31 13:52:11,142 INFO [pid=45788 Thread-2600 (_audio_worker) spectrum_analysis.audio_processing] Listening for audio events (RMS trigger)...
2026-08-31 13:52:11,324 INFO [pid=45788 Thread-2600 (_audio_worker) spectrum_analysis.audio_processing] Recording started.
2026-08-31 13:52:11,437 WARNING [pid=45788 Thread-2600 (_audio_worker) spectrum_analysis.audio_processing] Max recording length reached.
2026-08-31 13:52:11,740 INFO [pid=45788 gui-measure_auto dune_tension.tensiometer] Sample of wire 23: measured frequency 449.23 Hz {'length': 0.2144, 'frequency': 449.2316857162787, 'tension': 5.716112402700242} with confidence 1.00 (amp=0.0000, harm=0.0000)
2026-08-31 13:52:11,865 INFO [pid=45788 gui-measure_auto dune_tension.tensiometer] Result: wire 23 length 214.4 mm tension 5.7 N frequency 449.2 Hz confidence 1.00 at 1118.8294677734375,371.6202087402344 focus 6344. Took 0.77 seconds.
2026-08-31 13:52:11,878 INFO [pid=45788 gui-measure_auto dune_tension.tensiometer] Timing profile for list wire 23: total=1.99s stages=[wire_total_wall=1.99s, move_to_measurement_pose=1.19s, collect_samples=0.65s, acquire_audio=0.51s, strum=0.51s, wait_for_audio_trigger=0.23s, analyze_audio=0.13s, reset_plc_after_collect=0.12s, reset_plc_before_move=0.01s, reset_plc_before_persist=0.01s, append_result=0.00s, summary_refresh=0.00s, plan_measurement_pose=0.00s, merge_results=0.00s]
2026-08-31 13:52:11,878 INFO [pid=45788 gui-measure_auto dune_tension.tensiometer] Measuring wire 22 at 1114.837023644654,368.73098378173336 focus=6196
2026-08-31 13:52:12,056 INFO [pid=45788 gui-monitor-tension-logs dune_tension.gui.actions] Updated tension logs for APA-US-013 layer V
2026-08-31 13:52:12,935 INFO [pid=45788 Thread-2604 (_audio_worker) spectrum_analysis.audio_processing] Listening for audio events (RMS trigger)...
2026-08-31 13:52:13,098 INFO [pid=45788 Thread-2604 (_audio_worker) spectrum_analysis.audio_processing] Recording started.
2026-08-31 13:52:13,257 WARNING [pid=45788 Thread-2604 (_audio_worker) spectrum_analysis.audio_processing] Max recording length reached.
2026-08-31 13:52:13,595 INFO [pid=45788 gui-measure_auto dune_tension.tensiometer] Sample of wire 22: measured frequency 473.89 Hz {'length': 0.2043, 'frequency': 473.89192036220004, 'tension': 5.775715309787904} with confidence 1.00 (amp=0.0000, harm=0.1890)
2026-08-31 13:52:13,607 INFO [pid=45788 gui-measure_auto dune_tension.tensiometer] Result: wire 22 length 204.3 mm tension 5.8 N frequency 473.9 Hz confidence 1.00 at 1114.8345947265625,368.7196960449219 focus 6344. Took 0.70 seconds.
2026-08-31 13:52:13,619 INFO [pid=45788 gui-measure_auto dune_tension.tensiometer] Timing profile for list wire 22: total=1.74s stages=[wire_total_wall=1.74s, move_to_measurement_pose=1.02s, collect_samples=0.69s, acquire_audio=0.53s, strum=0.53s, wait_for_audio_trigger=0.18s, analyze_audio=0.14s, reset_plc_before_move=0.01s, reset_plc_after_collect=0.01s, reset_plc_before_persist=0.01s, append_result=0.00s, summary_refresh=0.00s, plan_measurement_pose=0.00s, merge_results=0.00s]
2026-08-31 13:52:13,620 INFO [pid=45788 gui-measure_auto dune_tension.tensiometer] Measuring wire 21 at 1110.8437964175168,365.8427964990848 focus=6195
2026-08-31 13:52:13,977 INFO [pid=45788 gui-monitor-tension-logs dune_tension.gui.actions] Updated tension logs for APA-US-013 layer V
2026-08-31 13:52:14,997 INFO [pid=45788 Thread-2608 (_audio_worker) spectrum_analysis.audio_processing] Listening for audio events (RMS trigger)...
2026-08-31 13:52:15,150 INFO [pid=45788 Thread-2608 (_audio_worker) spectrum_analysis.audio_processing] Recording started.
2026-08-31 13:52:15,321 WARNING [pid=45788 Thread-2608 (_audio_worker) spectrum_analysis.audio_processing] Max recording length reached.
2026-08-31 13:52:15,623 INFO [pid=45788 gui-measure_auto dune_tension.tensiometer] Sample of wire 21: measured frequency 490.56 Hz {'length': 0.19419999999999998, 'frequency': 490.5631822489076, 'tension': 5.592407230667817} with confidence 1.00 (amp=0.0000, harm=0.0000)
2026-08-31 13:52:15,653 INFO [pid=45788 gui-measure_auto dune_tension.tensiometer] Result: wire 21 length 194.2 mm tension 5.6 N frequency 490.6 Hz confidence 1.00 at 1110.84326171875,365.84429931640625 focus 6344. Took 0.69 seconds.
2026-08-31 13:52:15,669 INFO [pid=45788 gui-measure_auto dune_tension.tensiometer] Timing profile for list wire 21: total=2.05s stages=[wire_total_wall=2.05s, move_to_measurement_pose=1.33s, collect_samples=0.67s, acquire_audio=0.52s, strum=0.52s, wait_for_audio_trigger=0.17s, analyze_audio=0.13s, reset_plc_after_collect=0.02s, reset_plc_before_persist=0.01s, reset_plc_before_move=0.01s, append_result=0.00s, summary_refresh=0.00s, plan_measurement_pose=0.00s, merge_results=0.00s]
2026-08-31 13:52:15,670 INFO [pid=45788 gui-measure_auto dune_tension.tensiometer] Measuring wire 20 at 1106.8505697731166,362.95422093988344 focus=6195
2026-08-31 13:52:16,951 INFO [pid=45788 Thread-2611 (_audio_worker) spectrum_analysis.audio_processing] Listening for audio events (RMS trigger)...
2026-08-31 13:52:17,110 INFO [pid=45788 Thread-2611 (_audio_worker) spectrum_analysis.audio_processing] Recording started.
2026-08-31 13:52:17,222 INFO [pid=45788 gui-monitor-tension-logs dune_tension.gui.actions] Updated tension logs for APA-US-013 layer V
2026-08-31 13:52:17,284 WARNING [pid=45788 Thread-2611 (_audio_worker) spectrum_analysis.audio_processing] Max recording length reached.
2026-08-31 13:52:17,933 INFO [pid=45788 gui-measure_auto dune_tension.tensiometer] Sample of wire 20: measured frequency 525.35 Hz {'length': 0.18409999999999999, 'frequency': 525.3536153940054, 'tension': 5.763966715358429} with confidence 1.00 (amp=0.0000, harm=0.0000)
2026-08-31 13:52:17,957 INFO [pid=45788 gui-measure_auto dune_tension.tensiometer] Result: wire 20 length 184.1 mm tension 5.8 N frequency 525.4 Hz confidence 1.00 at 1106.851318359375,362.9529113769531 focus 6344. Took 1.03 seconds.
2026-08-31 13:52:17,973 INFO [pid=45788 gui-measure_auto dune_tension.tensiometer] Timing profile for list wire 20: total=2.30s stages=[wire_total_wall=2.30s, move_to_measurement_pose=1.17s, collect_samples=1.00s, acquire_audio=0.54s, strum=0.54s, analyze_audio=0.45s, wait_for_audio_trigger=0.18s, reset_plc_before_move=0.09s, reset_plc_after_collect=0.02s, reset_plc_before_persist=0.01s, append_result=0.00s, summary_refresh=0.00s, plan_measurement_pose=0.00s, merge_results=0.00s]
2026-08-31 13:52:17,973 INFO [pid=45788 gui-measure_auto dune_tension.tensiometer] Measuring wire 19 at 1102.857343737434,360.065239738998 focus=6194
2026-08-31 13:52:19,075 INFO [pid=45788 Thread-2615 (_audio_worker) spectrum_analysis.audio_processing] Listening for audio events (RMS trigger)...
2026-08-31 13:52:19,225 INFO [pid=45788 Thread-2615 (_audio_worker) spectrum_analysis.audio_processing] Recording started.
2026-08-31 13:52:19,394 WARNING [pid=45788 Thread-2615 (_audio_worker) spectrum_analysis.audio_processing] Max recording length reached.
2026-08-31 13:52:19,688 INFO [pid=45788 gui-measure_auto dune_tension.tensiometer] Sample of wire 19: measured frequency 566.16 Hz {'length': 0.174, 'frequency': 566.1633453293766, 'tension': 5.97987947234717} with confidence 1.00 (amp=0.0000, harm=0.0000)
2026-08-31 13:52:19,707 INFO [pid=45788 gui-measure_auto dune_tension.tensiometer] Result: wire 19 length 174.0 mm tension 6.0 N frequency 566.2 Hz confidence 1.00 at 1102.8560791015625,360.05450439453125 focus 6344. Took 0.69 seconds.
2026-08-31 13:52:19,720 WARNING [pid=45788 gui-measure_auto dune_tension.tensiometer] Wire 19 tension 5.98 N flagged as an outlier versus nearby wires; remeasuring and keeping only the second measurement.
2026-08-31 13:52:19,759 INFO [pid=45788 gui-monitor-tension-logs dune_tension.gui.actions] Updated tension logs for APA-US-013 layer V
2026-08-31 13:52:19,783 INFO [pid=45788 Thread-2616 (_audio_worker) spectrum_analysis.audio_processing] Listening for audio events (RMS trigger)...
2026-08-31 13:52:19,915 INFO [pid=45788 MainThread dune_tension.gui.app] GUI heartbeat. measurement_active=True active_measurement=measure auto focus=6344 threads=6 vmsize=6156428 kB vmhwm=2220744 kB vmrss=1262672 kB
2026-08-31 13:52:20,010 INFO [pid=45788 Thread-2616 (_audio_worker) spectrum_analysis.audio_processing] Recording started.
2026-08-31 13:52:20,099 WARNING [pid=45788 Thread-2616 (_audio_worker) spectrum_analysis.audio_processing] Max recording length reached.
2026-08-31 13:52:20,514 INFO [pid=45788 gui-measure_auto dune_tension.tensiometer] Sample of wire 19: measured frequency 566.32 Hz {'length': 0.174, 'frequency': 566.3227427164713, 'tension': 5.983247091778716} with confidence 1.00 (amp=0.0000, harm=0.2522)
2026-08-31 13:52:20,533 INFO [pid=45788 gui-measure_auto dune_tension.tensiometer] Result: wire 19 length 174.0 mm tension 6.0 N frequency 566.3 Hz confidence 1.00 at 1102.8575439453125,360.0588073730469 focus 6344. Took 0.77 seconds.
2026-08-31 13:52:20,996 INFO [pid=45788 gui-measure_auto dune_tension.tensiometer] Timing profile for list wire 19: total=3.02s stages=[wire_total_wall=3.02s, collect_samples=1.43s, acquire_audio=1.15s, strum=1.15s, move_to_measurement_pose=1.06s, append_result=0.44s, wait_for_audio_trigger=0.43s, analyze_audio=0.23s, reset_plc_before_persist=0.04s, reset_plc_after_collect=0.03s, reset_plc_before_move=0.02s, summary_refresh=0.00s, plan_measurement_pose=0.00s, merge_results=0.00s]
2026-08-31 13:52:20,997 INFO [pid=45788 gui-measure_auto dune_tension.tensiometer] Measuring wire 18 at 1098.864118338016,357.1758344801177 focus=6193
2026-08-31 13:52:21,384 INFO [pid=45788 gui-monitor-tension-logs dune_tension.gui.actions] Updated tension logs for APA-US-013 layer V
2026-08-31 13:52:21,970 INFO [pid=45788 Thread-2622 (_audio_worker) spectrum_analysis.audio_processing] Listening for audio events (RMS trigger)...
2026-08-31 13:52:22,128 INFO [pid=45788 Thread-2622 (_audio_worker) spectrum_analysis.audio_processing] Recording started.
2026-08-31 13:52:22,299 WARNING [pid=45788 Thread-2622 (_audio_worker) spectrum_analysis.audio_processing] Max recording length reached.
2026-08-31 13:52:22,872 INFO [pid=45788 gui-measure_auto dune_tension.tensiometer] Sample of wire 18: measured frequency 613.34 Hz {'length': 0.16390000000000002, 'frequency': 613.3381974633178, 'tension': 6.226849494000706} with confidence 1.00 (amp=0.0000, harm=0.0000)
2026-08-31 13:52:22,884 INFO [pid=45788 gui-measure_auto dune_tension.tensiometer] Result: wire 18 length 163.9 mm tension 6.2 N frequency 613.3 Hz confidence 1.00 at 1098.861083984375,357.1820983886719 focus 6344. Took 0.96 seconds.
2026-08-31 13:52:22,897 WARNING [pid=45788 gui-measure_auto dune_tension.tensiometer] Wire 18 tension 6.23 N flagged as an outlier versus nearby wires; remeasuring and keeping only the second measurement.
2026-08-31 13:52:22,948 INFO [pid=45788 Thread-2624 (_audio_worker) spectrum_analysis.audio_processing] Listening for audio events (RMS trigger)...
2026-08-31 13:52:23,083 INFO [pid=45788 Thread-2624 (_audio_worker) spectrum_analysis.audio_processing] Recording started.
2026-08-31 13:52:23,255 WARNING [pid=45788 Thread-2624 (_audio_worker) spectrum_analysis.audio_processing] Max recording length reached.
2026-08-31 13:52:23,261 INFO [pid=45788 gui-monitor-tension-logs dune_tension.gui.actions] Updated tension logs for APA-US-013 layer V
2026-08-31 13:52:23,845 INFO [pid=45788 gui-measure_auto dune_tension.tensiometer] Sample of wire 18: measured frequency 610.80 Hz {'length': 0.16390000000000002, 'frequency': 610.7992515563965, 'tension': 6.175403451041243} with confidence 1.00 (amp=0.0000, harm=0.3144)
2026-08-31 13:52:23,867 INFO [pid=45788 gui-measure_auto dune_tension.tensiometer] Result: wire 18 length 163.9 mm tension 6.2 N frequency 610.8 Hz confidence 1.00 at 1098.864501953125,357.1758117675781 focus 6344. Took 0.94 seconds.
2026-08-31 13:52:23,912 INFO [pid=45788 gui-measure_auto dune_tension.tensiometer] Timing profile for list wire 18: total=2.92s stages=[wire_total_wall=2.92s, collect_samples=1.87s, acquire_audio=1.22s, strum=1.22s, move_to_measurement_pose=0.92s, analyze_audio=0.58s, wait_for_audio_trigger=0.33s, reset_plc_before_move=0.04s, reset_plc_after_collect=0.03s, reset_plc_before_persist=0.03s, summary_refresh=0.01s, append_result=0.01s, plan_measurement_pose=0.00s, merge_results=0.00s]
2026-08-31 13:52:23,918 INFO [pid=45788 gui-measure_auto dune_tension.tensiometer] Measuring wire 17 at 1094.8708936040978,354.2859856149897 focus=6193
2026-08-31 13:52:24,927 INFO [pid=45788 Thread-2628 (_audio_worker) spectrum_analysis.audio_processing] Listening for audio events (RMS trigger)...
2026-08-31 13:52:25,089 INFO [pid=45788 Thread-2628 (_audio_worker) spectrum_analysis.audio_processing] Recording started.
2026-08-31 13:52:25,260 WARNING [pid=45788 Thread-2628 (_audio_worker) spectrum_analysis.audio_processing] Max recording length reached.
2026-08-31 13:52:25,359 INFO [pid=45788 gui-monitor-tension-logs dune_tension.gui.actions] Updated tension logs for APA-US-013 layer V
2026-08-31 13:52:26,417 INFO [pid=45788 gui-measure_auto dune_tension.tensiometer] Sample of wire 17: measured frequency 640.09 Hz {'length': 0.15380000000000002, 'frequency': 640.0859425165881, 'tension': 5.971723434724246} with confidence 1.00 (amp=0.0000, harm=0.1550)
2026-08-31 13:52:26,431 INFO [pid=45788 gui-measure_auto dune_tension.tensiometer] Result: wire 17 length 153.8 mm tension 6.0 N frequency 640.1 Hz confidence 1.00 at 1094.868408203125,354.2773132324219 focus 6344. Took 1.53 seconds.
2026-08-31 13:52:26,448 INFO [pid=45788 gui-measure_auto dune_tension.tensiometer] Timing profile for list wire 17: total=2.53s stages=[wire_total_wall=2.53s, collect_samples=1.51s, analyze_audio=0.96s, move_to_measurement_pose=0.94s, acquire_audio=0.54s, strum=0.54s, wait_for_audio_trigger=0.18s, reset_plc_before_move=0.04s, reset_plc_after_collect=0.01s, reset_plc_before_persist=0.01s, append_result=0.00s, summary_refresh=0.00s, plan_measurement_pose=0.00s, merge_results=0.00s]
2026-08-31 13:52:26,449 INFO [pid=45788 gui-measure_auto dune_tension.tensiometer] Measuring wire 16 at 1090.8776695667339,351.3956723750955 focus=6192
2026-08-31 13:52:28,070 INFO [pid=45788 Thread-2632 (_audio_worker) spectrum_analysis.audio_processing] Listening for audio events (RMS trigger)...
2026-08-31 13:52:28,106 INFO [pid=45788 gui-monitor-tension-logs dune_tension.gui.actions] Updated tension logs for APA-US-013 layer V
2026-08-31 13:52:28,341 INFO [pid=45788 Thread-2632 (_audio_worker) spectrum_analysis.audio_processing] Recording started.
2026-08-31 13:52:28,402 WARNING [pid=45788 Thread-2632 (_audio_worker) spectrum_analysis.audio_processing] Max recording length reached.
2026-08-31 13:52:29,079 INFO [pid=45788 gui-measure_auto dune_tension.tensiometer] Sample of wire 16: measured frequency 681.91 Hz {'length': 0.1438, 'frequency': 681.9115210361168, 'tension': 5.924944200970611} with confidence 1.00 (amp=0.0000, harm=0.0000)
2026-08-31 13:52:29,115 INFO [pid=45788 gui-measure_auto dune_tension.tensiometer] Result: wire 16 length 143.8 mm tension 5.9 N frequency 681.9 Hz confidence 1.00 at 1090.8773193359375,351.3924865722656 focus 6344. Took 1.07 seconds.
2026-08-31 13:52:29,223 INFO [pid=45788 gui-measure_auto dune_tension.tensiometer] Timing profile for list wire 16: total=2.77s stages=[wire_total_wall=2.77s, move_to_measurement_pose=1.58s, collect_samples=1.03s, acquire_audio=0.53s, strum=0.53s, analyze_audio=0.46s, wait_for_audio_trigger=0.29s, summary_refresh=0.08s, reset_plc_after_collect=0.04s, reset_plc_before_move=0.02s, reset_plc_before_persist=0.02s, append_result=0.01s, plan_measurement_pose=0.00s, merge_results=0.00s]
2026-08-31 13:52:29,225 INFO [pid=45788 gui-measure_auto dune_tension.tensiometer] Measuring wire 15 at 1086.88444625894,348.504872674924 focus=6191
2026-08-31 13:52:30,521 INFO [pid=45788 Thread-2636 (_audio_worker) spectrum_analysis.audio_processing] Listening for audio events (RMS trigger)...
2026-08-31 13:52:30,657 INFO [pid=45788 Thread-2636 (_audio_worker) spectrum_analysis.audio_processing] Recording started.
2026-08-31 13:52:30,829 WARNING [pid=45788 Thread-2636 (_audio_worker) spectrum_analysis.audio_processing] Max recording length reached.
2026-08-31 13:52:30,855 INFO [pid=45788 gui-monitor-tension-logs dune_tension.gui.actions] Updated tension logs for APA-US-013 layer V
2026-08-31 13:52:31,469 INFO [pid=45788 gui-measure_auto dune_tension.tensiometer] Sample of wire 15: measured frequency 750.25 Hz {'length': 0.13369999999999999, 'frequency': 750.2461608886719, 'tension': 6.199844751797618} with confidence 1.00 (amp=0.0000, harm=0.2352)
2026-08-31 13:52:31,503 INFO [pid=45788 gui-measure_auto dune_tension.tensiometer] Result: wire 15 length 133.7 mm tension 6.2 N frequency 750.2 Hz confidence 1.00 at 1086.8839111328125,348.5115051269531 focus 6344. Took 1.01 seconds.
2026-08-31 13:52:31,665 WARNING [pid=45788 gui-measure_auto dune_tension.tensiometer] Wire 15 tension 6.20 N flagged as an outlier versus nearby wires; remeasuring and keeping only the second measurement.
2026-08-31 13:52:31,730 INFO [pid=45788 Thread-2639 (_audio_worker) spectrum_analysis.audio_processing] Listening for audio events (RMS trigger)...
2026-08-31 13:52:31,873 INFO [pid=45788 Thread-2639 (_audio_worker) spectrum_analysis.audio_processing] Recording started.
2026-08-31 13:52:32,058 WARNING [pid=45788 Thread-2639 (_audio_worker) spectrum_analysis.audio_processing] Max recording length reached.
2026-08-31 13:52:32,443 INFO [pid=45788 gui-measure_auto dune_tension.tensiometer] Sample of wire 15: measured frequency 745.23 Hz {'length': 0.13369999999999999, 'frequency': 745.2267006994833, 'tension': 6.117163165272616} with confidence 1.00 (amp=0.0000, harm=0.0000)
2026-08-31 13:52:32,515 INFO [pid=45788 gui-measure_auto dune_tension.tensiometer] Result: wire 15 length 133.7 mm tension 6.1 N frequency 745.2 Hz confidence 1.00 at 1086.8857421875,348.50421142578125 focus 6344. Took 0.81 seconds.
2026-08-31 13:52:32,635 INFO [pid=45788 gui-measure_auto dune_tension.tensiometer] Timing profile for list wire 15: total=3.41s stages=[wire_total_wall=3.41s, collect_samples=1.71s, move_to_measurement_pose=1.25s, acquire_audio=1.03s, strum=1.03s, analyze_audio=0.65s, wait_for_audio_trigger=0.32s, reset_plc_before_persist=0.26s, reset_plc_after_collect=0.10s, reset_plc_before_move=0.06s, append_result=0.01s, plan_measurement_pose=0.00s, summary_refresh=0.00s, merge_results=0.00s]
2026-08-31 13:52:32,635 INFO [pid=45788 gui-measure_auto dune_tension.tensiometer] Measuring wire 14 at 1082.8912237158543,345.61356300589887 focus=6191
2026-08-31 13:52:33,127 INFO [pid=45788 gui-monitor-tension-logs dune_tension.gui.actions] Updated tension logs for APA-US-013 layer V
2026-08-31 13:52:33,767 INFO [pid=45788 Thread-2642 (_audio_worker) spectrum_analysis.audio_processing] Listening for audio events (RMS trigger)...
2026-08-31 13:52:33,935 INFO [pid=45788 Thread-2642 (_audio_worker) spectrum_analysis.audio_processing] Recording started.
2026-08-31 13:52:34,075 WARNING [pid=45788 Thread-2642 (_audio_worker) spectrum_analysis.audio_processing] Max recording length reached.
2026-08-31 13:52:34,661 INFO [pid=45788 gui-measure_auto dune_tension.tensiometer] Sample of wire 14: measured frequency 774.16 Hz {'length': 0.12359999999999999, 'frequency': 774.1578946320907, 'tension': 5.64165431732726} with confidence 1.00 (amp=0.0000, harm=0.0000)
2026-08-31 13:52:34,693 INFO [pid=45788 gui-measure_auto dune_tension.tensiometer] Result: wire 14 length 123.6 mm tension 5.6 N frequency 774.2 Hz confidence 1.00 at 1082.8917236328125,345.597900390625 focus 6344. Took 0.96 seconds.
2026-08-31 13:52:34,705 WARNING [pid=45788 gui-measure_auto dune_tension.tensiometer] Wire 14 tension 5.64 N flagged as an outlier versus nearby wires; remeasuring and keeping only the second measurement.
2026-08-31 13:52:34,758 INFO [pid=45788 Thread-2645 (_audio_worker) spectrum_analysis.audio_processing] Listening for audio events (RMS trigger)...
2026-08-31 13:52:34,902 INFO [pid=45788 Thread-2645 (_audio_worker) spectrum_analysis.audio_processing] Recording started.
2026-08-31 13:52:34,916 INFO [pid=45788 MainThread dune_tension.gui.app] GUI heartbeat. measurement_active=True active_measurement=measure auto focus=6344 threads=9 vmsize=6211972 kB vmhwm=2220744 kB vmrss=1279528 kB
2026-08-31 13:52:35,073 INFO [pid=45788 gui-monitor-tension-logs dune_tension.gui.actions] Updated tension logs for APA-US-013 layer V
2026-08-31 13:52:35,086 WARNING [pid=45788 Thread-2645 (_audio_worker) spectrum_analysis.audio_processing] Max recording length reached.
2026-08-31 13:52:35,487 INFO [pid=45788 gui-measure_auto dune_tension.tensiometer] Sample of wire 14: measured frequency 770.06 Hz {'length': 0.12359999999999999, 'frequency': 770.0623043826042, 'tension': 5.582119214595704} with confidence 0.00 (amp=0.0000, harm=0.0000)
2026-08-31 13:52:35,488 INFO [pid=45788 gui-measure_auto dune_tension.tensiometer] Optimizer next pose: x=1086.032236164709 y=343.35204006496497 focus=6344
2026-08-31 13:52:35,604 INFO [pid=45788 Thread-2648 (_audio_worker) spectrum_analysis.audio_processing] Listening for audio events (RMS trigger)...
2026-08-31 13:52:35,776 INFO [pid=45788 Thread-2648 (_audio_worker) spectrum_analysis.audio_processing] Recording started.
2026-08-31 13:52:35,927 WARNING [pid=45788 Thread-2648 (_audio_worker) spectrum_analysis.audio_processing] Max recording length reached.
2026-08-31 13:52:36,294 INFO [pid=45788 gui-measure_auto dune_tension.tensiometer] Sample of wire 14: measured frequency 771.91 Hz {'length': 0.12359999999999999, 'frequency': 771.9145896135858, 'tension': 5.609005642609106} with confidence 0.87 (amp=0.0000, harm=0.0000)
2026-08-31 13:52:36,354 INFO [pid=45788 gui-measure_auto dune_tension.tensiometer] Result: wire 14 length 123.6 mm tension 5.6 N frequency 771.9 Hz confidence 0.87 at 1082.89013671875,345.6123046875 focus 6344. Took 1.62 seconds.
2026-08-31 13:52:36,407 INFO [pid=45788 gui-measure_auto dune_tension.tensiometer] Timing profile for list wire 14: total=3.77s stages=[wire_total_wall=3.77s, collect_samples=2.48s, acquire_audio=1.56s, strum=1.56s, move_to_measurement_pose=0.99s, analyze_audio=0.76s, wait_for_audio_trigger=0.58s, reset_plc_before_move=0.14s, optimizer_move=0.09s, reset_plc_after_collect=0.09s, reset_plc_before_persist=0.05s, append_result=0.01s, summary_refresh=0.00s, plan_measurement_pose=0.00s, merge_results=0.00s]
2026-08-31 13:52:36,407 INFO [pid=45788 gui-measure_auto dune_tension.tensiometer] Measuring wire 13 at 1078.898001974906,342.7217183198819 focus=6190
2026-08-31 13:52:37,381 INFO [pid=45788 gui-monitor-tension-logs dune_tension.gui.actions] Updated tension logs for APA-US-013 layer V
2026-08-31 13:52:37,963 INFO [pid=45788 Thread-2653 (_audio_worker) spectrum_analysis.audio_processing] Listening for audio events (RMS trigger)...
2026-08-31 13:52:38,135 INFO [pid=45788 Thread-2653 (_audio_worker) spectrum_analysis.audio_processing] Recording started.
2026-08-31 13:52:38,348 WARNING [pid=45788 Thread-2653 (_audio_worker) spectrum_analysis.audio_processing] Max recording length reached.
2026-08-31 13:52:38,880 INFO [pid=45788 gui-measure_auto dune_tension.tensiometer] Sample of wire 13: measured frequency 852.07 Hz {'length': 0.1135, 'frequency': 852.0675216984841, 'tension': 5.763020743952528} with confidence 0.00 (amp=0.0000, harm=0.0000)
2026-08-31 13:52:38,881 INFO [pid=45788 gui-measure_auto dune_tension.tensiometer] Optimizer next pose: x=1073.892157540818 y=346.31721208491984 focus=6344
2026-08-31 13:52:39,031 INFO [pid=45788 Thread-2655 (_audio_worker) spectrum_analysis.audio_processing] Listening for audio events (RMS trigger)...
2026-08-31 13:52:39,191 INFO [pid=45788 Thread-2655 (_audio_worker) spectrum_analysis.audio_processing] Recording started.
2026-08-31 13:52:39,362 WARNING [pid=45788 Thread-2655 (_audio_worker) spectrum_analysis.audio_processing] Max recording length reached.
2026-08-31 13:52:39,598 INFO [pid=45788 gui-measure_auto dune_tension.tensiometer] Sample of wire 13: measured frequency 857.81 Hz {'length': 0.1135, 'frequency': 857.8067489463953, 'tension': 5.840917569231195} with confidence 0.00 (amp=0.0000, harm=0.0000)
2026-08-31 13:52:39,599 INFO [pid=45788 gui-measure_auto dune_tension.tensiometer] Optimizer next pose: x=1084.7649687662138 y=338.5023790166667 focus=6344
2026-08-31 13:52:40,026 INFO [pid=45788 Thread-2657 (_audio_worker) spectrum_analysis.audio_processing] Listening for audio events (RMS trigger)...
2026-08-31 13:52:40,172 INFO [pid=45788 Thread-2657 (_audio_worker) spectrum_analysis.audio_processing] Recording started.
2026-08-31 13:52:40,343 WARNING [pid=45788 Thread-2657 (_audio_worker) spectrum_analysis.audio_processing] Max recording length reached.
2026-08-31 13:52:40,573 INFO [pid=45788 gui-measure_auto dune_tension.tensiometer] Sample of wire 13: measured frequency 857.68 Hz {'length': 0.1135, 'frequency': 857.6777950902049, 'tension': 5.839161574118479} with confidence 0.00 (amp=0.0000, harm=0.0000)
2026-08-31 13:52:40,573 INFO [pid=45788 gui-measure_auto dune_tension.tensiometer] Optimizer next pose: x=1073.8719840375804 y=346.33171179037186 focus=6344
2026-08-31 13:52:41,446 INFO [pid=45788 Thread-2659 (_audio_worker) spectrum_analysis.audio_processing] Listening for audio events (RMS trigger)...
2026-08-31 13:52:41,601 INFO [pid=45788 Thread-2659 (_audio_worker) spectrum_analysis.audio_processing] Recording started.
2026-08-31 13:52:41,773 WARNING [pid=45788 Thread-2659 (_audio_worker) spectrum_analysis.audio_processing] Max recording length reached.
2026-08-31 13:52:42,013 INFO [pid=45788 gui-measure_auto dune_tension.tensiometer] Sample of wire 13: measured frequency 854.87 Hz {'length': 0.1135, 'frequency': 854.8658613367049, 'tension': 5.80093645073218} with confidence 0.00 (amp=0.0000, harm=0.0000)
2026-08-31 13:52:42,014 INFO [pid=45788 gui-measure_auto dune_tension.tensiometer] Optimizer next pose: x=1080.0939742799287 y=341.85965630368406 focus=6344
2026-08-31 13:52:42,690 INFO [pid=45788 Thread-2661 (_audio_worker) spectrum_analysis.audio_processing] Listening for audio events (RMS trigger)...
2026-08-31 13:52:42,839 INFO [pid=45788 Thread-2661 (_audio_worker) spectrum_analysis.audio_processing] Recording started.
2026-08-31 13:52:43,009 WARNING [pid=45788 Thread-2661 (_audio_worker) spectrum_analysis.audio_processing] Max recording length reached.
2026-08-31 13:52:43,247 INFO [pid=45788 gui-measure_auto dune_tension.tensiometer] Sample of wire 13: measured frequency 855.26 Hz {'length': 0.1135, 'frequency': 855.2578627389074, 'tension': 5.806257745440164} with confidence 0.00 (amp=0.0000, harm=0.0000)
2026-08-31 13:52:43,247 INFO [pid=45788 gui-measure_auto dune_tension.tensiometer] Optimizer next pose: x=1078.277267804662 y=343.16541408278204 focus=6344
2026-08-31 13:52:43,800 INFO [pid=45788 Thread-2663 (_audio_worker) spectrum_analysis.audio_processing] Listening for audio events (RMS trigger)...
2026-08-31 13:52:43,948 INFO [pid=45788 Thread-2663 (_audio_worker) spectrum_analysis.audio_processing] Recording started.
2026-08-31 13:52:44,119 WARNING [pid=45788 Thread-2663 (_audio_worker) spectrum_analysis.audio_processing] Max recording length reached.
2026-08-31 13:52:44,355 INFO [pid=45788 gui-measure_auto dune_tension.tensiometer] Sample of wire 13: measured frequency 859.02 Hz {'length': 0.1135, 'frequency': 859.0176601554326, 'tension': 5.857419711929865} with confidence 0.00 (amp=0.0000, harm=0.0000)
2026-08-31 13:52:44,355 INFO [pid=45788 gui-measure_auto dune_tension.tensiometer] Optimizer next pose: x=1081.6666742754921 y=340.7292781818728 focus=6344
2026-08-31 13:52:45,170 INFO [pid=45788 Thread-2665 (_audio_worker) spectrum_analysis.audio_processing] Listening for audio events (RMS trigger)...
2026-08-31 13:52:45,313 INFO [pid=45788 Thread-2665 (_audio_worker) spectrum_analysis.audio_processing] Recording started.
2026-08-31 13:52:45,484 WARNING [pid=45788 Thread-2665 (_audio_worker) spectrum_analysis.audio_processing] Max recording length reached.
2026-08-31 13:52:45,711 INFO [pid=45788 gui-measure_auto dune_tension.tensiometer] Sample of wire 13: measured frequency 862.82 Hz {'length': 0.1135, 'frequency': 862.8219311589468, 'tension': 5.909415276275033} with confidence 0.00 (amp=0.0000, harm=0.0000)
2026-08-31 13:52:45,711 INFO [pid=45788 gui-measure_auto dune_tension.tensiometer] Optimizer next pose: x=1088.0193477003688 y=336.1632941577427 focus=6344
2026-08-31 13:52:46,360 INFO [pid=45788 Thread-2667 (_audio_worker) spectrum_analysis.audio_processing] Listening for audio events (RMS trigger)...
2026-08-31 13:52:46,508 INFO [pid=45788 Thread-2667 (_audio_worker) spectrum_analysis.audio_processing] Recording started.
2026-08-31 13:52:46,679 WARNING [pid=45788 Thread-2667 (_audio_worker) spectrum_analysis.audio_processing] Max recording length reached.
2026-08-31 13:52:46,914 INFO [pid=45788 gui-measure_auto dune_tension.tensiometer] Sample of wire 13: measured frequency 859.58 Hz {'length': 0.1135, 'frequency': 859.5794625254224, 'tension': 5.865083788004245} with confidence 0.00 (amp=0.0000, harm=0.0000)
2026-08-31 13:52:46,914 INFO [pid=45788 gui-measure_auto dune_tension.tensiometer] Optimizer next pose: x=1075.4166379761439 y=345.2214917720294 focus=6344
2026-08-31 13:52:47,522 INFO [pid=45788 Thread-2669 (_audio_worker) spectrum_analysis.audio_processing] Listening for audio events (RMS trigger)...
2026-08-31 13:52:47,681 INFO [pid=45788 Thread-2669 (_audio_worker) spectrum_analysis.audio_processing] Recording started.
2026-08-31 13:52:47,852 WARNING [pid=45788 Thread-2669 (_audio_worker) spectrum_analysis.audio_processing] Max recording length reached.
2026-08-31 13:52:48,092 INFO [pid=45788 gui-measure_auto dune_tension.tensiometer] Sample of wire 13: measured frequency 516.50 Hz {'length': 0.1135, 'frequency': 516.5004794417755, 'tension': 2.1175984851252796} with confidence 0.00 (amp=0.0000, harm=0.0000)
2026-08-31 13:52:48,092 INFO [pid=45788 gui-measure_auto dune_tension.tensiometer] Optimizer next pose: x=1077.0567096133966 y=344.042690282754 focus=6344
2026-08-31 13:52:49,400 INFO [pid=45788 Thread-2671 (_audio_worker) spectrum_analysis.audio_processing] Listening for audio events (RMS trigger)...
2026-08-31 13:52:49,559 INFO [pid=45788 Thread-2671 (_audio_worker) spectrum_analysis.audio_processing] Recording started.
2026-08-31 13:52:49,730 WARNING [pid=45788 Thread-2671 (_audio_worker) spectrum_analysis.audio_processing] Max recording length reached.
2026-08-31 13:52:49,916 INFO [pid=45788 MainThread dune_tension.gui.app] GUI heartbeat. measurement_active=True active_measurement=measure auto focus=6344 threads=4 vmsize=6166928 kB vmhwm=2220744 kB vmrss=1320012 kB
2026-08-31 13:52:49,963 INFO [pid=45788 gui-measure_auto dune_tension.tensiometer] Sample of wire 13: measured frequency 862.51 Hz {'length': 0.1135, 'frequency': 862.5105448003466, 'tension': 5.905150713226065} with confidence 0.00 (amp=0.0000, harm=0.0000)
2026-08-31 13:52:49,964 INFO [pid=45788 gui-measure_auto dune_tension.tensiometer] Optimizer next pose: x=1080.2347355962925 y=341.7584841075476 focus=6344
2026-08-31 13:52:50,633 INFO [pid=45788 Thread-2673 (_audio_worker) spectrum_analysis.audio_processing] Listening for audio events (RMS trigger)...
2026-08-31 13:52:50,732 INFO [pid=45788 Thread-2673 (_audio_worker) spectrum_analysis.audio_processing] Recording started.
2026-08-31 13:52:50,903 WARNING [pid=45788 Thread-2673 (_audio_worker) spectrum_analysis.audio_processing] Max recording length reached.
2026-08-31 13:52:51,141 INFO [pid=45788 gui-measure_auto dune_tension.tensiometer] Sample of wire 13: measured frequency 496.97 Hz {'length': 0.1135, 'frequency': 496.9676331325187, 'tension': 1.9604617297941005} with confidence 0.00 (amp=0.0000, harm=0.0000)
2026-08-31 13:52:51,141 INFO [pid=45788 gui-measure_auto dune_tension.tensiometer] Optimizer next pose: x=1079.961917645917 y=341.9545720093799 focus=6344
2026-08-31 13:52:52,372 INFO [pid=45788 Thread-2675 (_audio_worker) spectrum_analysis.audio_processing] Listening for audio events (RMS trigger)...
2026-08-31 13:52:52,524 INFO [pid=45788 Thread-2675 (_audio_worker) spectrum_analysis.audio_processing] Recording started.
2026-08-31 13:52:52,695 WARNING [pid=45788 Thread-2675 (_audio_worker) spectrum_analysis.audio_processing] Max recording length reached.
2026-08-31 13:52:52,932 INFO [pid=45788 gui-measure_auto dune_tension.tensiometer] Sample of wire 13: measured frequency 877.44 Hz {'length': 0.1135, 'frequency': 877.4355639471696, 'tension': 6.111286242964} with confidence 0.00 (amp=0.0000, harm=0.0000)
2026-08-31 13:52:52,932 INFO [pid=45788 gui-measure_auto dune_tension.tensiometer] Optimizer next pose: x=1080.6545190325978 y=341.45676476270313 focus=6344
2026-08-31 13:52:53,352 INFO [pid=45788 Thread-2677 (_audio_worker) spectrum_analysis.audio_processing] Listening for audio events (RMS trigger)...
2026-08-31 13:52:53,505 INFO [pid=45788 Thread-2677 (_audio_worker) spectrum_analysis.audio_processing] Recording started.
2026-08-31 13:52:53,677 WARNING [pid=45788 Thread-2677 (_audio_worker) spectrum_analysis.audio_processing] Max recording length reached.
2026-08-31 13:52:53,984 INFO [pid=45788 gui-measure_auto dune_tension.tensiometer] Sample of wire 13: measured frequency 412.81 Hz {'length': 0.1135, 'frequency': 412.81333801534777, 'tension': 1.3527252649941444} with confidence 0.00 (amp=0.0000, harm=0.0000)
2026-08-31 13:52:53,985 INFO [pid=45788 gui-measure_auto dune_tension.tensiometer] Optimizer next pose: x=1082.1158581629775 y=340.40642726274274 focus=6344
2026-08-31 13:52:54,675 INFO [pid=45788 Thread-2679 (_audio_worker) spectrum_analysis.audio_processing] Listening for audio events (RMS trigger)...
2026-08-31 13:52:54,842 INFO [pid=45788 Thread-2679 (_audio_worker) spectrum_analysis.audio_processing] Recording started.
2026-08-31 13:52:54,980 WARNING [pid=45788 Thread-2679 (_audio_worker) spectrum_analysis.audio_processing] Max recording length reached.
2026-08-31 13:52:55,298 INFO [pid=45788 gui-measure_auto dune_tension.tensiometer] Sample of wire 13: measured frequency 449.87 Hz {'length': 0.1135, 'frequency': 449.86833398889866, 'tension': 1.6064714382794256} with confidence 0.00 (amp=0.0000, harm=0.0000)
2026-08-31 13:52:55,300 INFO [pid=45788 gui-measure_auto dune_tension.tensiometer] Optimizer next pose: x=1073.2074500700091 y=346.80934557956374 focus=6344
2026-08-31 13:52:56,305 INFO [pid=45788 Thread-2681 (_audio_worker) spectrum_analysis.audio_processing] Listening for audio events (RMS trigger)...
2026-08-31 13:52:56,428 INFO [pid=45788 Thread-2681 (_audio_worker) spectrum_analysis.audio_processing] Recording started.
2026-08-31 13:52:56,599 WARNING [pid=45788 Thread-2681 (_audio_worker) spectrum_analysis.audio_processing] Max recording length reached.
2026-08-31 13:52:56,883 INFO [pid=45788 gui-measure_auto dune_tension.tensiometer] Sample of wire 13: measured frequency 271.14 Hz {'length': 0.1135, 'frequency': 271.1435675380093, 'tension': 0.583580499622551} with confidence 0.00 (amp=0.0000, harm=0.0000)
2026-08-31 13:52:56,884 INFO [pid=45788 gui-measure_auto dune_tension.tensiometer] Optimizer next pose: x=1078.4391916975471 y=343.0490312847708 focus=6344
2026-08-31 13:52:57,465 INFO [pid=45788 Thread-2683 (_audio_worker) spectrum_analysis.audio_processing] Listening for audio events (RMS trigger)...
2026-08-31 13:52:57,689 INFO [pid=45788 Thread-2683 (_audio_worker) spectrum_analysis.audio_processing] Recording started.
2026-08-31 13:52:57,810 WARNING [pid=45788 Thread-2683 (_audio_worker) spectrum_analysis.audio_processing] Max recording length reached.
2026-08-31 13:52:58,117 INFO [pid=45788 gui-measure_auto dune_tension.tensiometer] Sample of wire 13: measured frequency 847.03 Hz {'length': 0.1135, 'frequency': 847.0334813714248, 'tension': 5.6951257043133} with confidence 0.00 (amp=0.0000, harm=0.0000)
2026-08-31 13:52:58,118 INFO [pid=45788 gui-measure_auto dune_tension.tensiometer] Optimizer next pose: x=1075.2191833947027 y=345.3634122524403 focus=6344
2026-08-31 13:52:59,012 INFO [pid=45788 Thread-2685 (_audio_worker) spectrum_analysis.audio_processing] Listening for audio events (RMS trigger)...
2026-08-31 13:52:59,180 INFO [pid=45788 Thread-2685 (_audio_worker) spectrum_analysis.audio_processing] Recording started.
2026-08-31 13:52:59,351 WARNING [pid=45788 Thread-2685 (_audio_worker) spectrum_analysis.audio_processing] Max recording length reached.
2026-08-31 13:52:59,595 INFO [pid=45788 gui-measure_auto dune_tension.tensiometer] Sample of wire 13: measured frequency 444.88 Hz {'length': 0.1135, 'frequency': 444.8817477018443, 'tension': 1.5710548074342172} with confidence 0.00 (amp=0.0000, harm=0.0000)
2026-08-31 13:52:59,595 INFO [pid=45788 gui-measure_auto dune_tension.tensiometer] Optimizer next pose: x=1077.729241253571 y=343.5593081663787 focus=6344
2026-08-31 13:52:59,847 INFO [pid=45788 Thread-2687 (_audio_worker) spectrum_analysis.audio_processing] Listening for audio events (RMS trigger)...
2026-08-31 13:52:59,974 INFO [pid=45788 Thread-2687 (_audio_worker) spectrum_analysis.audio_processing] Recording started.
2026-08-31 13:53:00,140 WARNING [pid=45788 Thread-2687 (_audio_worker) spectrum_analysis.audio_processing] Max recording length reached.
2026-08-31 13:53:00,374 INFO [pid=45788 gui-measure_auto dune_tension.tensiometer] Sample of wire 13: measured frequency 542.93 Hz {'length': 0.1135, 'frequency': 542.9268380553158, 'tension': 2.3398325607060695} with confidence 0.00 (amp=0.0000, harm=0.0681)
2026-08-31 13:53:00,375 INFO [pid=45788 gui-measure_auto dune_tension.tensiometer] Optimizer next pose: x=1074.7498140409402 y=345.70077147545703 focus=6344
2026-08-31 13:53:00,827 INFO [pid=45788 Thread-2689 (_audio_worker) spectrum_analysis.audio_processing] Listening for audio events (RMS trigger)...
2026-08-31 13:53:00,972 INFO [pid=45788 Thread-2689 (_audio_worker) spectrum_analysis.audio_processing] Recording started.
2026-08-31 13:53:01,143 WARNING [pid=45788 Thread-2689 (_audio_worker) spectrum_analysis.audio_processing] Max recording length reached.
2026-08-31 13:53:01,381 INFO [pid=45788 gui-measure_auto dune_tension.tensiometer] Sample of wire 13: measured frequency 873.16 Hz {'length': 0.1135, 'frequency': 873.1559063206336, 'tension': 6.051816509173839} with confidence 0.00 (amp=0.0000, harm=0.0000)
2026-08-31 13:53:01,381 INFO [pid=45788 gui-measure_auto dune_tension.tensiometer] Optimizer next pose: x=1077.1315049048117 y=343.98893116704943 focus=6344
2026-08-31 13:53:02,170 INFO [pid=45788 Thread-2691 (_audio_worker) spectrum_analysis.audio_processing] Listening for audio events (RMS trigger)...
2026-08-31 13:53:02,316 INFO [pid=45788 Thread-2691 (_audio_worker) spectrum_analysis.audio_processing] Recording started.
2026-08-31 13:53:02,487 WARNING [pid=45788 Thread-2691 (_audio_worker) spectrum_analysis.audio_processing] Max recording length reached.
2026-08-31 13:53:02,722 INFO [pid=45788 gui-measure_auto dune_tension.tensiometer] Sample of wire 13: measured frequency 162.21 Hz {'length': 0.1135, 'frequency': 162.20608318408466, 'tension': 0.20885094011244118} with confidence 0.00 (amp=0.0000, harm=0.0000)
2026-08-31 13:53:02,723 INFO [pid=45788 gui-measure_auto dune_tension.tensiometer] Optimizer next pose: x=1078.3938568643212 y=343.08161569615197 focus=6344
2026-08-31 13:53:03,103 INFO [pid=45788 Thread-2693 (_audio_worker) spectrum_analysis.audio_processing] Listening for audio events (RMS trigger)...
2026-08-31 13:53:03,233 INFO [pid=45788 Thread-2693 (_audio_worker) spectrum_analysis.audio_processing] Recording started.
2026-08-31 13:53:03,405 WARNING [pid=45788 Thread-2693 (_audio_worker) spectrum_analysis.audio_processing] Max recording length reached.
2026-08-31 13:53:03,644 INFO [pid=45788 gui-measure_auto dune_tension.tensiometer] Sample of wire 13: measured frequency 428.60 Hz {'length': 0.1135, 'frequency': 428.60266441118915, 'tension': 1.4581825362291758} with confidence 0.00 (amp=0.0000, harm=0.0000)
2026-08-31 13:53:03,644 INFO [pid=45788 gui-measure_auto dune_tension.tensiometer] Optimizer next pose: x=1077.5713554408135 y=343.67278859429814 focus=6344
2026-08-31 13:53:04,500 INFO [pid=45788 Thread-2695 (_audio_worker) spectrum_analysis.audio_processing] Listening for audio events (RMS trigger)...
2026-08-31 13:53:04,663 INFO [pid=45788 Thread-2695 (_audio_worker) spectrum_analysis.audio_processing] Recording started.
2026-08-31 13:53:04,834 WARNING [pid=45788 Thread-2695 (_audio_worker) spectrum_analysis.audio_processing] Max recording length reached.
2026-08-31 13:53:04,917 INFO [pid=45788 MainThread dune_tension.gui.app] GUI heartbeat. measurement_active=True active_measurement=measure auto focus=6344 threads=5 vmsize=6197744 kB vmhwm=2220744 kB vmrss=1287848 kB
2026-08-31 13:53:05,057 INFO [pid=45788 gui-measure_auto dune_tension.tensiometer] Sample of wire 13: measured frequency 269.83 Hz {'length': 0.1135, 'frequency': 269.8302281038103, 'tension': 0.5779408077998028} with confidence 0.00 (amp=0.0000, harm=0.0000)
2026-08-31 13:53:05,058 INFO [pid=45788 gui-measure_auto dune_tension.tensiometer] Optimizer next pose: x=1077.3714754753216 y=343.8164523194954 focus=6344
2026-08-31 13:53:05,514 INFO [pid=45788 Thread-2697 (_audio_worker) spectrum_analysis.audio_processing] Listening for audio events (RMS trigger)...
2026-08-31 13:53:05,666 INFO [pid=45788 Thread-2697 (_audio_worker) spectrum_analysis.audio_processing] Recording started.
2026-08-31 13:53:05,837 WARNING [pid=45788 Thread-2697 (_audio_worker) spectrum_analysis.audio_processing] Max recording length reached.
2026-08-31 13:53:06,064 INFO [pid=45788 gui-measure_auto dune_tension.tensiometer] Sample of wire 13: measured frequency 230.36 Hz {'length': 0.1135, 'frequency': 230.36266954696524, 'tension': 0.42123685828711044} with confidence 0.00 (amp=0.0000, harm=0.0000)
2026-08-31 13:53:06,064 INFO [pid=45788 gui-measure_auto dune_tension.tensiometer] Optimizer next pose: x=1080.4990648304552 y=341.5684974704932 focus=6344
2026-08-31 13:53:06,286 INFO [pid=45788 Thread-2699 (_audio_worker) spectrum_analysis.audio_processing] Listening for audio events (RMS trigger)...
2026-08-31 13:53:06,435 INFO [pid=45788 Thread-2699 (_audio_worker) spectrum_analysis.audio_processing] Recording started.
2026-08-31 13:53:06,605 WARNING [pid=45788 Thread-2699 (_audio_worker) spectrum_analysis.audio_processing] Max recording length reached.
2026-08-31 13:53:06,852 INFO [pid=45788 gui-measure_auto dune_tension.tensiometer] Sample of wire 13: measured frequency 426.19 Hz {'length': 0.1135, 'frequency': 426.1863657282551, 'tension': 1.4417875250607401} with confidence 0.00 (amp=0.0000, harm=0.0000)
2026-08-31 13:53:06,852 INFO [pid=45788 gui-measure_auto dune_tension.tensiometer] Optimizer next pose: x=1077.5973855347345 y=343.6540794642924 focus=6344
2026-08-31 13:53:07,299 INFO [pid=45788 Thread-2701 (_audio_worker) spectrum_analysis.audio_processing] Listening for audio events (RMS trigger)...
2026-08-31 13:53:07,457 INFO [pid=45788 Thread-2701 (_audio_worker) spectrum_analysis.audio_processing] Recording started.
2026-08-31 13:53:07,628 WARNING [pid=45788 Thread-2701 (_audio_worker) spectrum_analysis.audio_processing] Max recording length reached.
2026-08-31 13:53:07,868 INFO [pid=45788 gui-measure_auto dune_tension.tensiometer] Sample of wire 13: measured frequency 662.85 Hz {'length': 0.1135, 'frequency': 662.8541283869184, 'tension': 3.4876917226082575} with confidence 0.00 (amp=0.0000, harm=0.0000)
2026-08-31 13:53:07,869 INFO [pid=45788 gui-measure_auto dune_tension.tensiometer] Optimizer next pose: x=1078.3125867649776 y=343.1400285800552 focus=6344
2026-08-31 13:53:08,289 INFO [pid=45788 Thread-2703 (_audio_worker) spectrum_analysis.audio_processing] Listening for audio events (RMS trigger)...
2026-08-31 13:53:08,460 INFO [pid=45788 Thread-2703 (_audio_worker) spectrum_analysis.audio_processing] Recording started.
2026-08-31 13:53:08,631 WARNING [pid=45788 Thread-2703 (_audio_worker) spectrum_analysis.audio_processing] Max recording length reached.
2026-08-31 13:53:08,869 INFO [pid=45788 gui-measure_auto dune_tension.tensiometer] Sample of wire 13: measured frequency 394.41 Hz {'length': 0.1135, 'frequency': 394.4123252313826, 'tension': 1.2348184665028166} with confidence 0.00 (amp=0.0000, harm=0.0000)
2026-08-31 13:53:08,870 INFO [pid=45788 gui-measure_auto dune_tension.tensiometer] Optimizer next pose: x=1077.7173034413995 y=343.5678884688769 focus=6344
2026-08-31 13:53:09,110 INFO [pid=45788 Thread-2705 (_audio_worker) spectrum_analysis.audio_processing] Listening for audio events (RMS trigger)...
2026-08-31 13:53:09,251 INFO [pid=45788 Thread-2705 (_audio_worker) spectrum_analysis.audio_processing] Recording started.
2026-08-31 13:53:09,420 WARNING [pid=45788 Thread-2705 (_audio_worker) spectrum_analysis.audio_processing] Max recording length reached.
2026-08-31 13:53:09,665 INFO [pid=45788 gui-measure_auto dune_tension.tensiometer] Sample of wire 13: measured frequency 382.36 Hz {'length': 0.1135, 'frequency': 382.3642074140569, 'tension': 1.1605306725125186} with confidence 0.61 (amp=0.0000, harm=0.0000)
2026-08-31 13:53:09,665 INFO [pid=45788 gui-measure_auto dune_tension.tensiometer] Optimizer next pose: x=1074.0298551410829 y=346.2182419347295 focus=6344
2026-08-31 13:53:09,895 INFO [pid=45788 Thread-2707 (_audio_worker) spectrum_analysis.audio_processing] Listening for audio events (RMS trigger)...
2026-08-31 13:53:10,039 INFO [pid=45788 Thread-2707 (_audio_worker) spectrum_analysis.audio_processing] Recording started.
2026-08-31 13:53:10,210 WARNING [pid=45788 Thread-2707 (_audio_worker) spectrum_analysis.audio_processing] Max recording length reached.
2026-08-31 13:53:10,448 INFO [pid=45788 gui-measure_auto dune_tension.tensiometer] Sample of wire 13: measured frequency 196.87 Hz {'length': 0.1135, 'frequency': 196.86904928413549, 'tension': 0.3076500908371042} with confidence 0.00 (amp=0.0000, harm=0.0000)
2026-08-31 13:53:10,449 INFO [pid=45788 gui-measure_auto dune_tension.tensiometer] Optimizer next pose: x=1079.2591869515056 y=342.45965969598814 focus=6344
2026-08-31 13:53:11,346 INFO [pid=45788 Thread-2709 (_audio_worker) spectrum_analysis.audio_processing] Listening for audio events (RMS trigger)...
2026-08-31 13:53:11,489 INFO [pid=45788 Thread-2709 (_audio_worker) spectrum_analysis.audio_processing] Recording started.
2026-08-31 13:53:11,661 WARNING [pid=45788 Thread-2709 (_audio_worker) spectrum_analysis.audio_processing] Max recording length reached.
2026-08-31 13:53:11,892 INFO [pid=45788 gui-measure_auto dune_tension.tensiometer] Sample of wire 13: measured frequency 852.98 Hz {'length': 0.1135, 'frequency': 852.9774363606977, 'tension': 5.775335864226613} with confidence 0.00 (amp=0.0000, harm=0.0000)
2026-08-31 13:53:11,892 INFO [pid=45788 gui-measure_auto dune_tension.tensiometer] Optimizer next pose: x=1078.2374421560633 y=343.19403876771236 focus=6344
2026-08-31 13:53:12,446 INFO [pid=45788 Thread-2711 (_audio_worker) spectrum_analysis.audio_processing] Listening for audio events (RMS trigger)...
2026-08-31 13:53:12,599 INFO [pid=45788 Thread-2711 (_audio_worker) spectrum_analysis.audio_processing] Recording started.
2026-08-31 13:53:12,770 WARNING [pid=45788 Thread-2711 (_audio_worker) spectrum_analysis.audio_processing] Max recording length reached.
2026-08-31 13:53:13,003 INFO [pid=45788 gui-measure_auto dune_tension.tensiometer] Sample of wire 13: measured frequency 854.07 Hz {'length': 0.1135, 'frequency': 854.065857759354, 'tension': 5.7900842254848035} with confidence 0.81 (amp=0.0000, harm=0.0000)
2026-08-31 13:53:13,028 INFO [pid=45788 gui-measure_auto dune_tension.tensiometer] Result: wire 13 length 113.5 mm tension 5.8 N frequency 854.1 Hz confidence 0.81 at 1079.6595458984375,342.45208740234375 focus 6344. Took 35.11 seconds.
2026-08-31 13:53:13,055 INFO [pid=45788 gui-measure_auto dune_tension.tensiometer] Timing profile for list wire 13: total=36.65s stages=[wire_total_wall=36.65s, collect_samples=35.09s, optimizer_move=16.23s, acquire_audio=15.78s, strum=15.78s, wait_for_audio_trigger=5.63s, analyze_audio=2.32s, move_to_measurement_pose=1.48s, reset_plc_after_collect=0.02s, reset_plc_before_move=0.02s, append_result=0.01s, reset_plc_before_persist=0.01s, summary_refresh=0.00s, plan_measurement_pose=0.00s, merge_results=0.00s]
2026-08-31 13:53:13,056 INFO [pid=45788 gui-measure_auto dune_tension.tensiometer] Measuring wire 12 at 1074.9047810760085,339.82931190104586 focus=6190
2026-08-31 13:53:14,088 INFO [pid=45788 Thread-2714 (_audio_worker) spectrum_analysis.audio_processing] Listening for audio events (RMS trigger)...
2026-08-31 13:53:14,242 INFO [pid=45788 Thread-2714 (_audio_worker) spectrum_analysis.audio_processing] Recording started.
2026-08-31 13:53:14,394 INFO [pid=45788 gui-monitor-tension-logs dune_tension.gui.actions] Updated tension logs for APA-US-013 layer V
2026-08-31 13:53:14,425 WARNING [pid=45788 Thread-2714 (_audio_worker) spectrum_analysis.audio_processing] Max recording length reached.
2026-08-31 13:53:15,154 INFO [pid=45788 gui-measure_auto dune_tension.tensiometer] Sample of wire 12: measured frequency 260.33 Hz {'length': 0.1034, 'frequency': 260.32715047019093, 'tension': 0.44646810947352605} with confidence 0.00 (amp=0.0000, harm=0.0000)
2026-08-31 13:53:15,155 INFO [pid=45788 gui-measure_auto dune_tension.tensiometer] Optimizer next pose: x=1092.838481168528 y=326.9394649595474 focus=6344
2026-08-31 13:53:15,235 INFO [pid=45788 Thread-2716 (_audio_worker) spectrum_analysis.audio_processing] Listening for audio events (RMS trigger)...
2026-08-31 13:53:15,409 INFO [pid=45788 Thread-2716 (_audio_worker) spectrum_analysis.audio_processing] Recording started.
2026-08-31 13:53:15,566 WARNING [pid=45788 Thread-2716 (_audio_worker) spectrum_analysis.audio_processing] Max recording length reached.
2026-08-31 13:53:15,780 INFO [pid=45788 gui-measure_auto dune_tension.tensiometer] Sample of wire 12: measured frequency 1104.12 Hz {'length': 0.1034, 'frequency': 1104.1151741019542, 'tension': 8.03119685476828} with confidence 0.88 (amp=0.0000, harm=0.0000)
2026-08-31 13:53:15,816 INFO [pid=45788 gui-measure_auto dune_tension.tensiometer] Result: wire 12 length 103.4 mm tension 8.0 N frequency 1104.1 Hz confidence 0.88 at 1074.904541015625,339.8284912109375 focus 6344. Took 1.75 seconds.
2026-08-31 13:53:15,915 WARNING [pid=45788 gui-measure_auto dune_tension.tensiometer] Wire 12 tension 8.03 N flagged as an outlier versus nearby wires; remeasuring and keeping only the second measurement.
2026-08-31 13:53:17,509 INFO [pid=45788 gui-monitor-tension-logs dune_tension.gui.actions] Updated tension logs for APA-US-013 layer V
2026-08-31 13:53:18,416 INFO [pid=45788 Thread-2721 (_audio_worker) spectrum_analysis.audio_processing] Listening for audio events (RMS trigger)...
2026-08-31 13:53:18,551 INFO [pid=45788 Thread-2721 (_audio_worker) spectrum_analysis.audio_processing] Recording started.
2026-08-31 13:53:18,723 WARNING [pid=45788 Thread-2721 (_audio_worker) spectrum_analysis.audio_processing] Max recording length reached.
2026-08-31 13:53:18,962 INFO [pid=45788 gui-measure_auto dune_tension.tensiometer] Sample of wire 12: measured frequency 1102.50 Hz {'length': 0.1034, 'frequency': 1102.5048415551576, 'tension': 8.0077872200014} with confidence 0.75 (amp=0.0000, harm=0.0000)
2026-08-31 13:53:18,985 INFO [pid=45788 gui-measure_auto dune_tension.tensiometer] Result: wire 12 length 103.4 mm tension 8.0 N frequency 1102.5 Hz confidence 0.75 at 1074.90234375,339.8041076660156 focus 6344. Took 0.61 seconds.
2026-08-31 13:53:19,028 INFO [pid=45788 gui-measure_auto dune_tension.tensiometer] Timing profile for list wire 12: total=5.97s stages=[wire_total_wall=5.97s, move_to_measurement_pose=3.42s, collect_samples=2.30s, strum=1.56s, acquire_audio=1.56s, analyze_audio=0.65s, wait_for_audio_trigger=0.54s, reset_plc_before_persist=0.10s, reset_plc_after_collect=0.06s, optimizer_move=0.05s, reset_plc_before_move=0.05s, append_result=0.03s, summary_refresh=0.00s, plan_measurement_pose=0.00s, merge_results=0.00s]
2026-08-31 13:53:19,028 INFO [pid=45788 gui-measure_auto dune_tension.tensiometer] Measuring wire 11 at 1070.9115610617678,336.93631522473225 focus=6189
2026-08-31 13:53:19,918 INFO [pid=45788 MainThread dune_tension.gui.app] GUI heartbeat. measurement_active=True active_measurement=measure auto focus=6344 threads=5 vmsize=6183664 kB vmhwm=2220744 kB vmrss=1339444 kB
2026-08-31 13:53:20,120 INFO [pid=45788 Thread-2724 (_audio_worker) spectrum_analysis.audio_processing] Listening for audio events (RMS trigger)...
2026-08-31 13:53:20,387 INFO [pid=45788 Thread-2724 (_audio_worker) spectrum_analysis.audio_processing] Recording started.
2026-08-31 13:53:20,432 WARNING [pid=45788 Thread-2724 (_audio_worker) spectrum_analysis.audio_processing] Max recording length reached.
2026-08-31 13:53:20,727 INFO [pid=45788 gui-measure_auto dune_tension.tensiometer] Sample of wire 11: measured frequency 1179.27 Hz {'length': 0.0933, 'frequency': 1179.2655831469801, 'tension': 7.459281067071735} with confidence 0.00 (amp=0.0000, harm=0.0000)
2026-08-31 13:53:20,727 INFO [pid=45788 gui-measure_auto dune_tension.tensiometer] Optimizer next pose: x=1076.5220086020497 y=332.8962525453041 focus=6344
2026-08-31 13:53:20,793 INFO [pid=45788 Thread-2726 (_audio_worker) spectrum_analysis.audio_processing] Listening for audio events (RMS trigger)...
2026-08-31 13:53:20,940 INFO [pid=45788 Thread-2726 (_audio_worker) spectrum_analysis.audio_processing] Recording started.
2026-08-31 13:53:20,994 INFO [pid=45788 gui-monitor-tension-logs dune_tension.gui.actions] Updated tension logs for APA-US-013 layer V
2026-08-31 13:53:21,125 WARNING [pid=45788 Thread-2726 (_audio_worker) spectrum_analysis.audio_processing] Max recording length reached.
2026-08-31 13:53:21,490 INFO [pid=45788 gui-measure_auto dune_tension.tensiometer] Sample of wire 11: measured frequency 1176.92 Hz {'length': 0.0933, 'frequency': 1176.9224866668262, 'tension': 7.429668650623279} with confidence 0.00 (amp=0.0000, harm=0.0000)
2026-08-31 13:53:21,491 INFO [pid=45788 gui-measure_auto dune_tension.tensiometer] Optimizer next pose: x=1059.5076073820114 y=345.1253534222066 focus=6344
2026-08-31 13:53:22,233 INFO [pid=45788 Thread-2729 (_audio_worker) spectrum_analysis.audio_processing] Listening for audio events (RMS trigger)...
2026-08-31 13:53:22,348 INFO [pid=45788 Thread-2729 (_audio_worker) spectrum_analysis.audio_processing] Recording started.
2026-08-31 13:53:22,519 WARNING [pid=45788 Thread-2729 (_audio_worker) spectrum_analysis.audio_processing] Max recording length reached.
2026-08-31 13:53:22,755 INFO [pid=45788 gui-measure_auto dune_tension.tensiometer] Sample of wire 11: measured frequency 1123.20 Hz {'length': 0.0933, 'frequency': 1123.2023466330197, 'tension': 6.766899528159805} with confidence 0.00 (amp=0.0000, harm=0.0000)
2026-08-31 13:53:22,755 INFO [pid=45788 gui-measure_auto dune_tension.tensiometer] Optimizer next pose: x=1076.926754340958 y=332.6053415454638 focus=6344
2026-08-31 13:53:24,014 INFO [pid=45788 Thread-2731 (_audio_worker) spectrum_analysis.audio_processing] Listening for audio events (RMS trigger)...
2026-08-31 13:53:24,162 INFO [pid=45788 Thread-2731 (_audio_worker) spectrum_analysis.audio_processing] Recording started.
2026-08-31 13:53:24,333 WARNING [pid=45788 Thread-2731 (_audio_worker) spectrum_analysis.audio_processing] Max recording length reached.
2026-08-31 13:53:24,562 INFO [pid=45788 gui-measure_auto dune_tension.tensiometer] Sample of wire 11: measured frequency 1181.97 Hz {'length': 0.0933, 'frequency': 1181.9686083458923, 'tension': 7.493515479770252} with confidence 0.40 (amp=0.0000, harm=0.0000)
2026-08-31 13:53:24,563 INFO [pid=45788 gui-measure_auto dune_tension.tensiometer] Optimizer next pose: x=1055.872251236962 y=347.73252071737886 focus=6344
2026-08-31 13:53:25,909 INFO [pid=45788 Thread-2733 (_audio_worker) spectrum_analysis.audio_processing] Listening for audio events (RMS trigger)...
2026-08-31 13:53:26,060 INFO [pid=45788 Thread-2733 (_audio_worker) spectrum_analysis.audio_processing] Recording started.
2026-08-31 13:53:26,232 WARNING [pid=45788 Thread-2733 (_audio_worker) spectrum_analysis.audio_processing] Max recording length reached.
2026-08-31 13:53:26,473 INFO [pid=45788 gui-measure_auto dune_tension.tensiometer] Sample of wire 11: measured frequency 685.27 Hz {'length': 0.0933, 'frequency': 685.2702531877491, 'tension': 2.518822035769747} with confidence 0.00 (amp=0.0000, harm=0.0000)
2026-08-31 13:53:26,473 INFO [pid=45788 gui-measure_auto dune_tension.tensiometer] Optimizer next pose: x=1070.0705672334143 y=337.5274810949288 focus=6344
2026-08-31 13:53:27,324 INFO [pid=45788 Thread-2735 (_audio_worker) spectrum_analysis.audio_processing] Listening for audio events (RMS trigger)...
2026-08-31 13:53:27,468 INFO [pid=45788 Thread-2735 (_audio_worker) spectrum_analysis.audio_processing] Recording started.
2026-08-31 13:53:27,639 WARNING [pid=45788 Thread-2735 (_audio_worker) spectrum_analysis.audio_processing] Max recording length reached.
2026-08-31 13:53:27,864 INFO [pid=45788 gui-measure_auto dune_tension.tensiometer] Sample of wire 11: measured frequency 1180.17 Hz {'length': 0.0933, 'frequency': 1180.1727514899728, 'tension': 7.4707618165895795} with confidence 0.44 (amp=0.0000, harm=0.0000)
2026-08-31 13:53:27,864 INFO [pid=45788 gui-measure_auto dune_tension.tensiometer] Optimizer next pose: x=1052.2722261141753 y=350.2719545153486 focus=6344
2026-08-31 13:53:29,477 INFO [pid=45788 Thread-2737 (_audio_worker) spectrum_analysis.audio_processing] Listening for audio events (RMS trigger)...
2026-08-31 13:53:29,623 INFO [pid=45788 Thread-2737 (_audio_worker) spectrum_analysis.audio_processing] Recording started.
2026-08-31 13:53:29,794 WARNING [pid=45788 Thread-2737 (_audio_worker) spectrum_analysis.audio_processing] Max recording length reached.
2026-08-31 13:53:30,016 INFO [pid=45788 gui-measure_auto dune_tension.tensiometer] Sample of wire 11: measured frequency 1162.25 Hz {'length': 0.0933, 'frequency': 1162.2529077816812, 'tension': 7.245610879765478} with confidence 0.00 (amp=0.0000, harm=0.0000)
2026-08-31 13:53:30,016 INFO [pid=45788 gui-measure_auto dune_tension.tensiometer] Optimizer next pose: x=1062.9091208525506 y=342.62668642214135 focus=6344
2026-08-31 13:53:32,281 INFO [pid=45788 Thread-2739 (_audio_worker) spectrum_analysis.audio_processing] Listening for audio events (RMS trigger)...
2026-08-31 13:53:32,439 INFO [pid=45788 Thread-2739 (_audio_worker) spectrum_analysis.audio_processing] Recording started.
2026-08-31 13:53:32,611 WARNING [pid=45788 Thread-2739 (_audio_worker) spectrum_analysis.audio_processing] Max recording length reached.
2026-08-31 13:53:32,869 INFO [pid=45788 gui-measure_auto dune_tension.tensiometer] Sample of wire 11: measured frequency 1181.82 Hz {'length': 0.0933, 'frequency': 1181.8176885631685, 'tension': 7.491601981358773} with confidence 0.84 (amp=0.0000, harm=0.0000)
2026-08-31 13:53:32,913 INFO [pid=45788 gui-measure_auto dune_tension.tensiometer] Result: wire 11 length 93.3 mm tension 7.5 N frequency 1181.8 Hz confidence 0.84 at 1052.27294921875,350.2726135253906 focus 6344. Took 12.83 seconds.
2026-08-31 13:53:32,925 WARNING [pid=45788 gui-measure_auto dune_tension.tensiometer] Wire 11 tension 7.49 N flagged as an outlier versus nearby wires; remeasuring and keeping only the second measurement.
2026-08-31 13:53:34,884 INFO [pid=45788 gui-monitor-tension-logs dune_tension.gui.actions] Updated tension logs for APA-US-013 layer V
2026-08-31 13:53:34,920 INFO [pid=45788 MainThread dune_tension.gui.app] GUI heartbeat. measurement_active=True active_measurement=measure auto focus=6344 threads=4 vmsize=6183136 kB vmhwm=2220744 kB vmrss=1339520 kB
2026-08-31 13:53:35,353 INFO [pid=45788 Thread-2743 (_audio_worker) spectrum_analysis.audio_processing] Listening for audio events (RMS trigger)...
2026-08-31 13:53:35,490 INFO [pid=45788 Thread-2743 (_audio_worker) spectrum_analysis.audio_processing] Recording started.
2026-08-31 13:53:35,663 WARNING [pid=45788 Thread-2743 (_audio_worker) spectrum_analysis.audio_processing] Max recording length reached.
2026-08-31 13:53:35,906 INFO [pid=45788 gui-measure_auto dune_tension.tensiometer] Sample of wire 11: measured frequency 1181.56 Hz {'length': 0.0933, 'frequency': 1181.5587702784408, 'tension': 7.488319748789634} with confidence 0.43 (amp=0.0000, harm=0.0000)
2026-08-31 13:53:35,906 INFO [pid=45788 gui-measure_auto dune_tension.tensiometer] Optimizer next pose: x=1073.7743321509045 y=335.16178296453546 focus=6344
2026-08-31 13:53:35,994 INFO [pid=45788 Thread-2745 (_audio_worker) spectrum_analysis.audio_processing] Listening for audio events (RMS trigger)...
2026-08-31 13:53:36,135 INFO [pid=45788 Thread-2745 (_audio_worker) spectrum_analysis.audio_processing] Recording started.
2026-08-31 13:53:36,305 WARNING [pid=45788 Thread-2745 (_audio_worker) spectrum_analysis.audio_processing] Max recording length reached.
2026-08-31 13:53:36,533 INFO [pid=45788 gui-measure_auto dune_tension.tensiometer] Sample of wire 11: measured frequency 1184.39 Hz {'length': 0.0933, 'frequency': 1184.38964313832, 'tension': 7.524244962471472} with confidence 0.75 (amp=0.0000, harm=0.0000)
2026-08-31 13:53:36,567 INFO [pid=45788 gui-measure_auto dune_tension.tensiometer] Result: wire 11 length 93.3 mm tension 7.5 N frequency 1184.4 Hz confidence 0.75 at 1071.3115234375,336.9320068359375 focus 6344. Took 1.24 seconds.
2026-08-31 13:53:36,595 INFO [pid=45788 gui-measure_auto dune_tension.tensiometer] Timing profile for list wire 11: total=17.57s stages=[wire_total_wall=17.57s, collect_samples=13.99s, optimizer_move=7.87s, acquire_audio=5.20s, strum=5.20s, move_to_measurement_pose=3.34s, wait_for_audio_trigger=1.84s, analyze_audio=0.70s, reset_plc_before_move=0.11s, reset_plc_after_collect=0.08s, reset_plc_before_persist=0.02s, append_result=0.02s, summary_refresh=0.00s, plan_measurement_pose=0.00s, merge_results=0.00s]
2026-08-31 13:53:36,595 INFO [pid=45788 gui-measure_auto dune_tension.tensiometer] Measuring wire 10 at 1066.918341977713,334.04269780172854 focus=6188
2026-08-31 13:53:37,906 INFO [pid=45788 gui-monitor-tension-logs dune_tension.gui.actions] Updated tension logs for APA-US-013 layer V
2026-08-31 13:53:38,322 INFO [pid=45788 Thread-2749 (_audio_worker) spectrum_analysis.audio_processing] Listening for audio events (RMS trigger)...
2026-08-31 13:53:38,456 INFO [pid=45788 Thread-2749 (_audio_worker) spectrum_analysis.audio_processing] Recording started.
2026-08-31 13:53:38,627 WARNING [pid=45788 Thread-2749 (_audio_worker) spectrum_analysis.audio_processing] Max recording length reached.
2026-08-31 13:53:38,905 INFO [pid=45788 gui-measure_auto dune_tension.tensiometer] Sample of wire 10: measured frequency 1371.75 Hz {'length': 0.0832, 'frequency': 1371.753082798582, 'tension': 8.026181545922208} with confidence 0.33 (amp=0.0000, harm=0.0000)
2026-08-31 13:53:38,905 INFO [pid=45788 gui-measure_auto dune_tension.tensiometer] Optimizer next pose: x=1053.3365799215846 y=343.8074796962536 focus=6344
2026-08-31 13:53:39,117 INFO [pid=45788 Thread-2751 (_audio_worker) spectrum_analysis.audio_processing] Listening for audio events (RMS trigger)...
2026-08-31 13:53:39,249 INFO [pid=45788 Thread-2751 (_audio_worker) spectrum_analysis.audio_processing] Recording started.
2026-08-31 13:53:39,416 WARNING [pid=45788 Thread-2751 (_audio_worker) spectrum_analysis.audio_processing] Max recording length reached.
2026-08-31 13:53:39,652 INFO [pid=45788 gui-measure_auto dune_tension.tensiometer] Sample of wire 10: measured frequency 1370.05 Hz {'length': 0.0832, 'frequency': 1370.0503621315, 'tension': 8.006268540394307} with confidence 0.11 (amp=0.0000, harm=0.0000)
2026-08-31 13:53:39,653 INFO [pid=45788 gui-measure_auto dune_tension.tensiometer] Optimizer next pose: x=1062.0832797964326 y=337.5207891612066 focus=6344
2026-08-31 13:53:40,524 INFO [pid=45788 Thread-2753 (_audio_worker) spectrum_analysis.audio_processing] Listening for audio events (RMS trigger)...
2026-08-31 13:53:40,674 INFO [pid=45788 Thread-2753 (_audio_worker) spectrum_analysis.audio_processing] Recording started.
2026-08-31 13:53:40,845 WARNING [pid=45788 Thread-2753 (_audio_worker) spectrum_analysis.audio_processing] Max recording length reached.
2026-08-31 13:53:41,089 INFO [pid=45788 gui-measure_auto dune_tension.tensiometer] Sample of wire 10: measured frequency 1368.77 Hz {'length': 0.0832, 'frequency': 1368.7718759428894, 'tension': 7.991333136370206} with confidence 0.00 (amp=0.0000, harm=0.0000)
2026-08-31 13:53:41,089 INFO [pid=45788 gui-measure_auto dune_tension.tensiometer] Optimizer next pose: x=1064.011139769257 y=336.13513980573913 focus=6344
2026-08-31 13:53:41,734 INFO [pid=45788 Thread-2755 (_audio_worker) spectrum_analysis.audio_processing] Listening for audio events (RMS trigger)...
2026-08-31 13:53:41,889 INFO [pid=45788 Thread-2755 (_audio_worker) spectrum_analysis.audio_processing] Recording started.
2026-08-31 13:53:42,061 WARNING [pid=45788 Thread-2755 (_audio_worker) spectrum_analysis.audio_processing] Max recording length reached.
2026-08-31 13:53:42,288 INFO [pid=45788 gui-measure_auto dune_tension.tensiometer] Sample of wire 10: measured frequency 1383.17 Hz {'length': 0.0832, 'frequency': 1383.1676902402987, 'tension': 8.160311934654894} with confidence 0.36 (amp=0.0000, harm=0.0000)
2026-08-31 13:53:42,289 INFO [pid=45788 gui-measure_auto dune_tension.tensiometer] Optimizer next pose: x=1061.3739513472221 y=338.3228858297798 focus=6344
2026-08-31 13:53:43,071 INFO [pid=45788 Thread-2757 (_audio_worker) spectrum_analysis.audio_processing] Listening for audio events (RMS trigger)...
2026-08-31 13:53:43,213 INFO [pid=45788 Thread-2757 (_audio_worker) spectrum_analysis.audio_processing] Recording started.
2026-08-31 13:53:43,384 WARNING [pid=45788 Thread-2757 (_audio_worker) spectrum_analysis.audio_processing] Max recording length reached.
2026-08-31 13:53:43,625 INFO [pid=45788 gui-measure_auto dune_tension.tensiometer] Sample of wire 10: measured frequency 1379.79 Hz {'length': 0.0832, 'frequency': 1379.7932333053932, 'tension': 8.120543754099858} with confidence 0.85 (amp=0.0000, harm=0.0000)
2026-08-31 13:53:43,893 INFO [pid=45788 gui-measure_auto dune_tension.tensiometer] Result: wire 10 length 83.2 mm tension 8.1 N frequency 1379.8 Hz confidence 0.85 at 1064.40380859375,336.13409423828125 focus 6344. Took 5.62 seconds.
2026-08-31 13:53:43,944 WARNING [pid=45788 gui-measure_auto dune_tension.tensiometer] Wire 10 tension 8.12 N flagged as an outlier versus nearby wires; remeasuring and keeping only the second measurement.
2026-08-31 13:53:45,142 INFO [pid=45788 Thread-2760 (_audio_worker) spectrum_analysis.audio_processing] Listening for audio events (RMS trigger)...
2026-08-31 13:53:45,261 INFO [pid=45788 gui-monitor-tension-logs dune_tension.gui.actions] Updated tension logs for APA-US-013 layer V
2026-08-31 13:53:45,309 INFO [pid=45788 Thread-2760 (_audio_worker) spectrum_analysis.audio_processing] Recording started.
2026-08-31 13:53:45,475 WARNING [pid=45788 Thread-2760 (_audio_worker) spectrum_analysis.audio_processing] Max recording length reached.
2026-08-31 13:53:45,944 INFO [pid=45788 gui-measure_auto dune_tension.tensiometer] Sample of wire 10: measured frequency 1383.36 Hz {'length': 0.0832, 'frequency': 1383.364388323038, 'tension': 8.162633029709456} with confidence 0.00 (amp=0.0000, harm=0.0000)
2026-08-31 13:53:45,945 INFO [pid=45788 gui-measure_auto dune_tension.tensiometer] Optimizer next pose: x=1066.5398459515193 y=334.6097121627752 focus=6344
2026-08-31 13:53:46,139 INFO [pid=45788 Thread-2763 (_audio_worker) spectrum_analysis.audio_processing] Listening for audio events (RMS trigger)...
2026-08-31 13:53:46,292 INFO [pid=45788 Thread-2763 (_audio_worker) spectrum_analysis.audio_processing] Recording started.
2026-08-31 13:53:46,456 WARNING [pid=45788 Thread-2763 (_audio_worker) spectrum_analysis.audio_processing] Max recording length reached.
2026-08-31 13:53:46,682 INFO [pid=45788 gui-measure_auto dune_tension.tensiometer] Sample of wire 10: measured frequency 1378.41 Hz {'length': 0.0832, 'frequency': 1378.4131782837947, 'tension': 8.104307708794147} with confidence 0.34 (amp=0.0000, harm=0.0000)
2026-08-31 13:53:46,682 INFO [pid=45788 gui-measure_auto dune_tension.tensiometer] Optimizer next pose: x=1071.747676501596 y=330.8589431162845 focus=6344
2026-08-31 13:53:46,933 INFO [pid=45788 Thread-2765 (_audio_worker) spectrum_analysis.audio_processing] Listening for audio events (RMS trigger)...
2026-08-31 13:53:47,095 INFO [pid=45788 Thread-2765 (_audio_worker) spectrum_analysis.audio_processing] Recording started.
2026-08-31 13:53:47,266 WARNING [pid=45788 Thread-2765 (_audio_worker) spectrum_analysis.audio_processing] Max recording length reached.
2026-08-31 13:53:47,524 INFO [pid=45788 gui-measure_auto dune_tension.tensiometer] Sample of wire 10: measured frequency 1376.36 Hz {'length': 0.0832, 'frequency': 1376.3638297394891, 'tension': 8.080227548898693} with confidence 0.61 (amp=0.0000, harm=0.0000)
2026-08-31 13:53:47,533 INFO [pid=45788 gui-measure_auto dune_tension.tensiometer] Result: wire 10 length 83.2 mm tension 8.1 N frequency 1376.4 Hz confidence 0.61 at 1066.5396728515625,334.59320068359375 focus 6344. Took 2.42 seconds.
2026-08-31 13:53:47,565 INFO [pid=45788 gui-measure_auto dune_tension.tensiometer] Timing profile for list wire 10: total=10.97s stages=[wire_total_wall=10.97s, collect_samples=7.76s, acquire_audio=4.25s, strum=4.25s, move_to_measurement_pose=2.81s, optimizer_move=2.54s, wait_for_audio_trigger=1.49s, analyze_audio=0.56s, reset_plc_after_collect=0.28s, reset_plc_before_persist=0.06s, reset_plc_before_move=0.04s, append_result=0.02s, summary_refresh=0.01s, plan_measurement_pose=0.00s, merge_results=0.00s]
2026-08-31 13:53:47,565 INFO [pid=45788 gui-measure_auto dune_tension.tensiometer] Measuring wire 9 at 1062.9251238725528,331.14842700617726 focus=6188
2026-08-31 13:53:49,071 INFO [pid=45788 Thread-2768 (_audio_worker) spectrum_analysis.audio_processing] Listening for audio events (RMS trigger)...
2026-08-31 13:53:49,229 INFO [pid=45788 Thread-2768 (_audio_worker) spectrum_analysis.audio_processing] Recording started.
2026-08-31 13:53:49,298 INFO [pid=45788 gui-monitor-tension-logs dune_tension.gui.actions] Updated tension logs for APA-US-013 layer V
2026-08-31 13:53:49,400 WARNING [pid=45788 Thread-2768 (_audio_worker) spectrum_analysis.audio_processing] Max recording length reached.
2026-08-31 13:53:50,011 INFO [pid=45788 MainThread dune_tension.gui.app] GUI heartbeat. measurement_active=True active_measurement=measure auto focus=6344 threads=4 vmsize=6182368 kB vmhwm=2220744 kB vmrss=1340092 kB
2026-08-31 13:53:50,057 INFO [pid=45788 gui-measure_auto dune_tension.tensiometer] Sample of wire 9: measured frequency 1611.00 Hz {'length': 0.0731, 'frequency': 1611.0034561852367, 'tension': 8.545512912946315} with confidence 0.45 (amp=0.0000, harm=0.0000)
2026-08-31 13:53:50,058 INFO [pid=45788 gui-measure_auto dune_tension.tensiometer] Optimizer next pose: x=1066.4508111075604 y=328.5708769773785 focus=6344
2026-08-31 13:53:50,115 INFO [pid=45788 gui-measure_auto dune_tension.tensiometer_functions] tension measurement interrupted!
2026-08-31 13:53:50,136 INFO [pid=45788 gui-measure_auto dune_tension.tensiometer] Timing profile for list wire 9: total=4.36s stages=[move_to_measurement_pose=1.47s, collect_samples=1.07s, acquire_audio=0.59s, strum=0.59s, analyze_audio=0.38s, wait_for_audio_trigger=0.17s, optimizer_move=0.06s, reset_plc_after_collect=0.02s, reset_plc_before_move=0.01s, plan_measurement_pose=0.00s]
2026-08-31 13:53:50,136 INFO [pid=45788 gui-measure_auto dune_tension.tensiometer_functions] Measurement interrupted.
2026-08-31 13:53:50,159 INFO [pid=45788 gui-measure_auto dune_tension.tensiometer] Timing profile summary for list measurement: requested=368 measured=288 skipped=[] planning=0.04s avg_wire=3.92s total=1129.85s stage_totals=[wire_total_wall=1125.46s, collect_samples=607.50s, move_to_measurement_pose=468.15s, acquire_audio=318.15s, strum=318.14s, analyze_audio=171.99s, wait_for_audio_trigger=108.77s, optimizer_move=101.05s, reset_plc_after_collect=17.60s, reset_plc_before_move=13.73s, reset_plc_before_persist=12.29s, append_result=5.62s, summary_refresh=2.27s, plan_measurement_pose=0.19s, merge_results=0.00s]
2026-08-31 13:53:50,160 INFO [pid=45788 gui-measure_auto dune_tension.tensiometer_functions] Measurement interrupted.
2026-08-31 13:53:50,182 INFO [pid=45788 gui-measure_auto dune_tension.gui.actions] Worker thread finished: measure auto
2026-08-31 13:53:51,454 INFO [pid=45788 gui-monitor-tension-logs dune_tension.gui.actions] Updated tension logs for APA-US-013 layer V
2026-08-31 13:53:54,397 INFO [pid=45788 gui-measure_condition dune_tension.gui.actions] Worker thread starting: measure condition measurement=True
2026-08-31 13:53:54,529 INFO [pid=45788 gui-measure_condition dune_tension.layer_calibration] Layer V calibration cache is current at /home/dune/dune-monorepo/config/APA/V_Calibration.json (file=V_Calibration.json hash=299c28f9fc2dbe681fa857f30bb022d038ed343f100cd17bb1e2abac17e8e5ef).
2026-08-31 13:53:54,529 INFO [pid=45788 gui-measure_condition dune_tension.gui.actions] Measuring wires [10, 11, 12, 59, 121, 125, 151, 152] matching '(t>7 or t<5) and z=1'
2026-08-31 13:53:54,529 INFO [pid=45788 gui-measure_condition dune_tension.tensiometer_functions] Loading wire coordinates...
2026-08-31 13:53:54,530 INFO [pid=45788 gui-measure_condition dune_tension.tensiometer_functions] Getting current position...
2026-08-31 13:53:54,537 INFO [pid=45788 gui-measure_condition dune_tension.tensiometer_functions] Reordering wires...
2026-08-31 13:53:54,537 INFO [pid=45788 gui-measure_condition dune_tension.tensiometer] Timing profile started for list measurement of 8 wire(s): [10, 11, 12, 59, 121, 125, 151, 152]
2026-08-31 13:53:54,538 INFO [pid=45788 gui-measure_condition dune_tension.tensiometer] Measuring wire 10 at 1066.918341977713,334.04269780172854 focus=6188
2026-08-31 13:53:55,692 INFO [pid=45788 Thread-2772 (_audio_worker) spectrum_analysis.audio_processing] Listening for audio events (RMS trigger)...
2026-08-31 13:53:55,842 INFO [pid=45788 Thread-2772 (_audio_worker) spectrum_analysis.audio_processing] Recording started.
2026-08-31 13:53:56,015 WARNING [pid=45788 Thread-2772 (_audio_worker) spectrum_analysis.audio_processing] Max recording length reached.
2026-08-31 13:53:56,258 INFO [pid=45788 gui-measure_condition dune_tension.tensiometer] Sample of wire 10: measured frequency 307.97 Hz {'length': 0.0832, 'frequency': 307.96847920443753, 'tension': 0.404547597165417} with confidence 0.00 (amp=0.0000, harm=0.0000)
2026-08-31 13:53:56,258 INFO [pid=45788 gui-measure_condition dune_tension.tensiometer] Optimizer next pose: x=1073.5364397808862 y=329.2859400056978 focus=6344
2026-08-31 13:53:56,500 INFO [pid=45788 Thread-2774 (_audio_worker) spectrum_analysis.audio_processing] Listening for audio events (RMS trigger)...
2026-08-31 13:53:56,632 INFO [pid=45788 Thread-2774 (_audio_worker) spectrum_analysis.audio_processing] Recording started.
2026-08-31 13:53:56,802 WARNING [pid=45788 Thread-2774 (_audio_worker) spectrum_analysis.audio_processing] Max recording length reached.
2026-08-31 13:53:57,051 INFO [pid=45788 gui-measure_condition dune_tension.tensiometer] Sample of wire 10: measured frequency 1376.69 Hz {'length': 0.0832, 'frequency': 1376.6944159569566, 'tension': 8.084109564105134} with confidence 0.40 (amp=0.0000, harm=0.0000)
2026-08-31 13:53:57,051 INFO [pid=45788 gui-measure_condition dune_tension.tensiometer] Optimizer next pose: x=1067.9419153339097 y=333.59201080492426 focus=6344
2026-08-31 13:53:57,771 INFO [pid=45788 Thread-2776 (_audio_worker) spectrum_analysis.audio_processing] Listening for audio events (RMS trigger)...
2026-08-31 13:53:57,911 INFO [pid=45788 Thread-2776 (_audio_worker) spectrum_analysis.audio_processing] Recording started.
2026-08-31 13:53:58,083 WARNING [pid=45788 Thread-2776 (_audio_worker) spectrum_analysis.audio_processing] Max recording length reached.
2026-08-31 13:53:58,313 INFO [pid=45788 gui-measure_condition dune_tension.tensiometer] Sample of wire 10: measured frequency 1381.93 Hz {'length': 0.0832, 'frequency': 1381.9344313610286, 'tension': 8.14576664026506} with confidence 0.00 (amp=0.0000, harm=0.0000)
2026-08-31 13:53:58,314 INFO [pid=45788 gui-measure_condition dune_tension.tensiometer] Optimizer next pose: x=1065.773821720583 y=335.15032808950275 focus=6344
2026-08-31 13:53:59,456 INFO [pid=45788 Thread-2778 (_audio_worker) spectrum_analysis.audio_processing] Listening for audio events (RMS trigger)...
2026-08-31 13:53:59,597 INFO [pid=45788 Thread-2778 (_audio_worker) spectrum_analysis.audio_processing] Recording started.
2026-08-31 13:53:59,768 WARNING [pid=45788 Thread-2778 (_audio_worker) spectrum_analysis.audio_processing] Max recording length reached.
2026-08-31 13:53:59,997 INFO [pid=45788 gui-measure_condition dune_tension.tensiometer] Sample of wire 10: measured frequency 1378.58 Hz {'length': 0.0832, 'frequency': 1378.5824438365044, 'tension': 8.106298206811413} with confidence 0.77 (amp=0.0000, harm=0.0000)
2026-08-31 13:54:00,023 INFO [pid=45788 gui-measure_condition dune_tension.tensiometer] Result: wire 10 length 83.2 mm tension 8.1 N frequency 1378.6 Hz confidence 0.77 at 1067.943359375,333.5899963378906 focus 6344. Took 4.36 seconds.
2026-08-31 13:54:00,043 INFO [pid=45788 gui-measure_condition dune_tension.tensiometer] Timing profile for list wire 10: total=5.50s stages=[wire_total_wall=5.50s, collect_samples=4.34s, acquire_audio=2.04s, strum=2.04s, optimizer_move=2.00s, move_to_measurement_pose=1.10s, wait_for_audio_trigger=0.66s, analyze_audio=0.22s, reset_plc_after_collect=0.03s, reset_plc_before_move=0.02s, reset_plc_before_persist=0.01s, append_result=0.01s, summary_refresh=0.00s, plan_measurement_pose=0.00s, merge_results=0.00s]
2026-08-31 13:54:00,043 INFO [pid=45788 gui-measure_condition dune_tension.tensiometer] Measuring wire 11 at 1070.9115610617678,336.93631522473225 focus=6189
2026-08-31 13:54:01,413 INFO [pid=45788 Thread-2781 (_audio_worker) spectrum_analysis.audio_processing] Listening for audio events (RMS trigger)...
2026-08-31 13:54:01,559 INFO [pid=45788 Thread-2781 (_audio_worker) spectrum_analysis.audio_processing] Recording started.
2026-08-31 13:54:01,723 INFO [pid=45788 gui-monitor-tension-logs dune_tension.gui.actions] Updated tension logs for APA-US-013 layer V
2026-08-31 13:54:01,731 WARNING [pid=45788 Thread-2781 (_audio_worker) spectrum_analysis.audio_processing] Max recording length reached.
2026-08-31 13:54:02,450 INFO [pid=45788 gui-measure_condition dune_tension.tensiometer] Sample of wire 11: measured frequency 1283.91 Hz {'length': 0.0933, 'frequency': 1283.9063165064085, 'tension': 8.841794055656495} with confidence 0.00 (amp=0.0000, harm=0.0000)
2026-08-31 13:54:02,452 INFO [pid=45788 gui-measure_condition dune_tension.tensiometer] Optimizer next pose: x=1074.1740213211135 y=334.87722243790085 focus=6344
2026-08-31 13:54:02,535 INFO [pid=45788 Thread-2783 (_audio_worker) spectrum_analysis.audio_processing] Listening for audio events (RMS trigger)...
2026-08-31 13:54:02,682 INFO [pid=45788 Thread-2783 (_audio_worker) spectrum_analysis.audio_processing] Recording started.
2026-08-31 13:54:02,840 WARNING [pid=45788 Thread-2783 (_audio_worker) spectrum_analysis.audio_processing] Max recording length reached.
2026-08-31 13:54:03,069 INFO [pid=45788 gui-measure_condition dune_tension.tensiometer] Sample of wire 11: measured frequency 1225.03 Hz {'length': 0.0933, 'frequency': 1225.0349683027785, 'tension': 8.049533190965551} with confidence 0.00 (amp=0.0000, harm=0.0000)
2026-08-31 13:54:03,069 INFO [pid=45788 gui-measure_condition dune_tension.tensiometer] Optimizer next pose: x=1091.9093321033208 y=322.12996781318935 focus=6344
2026-08-31 13:54:04,304 INFO [pid=45788 Thread-2786 (_audio_worker) spectrum_analysis.audio_processing] Listening for audio events (RMS trigger)...
2026-08-31 13:54:04,440 INFO [pid=45788 Thread-2786 (_audio_worker) spectrum_analysis.audio_processing] Recording started.
2026-08-31 13:54:04,611 WARNING [pid=45788 Thread-2786 (_audio_worker) spectrum_analysis.audio_processing] Max recording length reached.
2026-08-31 13:54:04,840 INFO [pid=45788 gui-measure_condition dune_tension.tensiometer] Sample of wire 11: measured frequency 1178.39 Hz {'length': 0.0933, 'frequency': 1178.3889443459223, 'tension': 7.4481950745716174} with confidence 0.54 (amp=0.0000, harm=0.0000)
2026-08-31 13:54:04,884 INFO [pid=45788 gui-measure_condition dune_tension.tensiometer] Result: wire 11 length 93.3 mm tension 7.4 N frequency 1178.4 Hz confidence 0.54 at 1074.5743408203125,334.87420654296875 focus 6344. Took 3.49 seconds.
2026-08-31 13:54:04,939 INFO [pid=45788 gui-measure_condition dune_tension.tensiometer] Timing profile for list wire 11: total=4.90s stages=[wire_total_wall=4.90s, collect_samples=3.45s, acquire_audio=1.67s, strum=1.67s, move_to_measurement_pose=1.34s, optimizer_move=1.24s, wait_for_audio_trigger=0.51s, analyze_audio=0.45s, reset_plc_after_collect=0.04s, reset_plc_before_persist=0.02s, summary_refresh=0.02s, append_result=0.01s, reset_plc_before_move=0.01s, plan_measurement_pose=0.00s, merge_results=0.00s]
2026-08-31 13:54:04,939 INFO [pid=45788 gui-measure_condition dune_tension.tensiometer] Measuring wire 12 at 1074.9047810760085,339.82931190104586 focus=6190
2026-08-31 13:54:05,109 INFO [pid=45788 MainThread dune_tension.gui.app] GUI heartbeat. measurement_active=True active_measurement=measure condition focus=6344 threads=4 vmsize=6231332 kB vmhwm=2220744 kB vmrss=1389328 kB
2026-08-31 13:54:06,665 INFO [pid=45788 gui-monitor-tension-logs dune_tension.gui.actions] Updated tension logs for APA-US-013 layer V
2026-08-31 13:54:08,121 INFO [pid=45788 Thread-2790 (_audio_worker) spectrum_analysis.audio_processing] Listening for audio events (RMS trigger)...
2026-08-31 13:54:08,280 INFO [pid=45788 Thread-2790 (_audio_worker) spectrum_analysis.audio_processing] Recording started.
2026-08-31 13:54:08,452 WARNING [pid=45788 Thread-2790 (_audio_worker) spectrum_analysis.audio_processing] Max recording length reached.
2026-08-31 13:54:08,730 INFO [pid=45788 gui-measure_condition dune_tension.tensiometer] Sample of wire 12: measured frequency 1094.56 Hz {'length': 0.1034, 'frequency': 1094.558613717561, 'tension': 7.892772049495212} with confidence 0.00 (amp=0.0000, harm=0.1152)
2026-08-31 13:54:08,731 INFO [pid=45788 gui-measure_condition dune_tension.tensiometer] Optimizer next pose: x=1069.297195816132 y=343.85726758235046 focus=6344
2026-08-31 13:54:08,836 INFO [pid=45788 Thread-2792 (_audio_worker) spectrum_analysis.audio_processing] Listening for audio events (RMS trigger)...
2026-08-31 13:54:08,983 INFO [pid=45788 Thread-2792 (_audio_worker) spectrum_analysis.audio_processing] Recording started.
2026-08-31 13:54:09,155 WARNING [pid=45788 Thread-2792 (_audio_worker) spectrum_analysis.audio_processing] Max recording length reached.
2026-08-31 13:54:09,381 INFO [pid=45788 gui-measure_condition dune_tension.tensiometer] Sample of wire 12: measured frequency 531.72 Hz {'length': 0.1034, 'frequency': 531.7202095283882, 'tension': 1.8625924942037415} with confidence 0.00 (amp=0.0000, harm=0.0000)
2026-08-31 13:54:09,382 INFO [pid=45788 gui-measure_condition dune_tension.tensiometer] Optimizer next pose: x=1070.2256044921724 y=343.18997384644643 focus=6344
2026-08-31 13:54:09,923 INFO [pid=45788 Thread-2794 (_audio_worker) spectrum_analysis.audio_processing] Listening for audio events (RMS trigger)...
2026-08-31 13:54:10,071 INFO [pid=45788 Thread-2794 (_audio_worker) spectrum_analysis.audio_processing] Recording started.
2026-08-31 13:54:10,243 WARNING [pid=45788 Thread-2794 (_audio_worker) spectrum_analysis.audio_processing] Max recording length reached.
2026-08-31 13:54:10,517 INFO [pid=45788 gui-measure_condition dune_tension.tensiometer] Sample of wire 12: measured frequency 1107.89 Hz {'length': 0.1034, 'frequency': 1107.887753192223, 'tension': 8.086173161989441} with confidence 0.07 (amp=0.0000, harm=0.0000)
2026-08-31 13:54:10,518 INFO [pid=45788 gui-measure_condition dune_tension.tensiometer] Optimizer next pose: x=1060.6302996468046 y=350.08108696650567 focus=6344
2026-08-31 13:54:10,928 INFO [pid=45788 Thread-2796 (_audio_worker) spectrum_analysis.audio_processing] Listening for audio events (RMS trigger)...
2026-08-31 13:54:11,074 INFO [pid=45788 Thread-2796 (_audio_worker) spectrum_analysis.audio_processing] Recording started.
2026-08-31 13:54:11,245 WARNING [pid=45788 Thread-2796 (_audio_worker) spectrum_analysis.audio_processing] Max recording length reached.
2026-08-31 13:54:11,470 INFO [pid=45788 gui-measure_condition dune_tension.tensiometer] Sample of wire 12: measured frequency 1104.45 Hz {'length': 0.1034, 'frequency': 1104.4484773066981, 'tension': 8.036046398989022} with confidence 0.36 (amp=0.0000, harm=0.0000)
2026-08-31 13:54:11,471 INFO [pid=45788 gui-measure_condition dune_tension.tensiometer] Optimizer next pose: x=1071.4091718144934 y=342.6309069953934 focus=6344
2026-08-31 13:54:12,364 INFO [pid=45788 Thread-2798 (_audio_worker) spectrum_analysis.audio_processing] Listening for audio events (RMS trigger)...
2026-08-31 13:54:12,503 INFO [pid=45788 Thread-2798 (_audio_worker) spectrum_analysis.audio_processing] Recording started.
2026-08-31 13:54:12,675 WARNING [pid=45788 Thread-2798 (_audio_worker) spectrum_analysis.audio_processing] Max recording length reached.
2026-08-31 13:54:12,907 INFO [pid=45788 gui-measure_condition dune_tension.tensiometer] Sample of wire 12: measured frequency 1102.65 Hz {'length': 0.1034, 'frequency': 1102.652345628248, 'tension': 8.009930086321727} with confidence 0.30 (amp=0.0000, harm=0.0000)
2026-08-31 13:54:12,907 INFO [pid=45788 gui-measure_condition dune_tension.tensiometer] Optimizer next pose: x=1080.955208059808 y=335.76969344407354 focus=6344
2026-08-31 13:54:13,618 INFO [pid=45788 Thread-2800 (_audio_worker) spectrum_analysis.audio_processing] Listening for audio events (RMS trigger)...
2026-08-31 13:54:13,762 INFO [pid=45788 Thread-2800 (_audio_worker) spectrum_analysis.audio_processing] Recording started.
2026-08-31 13:54:13,933 WARNING [pid=45788 Thread-2800 (_audio_worker) spectrum_analysis.audio_processing] Max recording length reached.
2026-08-31 13:54:14,151 INFO [pid=45788 gui-measure_condition dune_tension.tensiometer] Sample of wire 12: measured frequency 1106.74 Hz {'length': 0.1034, 'frequency': 1106.7409471761223, 'tension': 8.069441372168075} with confidence 0.00 (amp=0.0000, harm=0.0000)
2026-08-31 13:54:14,152 INFO [pid=45788 gui-measure_condition dune_tension.tensiometer] Optimizer next pose: x=1089.2177324050879 y=329.83100407090365 focus=6344
2026-08-31 13:54:15,062 INFO [pid=45788 Thread-2802 (_audio_worker) spectrum_analysis.audio_processing] Listening for audio events (RMS trigger)...
2026-08-31 13:54:15,212 INFO [pid=45788 Thread-2802 (_audio_worker) spectrum_analysis.audio_processing] Recording started.
2026-08-31 13:54:15,384 WARNING [pid=45788 Thread-2802 (_audio_worker) spectrum_analysis.audio_processing] Max recording length reached.
2026-08-31 13:54:15,619 INFO [pid=45788 gui-measure_condition dune_tension.tensiometer] Sample of wire 12: measured frequency 558.84 Hz {'length': 0.1034, 'frequency': 558.840997665614, 'tension': 2.057444044418045} with confidence 0.00 (amp=0.0000, harm=0.0000)
2026-08-31 13:54:15,619 INFO [pid=45788 gui-measure_condition dune_tension.tensiometer] Optimizer next pose: x=1074.146513961021 y=340.6634423275768 focus=6344
2026-08-31 13:54:16,228 INFO [pid=45788 Thread-2804 (_audio_worker) spectrum_analysis.audio_processing] Listening for audio events (RMS trigger)...
2026-08-31 13:54:16,386 INFO [pid=45788 Thread-2804 (_audio_worker) spectrum_analysis.audio_processing] Recording started.
2026-08-31 13:54:16,557 WARNING [pid=45788 Thread-2804 (_audio_worker) spectrum_analysis.audio_processing] Max recording length reached.
2026-08-31 13:54:16,789 INFO [pid=45788 gui-measure_condition dune_tension.tensiometer] Sample of wire 12: measured frequency 1096.78 Hz {'length': 0.1034, 'frequency': 1096.7788926055823, 'tension': 7.92482502233326} with confidence 0.00 (amp=0.0000, harm=0.0000)
2026-08-31 13:54:16,790 INFO [pid=45788 gui-measure_condition dune_tension.tensiometer] Optimizer next pose: x=1075.4183692674485 y=339.74929632608195 focus=6344
2026-08-31 13:54:17,866 INFO [pid=45788 Thread-2806 (_audio_worker) spectrum_analysis.audio_processing] Listening for audio events (RMS trigger)...
2026-08-31 13:54:18,029 INFO [pid=45788 Thread-2806 (_audio_worker) spectrum_analysis.audio_processing] Recording started.
2026-08-31 13:54:18,200 WARNING [pid=45788 Thread-2806 (_audio_worker) spectrum_analysis.audio_processing] Max recording length reached.
2026-08-31 13:54:18,425 INFO [pid=45788 gui-measure_condition dune_tension.tensiometer] Sample of wire 12: measured frequency 551.56 Hz {'length': 0.1034, 'frequency': 551.55908695375, 'tension': 2.00417482292962} with confidence 0.00 (amp=0.0000, harm=0.0000)
2026-08-31 13:54:18,426 INFO [pid=45788 gui-measure_condition dune_tension.tensiometer] Optimizer next pose: x=1066.143662686338 y=346.41549168125505 focus=6344
2026-08-31 13:54:18,624 INFO [pid=45788 Thread-2808 (_audio_worker) spectrum_analysis.audio_processing] Listening for audio events (RMS trigger)...
2026-08-31 13:54:18,784 INFO [pid=45788 Thread-2808 (_audio_worker) spectrum_analysis.audio_processing] Recording started.
2026-08-31 13:54:18,946 WARNING [pid=45788 Thread-2808 (_audio_worker) spectrum_analysis.audio_processing] Max recording length reached.
2026-08-31 13:54:19,176 INFO [pid=45788 gui-measure_condition dune_tension.tensiometer] Sample of wire 12: measured frequency 1103.52 Hz {'length': 0.1034, 'frequency': 1103.5175071230585, 'tension': 8.022504497053703} with confidence 0.95 (amp=0.0000, harm=0.0000)
2026-08-31 13:54:19,211 INFO [pid=45788 gui-measure_condition dune_tension.tensiometer] Result: wire 12 length 103.4 mm tension 8.0 N frequency 1103.5 Hz confidence 0.95 at 1075.8194580078125,339.75140380859375 focus 6344. Took 11.24 seconds.
2026-08-31 13:54:19,248 INFO [pid=45788 gui-measure_condition dune_tension.tensiometer] Timing profile for list wire 12: total=14.31s stages=[wire_total_wall=14.31s, collect_samples=11.20s, acquire_audio=5.26s, strum=5.26s, optimizer_move=5.11s, move_to_measurement_pose=2.94s, wait_for_audio_trigger=1.81s, analyze_audio=0.54s, reset_plc_before_move=0.10s, reset_plc_after_collect=0.03s, append_result=0.02s, reset_plc_before_persist=0.01s, summary_refresh=0.00s, plan_measurement_pose=0.00s, merge_results=0.00s]
2026-08-31 13:54:19,249 INFO [pid=45788 gui-measure_condition dune_tension.tensiometer] Measuring wire 59 at 1262.7210782353286,475.0266239618153 focus=6219
2026-08-31 13:54:20,109 INFO [pid=45788 MainThread dune_tension.gui.app] GUI heartbeat. measurement_active=True active_measurement=measure condition focus=6344 threads=4 vmsize=6182112 kB vmhwm=2220744 kB vmrss=1340108 kB
2026-08-31 13:54:21,087 INFO [pid=45788 gui-monitor-tension-logs dune_tension.gui.actions] Updated tension logs for APA-US-013 layer V
2026-08-31 13:54:23,631 INFO [pid=45788 Thread-2812 (_audio_worker) spectrum_analysis.audio_processing] Listening for audio events (RMS trigger)...
2026-08-31 13:54:23,789 INFO [pid=45788 Thread-2812 (_audio_worker) spectrum_analysis.audio_processing] Recording started.
2026-08-31 13:54:23,962 WARNING [pid=45788 Thread-2812 (_audio_worker) spectrum_analysis.audio_processing] Max recording length reached.
2026-08-31 13:54:24,459 INFO [pid=45788 gui-measure_condition dune_tension.tensiometer] Sample of wire 59: measured frequency 157.32 Hz {'length': 0.5677000000000001, 'frequency': 157.3201473460478, 'tension': 4.91492521479122} with confidence 1.00 (amp=0.0000, harm=0.1160)
2026-08-31 13:54:24,480 INFO [pid=45788 gui-measure_condition dune_tension.tensiometer] Result: wire 59 length 567.7 mm tension 4.9 N frequency 157.3 Hz confidence 1.00 at 1263.121337890625,475.0260925292969 focus 6344. Took 0.89 seconds.
2026-08-31 13:54:24,509 INFO [pid=45788 gui-measure_condition dune_tension.tensiometer] Timing profile for list wire 59: total=5.26s stages=[wire_total_wall=5.26s, move_to_measurement_pose=4.33s, collect_samples=0.87s, acquire_audio=0.54s, strum=0.54s, analyze_audio=0.28s, wait_for_audio_trigger=0.19s, reset_plc_after_collect=0.02s, reset_plc_before_persist=0.02s, reset_plc_before_move=0.01s, append_result=0.00s, summary_refresh=0.00s, plan_measurement_pose=0.00s, merge_results=0.00s]
2026-08-31 13:54:24,510 INFO [pid=45788 gui-measure_condition dune_tension.tensiometer] Measuring wire 121 at 1510.295991991859,653.542903199701 focus=6257
2026-08-31 13:54:26,442 INFO [pid=45788 gui-monitor-tension-logs dune_tension.gui.actions] Updated tension logs for APA-US-013 layer V
2026-08-31 13:54:28,161 INFO [pid=45788 Thread-2816 (_audio_worker) spectrum_analysis.audio_processing] Listening for audio events (RMS trigger)...
2026-08-31 13:54:28,312 INFO [pid=45788 Thread-2816 (_audio_worker) spectrum_analysis.audio_processing] Recording started.
2026-08-31 13:54:28,484 WARNING [pid=45788 Thread-2816 (_audio_worker) spectrum_analysis.audio_processing] Max recording length reached.
2026-08-31 13:54:29,224 INFO [pid=45788 gui-measure_condition dune_tension.tensiometer] Sample of wire 121: measured frequency 58.85 Hz {'length': 1.1785, 'frequency': 58.84828628363783, 'tension': 2.9637205459968525} with confidence 0.00 (amp=0.0000, harm=0.0000)
2026-08-31 13:54:29,225 INFO [pid=45788 gui-measure_condition dune_tension.tensiometer] Optimizer next pose: x=1512.7901873844726 y=652.0376054907501 focus=6344
2026-08-31 13:54:29,427 INFO [pid=45788 Thread-2818 (_audio_worker) spectrum_analysis.audio_processing] Listening for audio events (RMS trigger)...
2026-08-31 13:54:29,572 INFO [pid=45788 Thread-2818 (_audio_worker) spectrum_analysis.audio_processing] Recording started.
2026-08-31 13:54:29,741 WARNING [pid=45788 Thread-2818 (_audio_worker) spectrum_analysis.audio_processing] Max recording length reached.
2026-08-31 13:54:29,978 INFO [pid=45788 gui-measure_condition dune_tension.tensiometer] Sample of wire 121: measured frequency 76.00 Hz {'length': 1.1785, 'frequency': 76.00380591783505, 'tension': 4.943565478514431} with confidence 0.88 (amp=0.0000, harm=0.0000)
2026-08-31 13:54:30,015 INFO [pid=45788 gui-measure_condition dune_tension.tensiometer] Result: wire 121 length 1178.5 mm tension 4.9 N frequency 76.0 Hz confidence 0.88 at 1510.71875,653.532470703125 focus 6344. Took 1.90 seconds.
2026-08-31 13:54:30,094 INFO [pid=45788 gui-measure_condition dune_tension.tensiometer] Timing profile for list wire 121: total=5.58s stages=[wire_total_wall=5.58s, move_to_measurement_pose=3.60s, collect_samples=1.86s, strum=1.03s, acquire_audio=1.03s, analyze_audio=0.59s, wait_for_audio_trigger=0.35s, optimizer_move=0.11s, append_result=0.05s, reset_plc_after_collect=0.04s, reset_plc_before_persist=0.03s, reset_plc_before_move=0.01s, summary_refresh=0.00s, plan_measurement_pose=0.00s, merge_results=0.00s]
2026-08-31 13:54:30,098 INFO [pid=45788 gui-measure_condition dune_tension.tensiometer] Measuring wire 125 at 1526.2710640256005,665.0405411546134 focus=6260
2026-08-31 13:54:31,323 INFO [pid=45788 gui-monitor-tension-logs dune_tension.gui.actions] Updated tension logs for APA-US-013 layer V
2026-08-31 13:54:31,744 INFO [pid=45788 gui-measure_condition dune_tension.tensiometer_functions] Measurement interrupted.
2026-08-31 13:54:31,744 INFO [pid=45788 gui-measure_condition dune_tension.tensiometer] Timing profile for list wire 125: total=1.63s stages=[move_to_measurement_pose=1.62s, reset_plc_before_move=0.01s, plan_measurement_pose=0.00s]
2026-08-31 13:54:31,744 INFO [pid=45788 gui-measure_condition dune_tension.tensiometer_functions] Measurement interrupted.
2026-08-31 13:54:31,749 INFO [pid=45788 gui-measure_condition dune_tension.tensiometer] Timing profile summary for list measurement: requested=8 measured=6 skipped=[] planning=0.01s avg_wire=6.20s total=37.19s stage_totals=[wire_total_wall=35.55s, collect_samples=21.72s, move_to_measurement_pose=14.91s, acquire_audio=10.55s, strum=10.55s, optimizer_move=8.46s, wait_for_audio_trigger=3.51s, analyze_audio=2.07s, reset_plc_before_move=0.17s, reset_plc_after_collect=0.16s, append_result=0.09s, reset_plc_before_persist=0.09s, summary_refresh=0.03s, plan_measurement_pose=0.00s, merge_results=0.00s]
2026-08-31 13:54:31,859 INFO [pid=45788 gui-measure_condition dune_tension.gui.actions] Worker thread finished: measure condition
2026-08-31 13:54:33,392 INFO [pid=45788 gui-monitor-tension-logs dune_tension.gui.actions] Updated tension logs for APA-US-013 layer V
2026-08-31 13:54:33,842 INFO [pid=45788 gui-measure_condition dune_tension.gui.actions] Worker thread starting: measure condition measurement=True
2026-08-31 13:54:34,068 INFO [pid=45788 gui-measure_condition dune_tension.layer_calibration] Layer V calibration cache is current at /home/dune/dune-monorepo/config/APA/V_Calibration.json (file=V_Calibration.json hash=299c28f9fc2dbe681fa857f30bb022d038ed343f100cd17bb1e2abac17e8e5ef).
2026-08-31 13:54:34,068 INFO [pid=45788 gui-measure_condition dune_tension.gui.actions] Measuring wires [10, 11, 12, 59, 121, 125, 151, 152] matching '(t>7 or t<5) and z=1'
2026-08-31 13:54:34,068 INFO [pid=45788 gui-measure_condition dune_tension.tensiometer_functions] Loading wire coordinates...
2026-08-31 13:54:34,069 INFO [pid=45788 gui-measure_condition dune_tension.tensiometer_functions] Getting current position...
2026-08-31 13:54:34,074 INFO [pid=45788 gui-measure_condition dune_tension.tensiometer_functions] Reordering wires...
2026-08-31 13:54:34,074 INFO [pid=45788 gui-measure_condition dune_tension.tensiometer] Timing profile started for list measurement of 8 wire(s): [125, 121, 151, 152, 59, 12, 11, 10]
2026-08-31 13:54:34,075 INFO [pid=45788 gui-measure_condition dune_tension.tensiometer] Measuring wire 125 at 1526.2710640256005,665.0405411546134 focus=6260
2026-08-31 13:54:34,735 WARNING [pid=45788 MainThread dune_tension.gui.actions] Ignoring measure condition request because measure condition is already running.
2026-08-31 13:54:35,055 INFO [pid=45788 Thread-2823 (_audio_worker) spectrum_analysis.audio_processing] Listening for audio events (RMS trigger)...
2026-08-31 13:54:35,110 INFO [pid=45788 MainThread dune_tension.gui.app] GUI heartbeat. measurement_active=True active_measurement=measure condition focus=6344 threads=5 vmsize=6649652 kB vmhwm=2220744 kB vmrss=1772212 kB
2026-08-31 13:54:35,203 INFO [pid=45788 Thread-2823 (_audio_worker) spectrum_analysis.audio_processing] Recording started.
2026-08-31 13:54:35,375 WARNING [pid=45788 Thread-2823 (_audio_worker) spectrum_analysis.audio_processing] Max recording length reached.
2026-08-31 13:54:36,131 INFO [pid=45788 gui-measure_condition dune_tension.tensiometer] Sample of wire 125: measured frequency 37.97 Hz {'length': 1.2019000000000002, 'frequency': 37.96620116662117, 'tension': 1.283043544840765} with confidence 0.00 (amp=0.0000, harm=0.0000)
2026-08-31 13:54:36,131 INFO [pid=45788 gui-measure_condition dune_tension.tensiometer] Optimizer next pose: x=1529.0655564772246 y=663.0319997050085 focus=6344
2026-08-31 13:54:36,237 INFO [pid=45788 Thread-2825 (_audio_worker) spectrum_analysis.audio_processing] Listening for audio events (RMS trigger)...
2026-08-31 13:54:36,376 INFO [pid=45788 Thread-2825 (_audio_worker) spectrum_analysis.audio_processing] Recording started.
2026-08-31 13:54:36,547 WARNING [pid=45788 Thread-2825 (_audio_worker) spectrum_analysis.audio_processing] Max recording length reached.
2026-08-31 13:54:36,796 INFO [pid=45788 gui-measure_condition dune_tension.tensiometer] Sample of wire 125: measured frequency 19.43 Hz {'length': 1.2019000000000002, 'frequency': 19.427665467499875, 'tension': 0.33596059371703624} with confidence 0.00 (amp=0.0000, harm=0.0000)
2026-08-31 13:54:36,797 INFO [pid=45788 gui-measure_condition dune_tension.tensiometer] Optimizer next pose: x=1531.361441390173 y=661.3818324238268 focus=6344
2026-08-31 13:54:37,475 INFO [pid=45788 Thread-2827 (_audio_worker) spectrum_analysis.audio_processing] Listening for audio events (RMS trigger)...
2026-08-31 13:54:37,613 INFO [pid=45788 Thread-2827 (_audio_worker) spectrum_analysis.audio_processing] Recording started.
2026-08-31 13:54:37,784 WARNING [pid=45788 Thread-2827 (_audio_worker) spectrum_analysis.audio_processing] Max recording length reached.
2026-08-31 13:54:38,039 INFO [pid=45788 gui-measure_condition dune_tension.tensiometer] Sample of wire 125: measured frequency 20.28 Hz {'length': 1.2019000000000002, 'frequency': 20.279642671575832, 'tension': 0.36607300460286973} with confidence 0.50 (amp=0.0000, harm=0.0000)
2026-08-31 13:54:38,039 INFO [pid=45788 gui-measure_condition dune_tension.tensiometer] Optimizer next pose: x=1526.8912741012025 y=664.5947651627745 focus=6344
2026-08-31 13:54:38,506 INFO [pid=45788 Thread-2829 (_audio_worker) spectrum_analysis.audio_processing] Listening for audio events (RMS trigger)...
2026-08-31 13:54:38,658 INFO [pid=45788 Thread-2829 (_audio_worker) spectrum_analysis.audio_processing] Recording started.
2026-08-31 13:54:38,829 WARNING [pid=45788 Thread-2829 (_audio_worker) spectrum_analysis.audio_processing] Max recording length reached.
2026-08-31 13:54:39,078 INFO [pid=45788 gui-measure_condition dune_tension.tensiometer] Sample of wire 125: measured frequency 25.87 Hz {'length': 1.2019000000000002, 'frequency': 25.874999532561517, 'tension': 0.5959472336688552} with confidence 0.05 (amp=0.0000, harm=0.0000)
2026-08-31 13:54:39,078 INFO [pid=45788 gui-measure_condition dune_tension.tensiometer] Optimizer next pose: x=1520.026759097582 y=669.5286353216267 focus=6344
2026-08-31 13:54:39,496 INFO [pid=45788 Thread-2831 (_audio_worker) spectrum_analysis.audio_processing] Listening for audio events (RMS trigger)...
2026-08-31 13:54:39,639 INFO [pid=45788 Thread-2831 (_audio_worker) spectrum_analysis.audio_processing] Recording started.
2026-08-31 13:54:39,811 WARNING [pid=45788 Thread-2831 (_audio_worker) spectrum_analysis.audio_processing] Max recording length reached.
2026-08-31 13:54:40,059 INFO [pid=45788 gui-measure_condition dune_tension.tensiometer] Sample of wire 125: measured frequency 25.71 Hz {'length': 1.2019000000000002, 'frequency': 25.7102334505775, 'tension': 0.5883816869424999} with confidence 0.45 (amp=0.0000, harm=0.0000)
2026-08-31 13:54:40,060 INFO [pid=45788 gui-measure_condition dune_tension.tensiometer] Optimizer next pose: x=1520.7413234067878 y=669.015042224385 focus=6344
2026-08-31 13:54:40,546 INFO [pid=45788 Thread-2833 (_audio_worker) spectrum_analysis.audio_processing] Listening for audio events (RMS trigger)...
2026-08-31 13:54:40,685 INFO [pid=45788 Thread-2833 (_audio_worker) spectrum_analysis.audio_processing] Recording started.
2026-08-31 13:54:40,856 WARNING [pid=45788 Thread-2833 (_audio_worker) spectrum_analysis.audio_processing] Max recording length reached.
2026-08-31 13:54:41,112 INFO [pid=45788 gui-measure_condition dune_tension.tensiometer] Sample of wire 125: measured frequency 37.11 Hz {'length': 1.2019000000000002, 'frequency': 37.10676007075389, 'tension': 1.2256124930155117} with confidence 0.00 (amp=0.0000, harm=0.0000)
2026-08-31 13:54:41,112 INFO [pid=45788 gui-measure_condition dune_tension.tensiometer] Optimizer next pose: x=1527.3257902517182 y=664.2824566795913 focus=6344
2026-08-31 13:54:41,469 INFO [pid=45788 Thread-2835 (_audio_worker) spectrum_analysis.audio_processing] Listening for audio events (RMS trigger)...
2026-08-31 13:54:41,602 INFO [pid=45788 Thread-2835 (_audio_worker) spectrum_analysis.audio_processing] Recording started.
2026-08-31 13:54:41,773 WARNING [pid=45788 Thread-2835 (_audio_worker) spectrum_analysis.audio_processing] Max recording length reached.
2026-08-31 13:54:42,018 INFO [pid=45788 gui-measure_condition dune_tension.tensiometer] Sample of wire 125: measured frequency 37.26 Hz {'length': 1.2019000000000002, 'frequency': 37.26164245603829, 'tension': 1.2358651773919798} with confidence 0.44 (amp=0.0000, harm=0.0000)
2026-08-31 13:54:42,018 INFO [pid=45788 gui-measure_condition dune_tension.tensiometer] Optimizer next pose: x=1523.5077473441183 y=667.0266750194287 focus=6344
2026-08-31 13:54:42,837 INFO [pid=45788 gui-measure_condition dune_tension.tensiometer_functions] tension measurement interrupted!
2026-08-31 13:54:42,850 INFO [pid=45788 gui-measure_condition dune_tension.tensiometer] Timing profile for list wire 125: total=21.39s stages=[collect_samples=7.82s, acquire_audio=3.65s, strum=3.65s, optimizer_move=3.08s, wait_for_audio_trigger=1.23s, analyze_audio=0.99s, move_to_measurement_pose=0.93s, reset_plc_after_collect=0.01s, reset_plc_before_move=0.01s, plan_measurement_pose=0.00s]
2026-08-31 13:54:42,850 INFO [pid=45788 gui-measure_condition dune_tension.tensiometer_functions] Measurement interrupted.
2026-08-31 13:54:42,855 INFO [pid=45788 gui-measure_condition dune_tension.tensiometer] Timing profile summary for list measurement: requested=8 measured=1 skipped=[] planning=0.01s avg_wire=21.39s total=21.39s stage_totals=[collect_samples=7.82s, acquire_audio=3.65s, strum=3.65s, optimizer_move=3.08s, wait_for_audio_trigger=1.23s, analyze_audio=0.99s, move_to_measurement_pose=0.93s, reset_plc_after_collect=0.01s, reset_plc_before_move=0.01s, plan_measurement_pose=0.00s]
2026-08-31 13:54:42,864 INFO [pid=45788 gui-measure_condition dune_tension.gui.actions] Worker thread finished: measure condition
2026-08-31 13:54:44,380 INFO [pid=45788 gui-monitor-tension-logs dune_tension.gui.actions] Updated tension logs for APA-US-013 layer V
2026-08-31 13:54:45,487 INFO [pid=45788 gui-measure_condition dune_tension.gui.actions] Worker thread starting: measure condition measurement=True
2026-08-31 13:54:45,639 INFO [pid=45788 gui-measure_condition dune_tension.layer_calibration] Layer V calibration cache is current at /home/dune/dune-monorepo/config/APA/V_Calibration.json (file=V_Calibration.json hash=299c28f9fc2dbe681fa857f30bb022d038ed343f100cd17bb1e2abac17e8e5ef).
2026-08-31 13:54:45,640 INFO [pid=45788 gui-measure_condition dune_tension.gui.actions] Measuring wires [10, 11, 12, 59, 121, 125, 151, 152] matching '(t>7 or t<5) and z=1'
2026-08-31 13:54:45,640 INFO [pid=45788 gui-measure_condition dune_tension.tensiometer_functions] Loading wire coordinates...
2026-08-31 13:54:45,640 INFO [pid=45788 gui-measure_condition dune_tension.tensiometer_functions] Getting current position...
2026-08-31 13:54:45,651 INFO [pid=45788 gui-measure_condition dune_tension.tensiometer_functions] Reordering wires...
2026-08-31 13:54:45,652 INFO [pid=45788 gui-measure_condition dune_tension.tensiometer] Timing profile started for list measurement of 8 wire(s): [125, 121, 151, 152, 59, 12, 11, 10]
2026-08-31 13:54:45,652 INFO [pid=45788 gui-measure_condition dune_tension.tensiometer] Measuring wire 125 at 1526.2710640256005,665.0405411546134 focus=6260
2026-08-31 13:54:46,648 INFO [pid=45788 Thread-2838 (_audio_worker) spectrum_analysis.audio_processing] Listening for audio events (RMS trigger)...
2026-08-31 13:54:46,808 INFO [pid=45788 Thread-2838 (_audio_worker) spectrum_analysis.audio_processing] Recording started.
2026-08-31 13:54:46,981 WARNING [pid=45788 Thread-2838 (_audio_worker) spectrum_analysis.audio_processing] Max recording length reached.
2026-08-31 13:54:47,233 INFO [pid=45788 gui-measure_condition dune_tension.tensiometer] Sample of wire 125: measured frequency 19.85 Hz {'length': 1.2019000000000002, 'frequency': 19.853963590911288, 'tension': 0.35086621278230745} with confidence 0.00 (amp=0.0000, harm=0.0000)
2026-08-31 13:54:47,233 INFO [pid=45788 gui-measure_condition dune_tension.tensiometer] Optimizer next pose: x=1527.8836793376906 y=663.8814738990486 focus=6344
2026-08-31 13:54:47,604 INFO [pid=45788 Thread-2840 (_audio_worker) spectrum_analysis.audio_processing] Listening for audio events (RMS trigger)...
2026-08-31 13:54:47,835 INFO [pid=45788 Thread-2840 (_audio_worker) spectrum_analysis.audio_processing] Recording started.
2026-08-31 13:54:48,007 WARNING [pid=45788 Thread-2840 (_audio_worker) spectrum_analysis.audio_processing] Max recording length reached.
2026-08-31 13:54:48,259 INFO [pid=45788 gui-measure_condition dune_tension.tensiometer] Sample of wire 125: measured frequency 86.62 Hz {'length': 1.2019000000000002, 'frequency': 86.62357635306194, 'tension': 6.67912124381051} with confidence 0.83 (amp=0.0000, harm=0.0000)
2026-08-31 13:54:48,283 INFO [pid=45788 gui-measure_condition dune_tension.tensiometer] Result: wire 125 length 1201.9 mm tension 6.7 N frequency 86.6 Hz confidence 0.83 at 1526.671630859375,665.0360717773438 focus 6344. Took 1.68 seconds.
2026-08-31 13:54:48,310 INFO [pid=45788 gui-measure_condition dune_tension.tensiometer] Timing profile for list wire 125: total=2.66s stages=[wire_total_wall=2.66s, collect_samples=1.65s, acquire_audio=1.45s, strum=1.45s, move_to_measurement_pose=0.93s, wait_for_audio_trigger=0.75s, analyze_audio=0.14s, optimizer_move=0.03s, reset_plc_after_collect=0.02s, reset_plc_before_move=0.02s, reset_plc_before_persist=0.01s, append_result=0.01s, summary_refresh=0.00s, plan_measurement_pose=0.00s, merge_results=0.00s]
2026-08-31 13:54:48,313 INFO [pid=45788 gui-measure_condition dune_tension.tensiometer] Measuring wire 121 at 1510.295991991859,653.542903199701 focus=6257
2026-08-31 13:54:49,974 INFO [pid=45788 gui-monitor-tension-logs dune_tension.gui.actions] Updated tension logs for APA-US-013 layer V
2026-08-31 13:54:50,114 INFO [pid=45788 MainThread dune_tension.gui.app] GUI heartbeat. measurement_active=True active_measurement=measure condition focus=6344 threads=5 vmsize=6737216 kB vmhwm=2220744 kB vmrss=1902500 kB
2026-08-31 13:54:50,285 INFO [pid=45788 Thread-2844 (_audio_worker) spectrum_analysis.audio_processing] Listening for audio events (RMS trigger)...
2026-08-31 13:54:50,757 INFO [pid=45788 Thread-2844 (_audio_worker) spectrum_analysis.audio_processing] Recording started.
2026-08-31 13:54:50,928 WARNING [pid=45788 Thread-2844 (_audio_worker) spectrum_analysis.audio_processing] Max recording length reached.
2026-08-31 13:54:51,680 INFO [pid=45788 gui-measure_condition dune_tension.tensiometer] Sample of wire 121: measured frequency 25.70 Hz {'length': 1.1625, 'frequency': 25.701269394663235, 'tension': 0.5500542281144836} with confidence 0.30 (amp=0.0000, harm=0.2805)
2026-08-31 13:54:51,680 INFO [pid=45788 gui-measure_condition dune_tension.tensiometer] Optimizer next pose: x=1506.07041863694 y=656.5800340485489 focus=6344
2026-08-31 13:54:51,877 INFO [pid=45788 Thread-2846 (_audio_worker) spectrum_analysis.audio_processing] Listening for audio events (RMS trigger)...
2026-08-31 13:54:52,017 INFO [pid=45788 Thread-2846 (_audio_worker) spectrum_analysis.audio_processing] Recording started.
2026-08-31 13:54:52,184 WARNING [pid=45788 Thread-2846 (_audio_worker) spectrum_analysis.audio_processing] Max recording length reached.
2026-08-31 13:54:52,443 INFO [pid=45788 gui-measure_condition dune_tension.tensiometer] Sample of wire 121: measured frequency 15.49 Hz {'length': 1.1625, 'frequency': 15.487164613543934, 'tension': 0.1997285682132889} with confidence 0.75 (amp=0.0000, harm=0.0000)
2026-08-31 13:54:52,444 INFO [pid=45788 gui-measure_condition dune_tension.tensiometer] Optimizer next pose: x=1497.5048499103957 y=662.7365365707527 focus=6344
2026-08-31 13:54:53,029 INFO [pid=45788 Thread-2848 (_audio_worker) spectrum_analysis.audio_processing] Listening for audio events (RMS trigger)...
2026-08-31 13:54:53,164 INFO [pid=45788 Thread-2848 (_audio_worker) spectrum_analysis.audio_processing] Recording started.
2026-08-31 13:54:53,336 WARNING [pid=45788 Thread-2848 (_audio_worker) spectrum_analysis.audio_processing] Max recording length reached.
2026-08-31 13:54:53,582 INFO [pid=45788 gui-measure_condition dune_tension.tensiometer] Sample of wire 121: measured frequency 22.60 Hz {'length': 1.1625, 'frequency': 22.60399953728802, 'tension': 0.42546803661060933} with confidence 0.53 (amp=0.0000, harm=0.0000)
2026-08-31 13:54:53,582 INFO [pid=45788 gui-measure_condition dune_tension.tensiometer] Optimizer next pose: x=1509.1871269448043 y=654.3398999522715 focus=6344
2026-08-31 13:54:54,514 INFO [pid=45788 Thread-2850 (_audio_worker) spectrum_analysis.audio_processing] Listening for audio events (RMS trigger)...
2026-08-31 13:54:54,659 INFO [pid=45788 Thread-2850 (_audio_worker) spectrum_analysis.audio_processing] Recording started.
2026-08-31 13:54:54,830 WARNING [pid=45788 Thread-2850 (_audio_worker) spectrum_analysis.audio_processing] Max recording length reached.
2026-08-31 13:54:55,072 INFO [pid=45788 gui-measure_condition dune_tension.tensiometer] Sample of wire 121: measured frequency 32.48 Hz {'length': 1.1625, 'frequency': 32.4832464605563, 'tension': 0.8786485855162829} with confidence 0.43 (amp=0.0000, harm=0.0000)
2026-08-31 13:54:55,072 INFO [pid=45788 gui-measure_condition dune_tension.tensiometer] Optimizer next pose: x=1529.7642323722055 y=639.5501054263269 focus=6344
2026-08-31 13:54:55,875 INFO [pid=45788 Thread-2852 (_audio_worker) spectrum_analysis.audio_processing] Listening for audio events (RMS trigger)...
2026-08-31 13:54:56,024 INFO [pid=45788 Thread-2852 (_audio_worker) spectrum_analysis.audio_processing] Recording started.
2026-08-31 13:54:56,195 WARNING [pid=45788 Thread-2852 (_audio_worker) spectrum_analysis.audio_processing] Max recording length reached.
2026-08-31 13:54:56,448 INFO [pid=45788 gui-measure_condition dune_tension.tensiometer] Sample of wire 121: measured frequency 77.50 Hz {'length': 1.1625, 'frequency': 77.50131072998047, 'tension': 5.001663323125267} with confidence 1.00 (amp=0.0000, harm=0.2274)
2026-08-31 13:54:56,489 INFO [pid=45788 gui-measure_condition dune_tension.tensiometer] Result: wire 121 length 1162.5 mm tension 5.0 N frequency 77.5 Hz confidence 1.00 at 1509.586669921875,654.3339233398438 focus 6344. Took 6.29 seconds.
2026-08-31 13:54:56,609 INFO [pid=45788 gui-measure_condition dune_tension.tensiometer] Timing profile for list wire 121: total=8.30s stages=[wire_total_wall=8.30s, collect_samples=6.25s, acquire_audio=2.96s, strum=2.96s, optimizer_move=2.24s, move_to_measurement_pose=1.87s, wait_for_audio_trigger=1.24s, analyze_audio=0.85s, reset_plc_before_persist=0.10s, reset_plc_after_collect=0.04s, reset_plc_before_move=0.01s, append_result=0.01s, summary_refresh=0.01s, plan_measurement_pose=0.00s, merge_results=0.00s]
2026-08-31 13:54:56,625 INFO [pid=45788 gui-measure_condition dune_tension.tensiometer] Measuring wire 151 at 1630.1085848291314,739.7837920084615 focus=6276
2026-08-31 13:54:58,418 INFO [pid=45788 gui-monitor-tension-logs dune_tension.gui.actions] Updated tension logs for APA-US-013 layer V
2026-08-31 13:55:00,768 INFO [pid=45788 Thread-2856 (_audio_worker) spectrum_analysis.audio_processing] Listening for audio events (RMS trigger)...
2026-08-31 13:55:00,910 INFO [pid=45788 Thread-2856 (_audio_worker) spectrum_analysis.audio_processing] Recording started.
2026-08-31 13:55:01,082 WARNING [pid=45788 Thread-2856 (_audio_worker) spectrum_analysis.audio_processing] Max recording length reached.
2026-08-31 13:55:01,895 INFO [pid=45788 gui-measure_condition dune_tension.tensiometer] Sample of wire 151: measured frequency 61.09 Hz {'length': 1.4317, 'frequency': 61.085331439971924, 'tension': 4.712901420763988} with confidence 1.00 (amp=0.0000, harm=0.0000)
2026-08-31 13:55:01,925 INFO [pid=45788 gui-measure_condition dune_tension.tensiometer] Result: wire 151 length 1431.7 mm tension 4.7 N frequency 61.1 Hz confidence 1.00 at 1630.50830078125,739.7803955078125 focus 6344. Took 1.19 seconds.
2026-08-31 13:55:01,972 INFO [pid=45788 gui-measure_condition dune_tension.tensiometer] Timing profile for list wire 151: total=5.33s stages=[wire_total_wall=5.33s, move_to_measurement_pose=4.08s, collect_samples=1.16s, analyze_audio=0.63s, acquire_audio=0.51s, strum=0.51s, wait_for_audio_trigger=0.16s, reset_plc_before_persist=0.03s, reset_plc_after_collect=0.03s, reset_plc_before_move=0.02s, append_result=0.01s, summary_refresh=0.01s, plan_measurement_pose=0.00s, merge_results=0.00s]
2026-08-31 13:55:01,973 INFO [pid=45788 gui-measure_condition dune_tension.tensiometer] Measuring wire 152 at 1634.1021866173744,742.3703570802431 focus=6277
2026-08-31 13:55:02,996 INFO [pid=45788 Thread-2859 (_audio_worker) spectrum_analysis.audio_processing] Listening for audio events (RMS trigger)...
2026-08-31 13:55:03,149 INFO [pid=45788 Thread-2859 (_audio_worker) spectrum_analysis.audio_processing] Recording started.
2026-08-31 13:55:03,209 INFO [pid=45788 gui-monitor-tension-logs dune_tension.gui.actions] Updated tension logs for APA-US-013 layer V
2026-08-31 13:55:03,328 WARNING [pid=45788 Thread-2859 (_audio_worker) spectrum_analysis.audio_processing] Max recording length reached.
2026-08-31 13:55:03,696 INFO [pid=45788 gui-measure_condition dune_tension.tensiometer] Sample of wire 152: measured frequency 61.67 Hz {'length': 1.4317, 'frequency': 61.66846799850464, 'tension': 4.80331209314923} with confidence 1.00 (amp=0.0000, harm=0.0000)
2026-08-31 13:55:03,708 INFO [pid=45788 gui-measure_condition dune_tension.tensiometer] Result: wire 152 length 1431.7 mm tension 4.8 N frequency 61.7 Hz confidence 1.00 at 1634.5037841796875,742.364013671875 focus 6344. Took 0.74 seconds.
2026-08-31 13:55:03,729 INFO [pid=45788 gui-measure_condition dune_tension.tensiometer] Timing profile for list wire 152: total=1.76s stages=[wire_total_wall=1.76s, move_to_measurement_pose=0.98s, collect_samples=0.72s, acquire_audio=0.53s, strum=0.53s, analyze_audio=0.18s, wait_for_audio_trigger=0.17s, reset_plc_before_move=0.02s, reset_plc_before_persist=0.02s, reset_plc_after_collect=0.01s, append_result=0.00s, plan_measurement_pose=0.00s, summary_refresh=0.00s, merge_results=0.00s]
2026-08-31 13:55:03,729 INFO [pid=45788 gui-measure_condition dune_tension.tensiometer] Measuring wire 59 at 1262.7210782353286,475.0266239618153 focus=6219
2026-08-31 13:55:06,527 WARNING [pid=45788 MainThread dune_tension.gui.live_plots] summary canvas.draw skipped: figure lock busy (>2.0s)
2026-08-31 13:55:06,532 INFO [pid=45788 MainThread dune_tension.gui.app] GUI heartbeat. measurement_active=True active_measurement=measure condition focus=6344 threads=5 vmsize=6745412 kB vmhwm=2307544 kB vmrss=1854168 kB
2026-08-31 13:55:07,109 INFO [pid=45788 Thread-2863 (_audio_worker) spectrum_analysis.audio_processing] Listening for audio events (RMS trigger)...
2026-08-31 13:55:07,267 INFO [pid=45788 Thread-2863 (_audio_worker) spectrum_analysis.audio_processing] Recording started.
2026-08-31 13:55:07,426 INFO [pid=45788 gui-monitor-tension-logs dune_tension.gui.actions] Updated tension logs for APA-US-013 layer V
2026-08-31 13:55:07,439 WARNING [pid=45788 Thread-2863 (_audio_worker) spectrum_analysis.audio_processing] Max recording length reached.
2026-08-31 13:55:08,235 INFO [pid=45788 gui-measure_condition dune_tension.tensiometer] Sample of wire 59: measured frequency 156.15 Hz {'length': 0.5517000000000001, 'frequency': 156.153683980306, 'tension': 4.573207147973041} with confidence 1.00 (amp=0.0000, harm=0.0000)
2026-08-31 13:55:08,261 INFO [pid=45788 gui-measure_condition dune_tension.tensiometer] Result: wire 59 length 551.7 mm tension 4.6 N frequency 156.2 Hz confidence 1.00 at 1262.71826171875,475.0328063964844 focus 6344. Took 1.18 seconds.
2026-08-31 13:55:08,279 INFO [pid=45788 gui-measure_condition dune_tension.tensiometer] Timing profile for list wire 59: total=4.55s stages=[wire_total_wall=4.55s, move_to_measurement_pose=3.34s, collect_samples=1.15s, analyze_audio=0.59s, acquire_audio=0.53s, strum=0.53s, wait_for_audio_trigger=0.17s, reset_plc_after_collect=0.03s, reset_plc_before_move=0.01s, reset_plc_before_persist=0.01s, append_result=0.01s, summary_refresh=0.00s, plan_measurement_pose=0.00s, merge_results=0.00s]
2026-08-31 13:55:08,280 INFO [pid=45788 gui-measure_condition dune_tension.tensiometer] Measuring wire 12 at 1074.9047810760085,339.82931190104586 focus=6190
2026-08-31 13:55:09,796 INFO [pid=45788 gui-monitor-tension-logs dune_tension.gui.actions] Updated tension logs for APA-US-013 layer V
2026-08-31 13:55:11,569 INFO [pid=45788 Thread-2868 (_audio_worker) spectrum_analysis.audio_processing] Listening for audio events (RMS trigger)...
2026-08-31 13:55:11,704 INFO [pid=45788 Thread-2868 (_audio_worker) spectrum_analysis.audio_processing] Recording started.
2026-08-31 13:55:11,876 WARNING [pid=45788 Thread-2868 (_audio_worker) spectrum_analysis.audio_processing] Max recording length reached.
2026-08-31 13:55:12,176 INFO [pid=45788 gui-measure_condition dune_tension.tensiometer] Sample of wire 12: measured frequency 1102.68 Hz {'length': 0.0874, 'frequency': 1102.681044165432, 'tension': 5.723123523464837} with confidence 0.56 (amp=0.0000, harm=0.0978)
2026-08-31 13:55:12,188 INFO [pid=45788 gui-measure_condition dune_tension.tensiometer] Result: wire 12 length 87.4 mm tension 5.7 N frequency 1102.7 Hz confidence 0.56 at 1074.9049072265625,339.82440185546875 focus 6344. Took 0.65 seconds.
2026-08-31 13:55:12,226 INFO [pid=45788 gui-measure_condition dune_tension.tensiometer] Timing profile for list wire 12: total=3.95s stages=[wire_total_wall=3.95s, move_to_measurement_pose=3.25s, collect_samples=0.64s, acquire_audio=0.50s, strum=0.50s, wait_for_audio_trigger=0.16s, analyze_audio=0.11s, reset_plc_before_persist=0.02s, append_result=0.02s, reset_plc_after_collect=0.01s, reset_plc_before_move=0.01s, summary_refresh=0.00s, plan_measurement_pose=0.00s, merge_results=0.00s]
2026-08-31 13:55:12,226 INFO [pid=45788 gui-measure_condition dune_tension.tensiometer] Measuring wire 11 at 1070.9115610617678,336.93631522473225 focus=6189
2026-08-31 13:55:13,547 INFO [pid=45788 Thread-2871 (_audio_worker) spectrum_analysis.audio_processing] Listening for audio events (RMS trigger)...
2026-08-31 13:55:13,688 INFO [pid=45788 Thread-2871 (_audio_worker) spectrum_analysis.audio_processing] Recording started.
2026-08-31 13:55:13,859 WARNING [pid=45788 Thread-2871 (_audio_worker) spectrum_analysis.audio_processing] Max recording length reached.
2026-08-31 13:55:13,941 INFO [pid=45788 gui-monitor-tension-logs dune_tension.gui.actions] Updated tension logs for APA-US-013 layer V
2026-08-31 13:55:14,654 INFO [pid=45788 gui-measure_condition dune_tension.tensiometer] Sample of wire 11: measured frequency 1193.95 Hz {'length': 0.0773, 'frequency': 1193.9549079772898, 'tension': 5.2486217363735115} with confidence 0.00 (amp=0.0000, harm=0.0388)
2026-08-31 13:55:14,654 INFO [pid=45788 gui-measure_condition dune_tension.tensiometer] Optimizer next pose: x=1065.863352937362 y=340.5595760076676 focus=6344
2026-08-31 13:55:14,783 INFO [pid=45788 Thread-2874 (_audio_worker) spectrum_analysis.audio_processing] Listening for audio events (RMS trigger)...
2026-08-31 13:55:14,925 INFO [pid=45788 Thread-2874 (_audio_worker) spectrum_analysis.audio_processing] Recording started.
2026-08-31 13:55:15,113 WARNING [pid=45788 Thread-2874 (_audio_worker) spectrum_analysis.audio_processing] Max recording length reached.
2026-08-31 13:55:15,323 INFO [pid=45788 gui-measure_condition dune_tension.tensiometer] Sample of wire 11: measured frequency 1181.69 Hz {'length': 0.0773, 'frequency': 1181.691503597976, 'tension': 5.141355689717009} with confidence 0.00 (amp=0.0000, harm=0.0000)
2026-08-31 13:55:15,324 INFO [pid=45788 gui-measure_condition dune_tension.tensiometer] Optimizer next pose: x=1062.0314779831513 y=343.3137361310065 focus=6344
2026-08-31 13:55:16,153 INFO [pid=45788 Thread-2876 (_audio_worker) spectrum_analysis.audio_processing] Listening for audio events (RMS trigger)...
2026-08-31 13:55:16,312 INFO [pid=45788 Thread-2876 (_audio_worker) spectrum_analysis.audio_processing] Recording started.
2026-08-31 13:55:16,483 WARNING [pid=45788 Thread-2876 (_audio_worker) spectrum_analysis.audio_processing] Max recording length reached.
2026-08-31 13:55:16,729 INFO [pid=45788 gui-measure_condition dune_tension.tensiometer] Sample of wire 11: measured frequency 1179.18 Hz {'length': 0.0773, 'frequency': 1179.1767455323823, 'tension': 5.119496332579787} with confidence 0.00 (amp=0.0000, harm=0.0000)
2026-08-31 13:55:16,730 INFO [pid=45788 gui-measure_condition dune_tension.tensiometer] Optimizer next pose: x=1070.0392801306432 y=337.55812833749667 focus=6344
2026-08-31 13:55:17,196 INFO [pid=45788 Thread-2878 (_audio_worker) spectrum_analysis.audio_processing] Listening for audio events (RMS trigger)...
2026-08-31 13:55:17,336 INFO [pid=45788 Thread-2878 (_audio_worker) spectrum_analysis.audio_processing] Recording started.
2026-08-31 13:55:17,507 WARNING [pid=45788 Thread-2878 (_audio_worker) spectrum_analysis.audio_processing] Max recording length reached.
2026-08-31 13:55:17,745 INFO [pid=45788 gui-measure_condition dune_tension.tensiometer] Sample of wire 11: measured frequency 1180.18 Hz {'length': 0.0773, 'frequency': 1180.1787929069783, 'tension': 5.128200977696512} with confidence 0.49 (amp=0.0000, harm=0.0000)
2026-08-31 13:55:17,745 INFO [pid=45788 gui-measure_condition dune_tension.tensiometer] Optimizer next pose: x=1069.590214632078 y=337.8866085810944 focus=6344
2026-08-31 13:55:18,606 INFO [pid=45788 Thread-2880 (_audio_worker) spectrum_analysis.audio_processing] Listening for audio events (RMS trigger)...
2026-08-31 13:55:18,765 INFO [pid=45788 Thread-2880 (_audio_worker) spectrum_analysis.audio_processing] Recording started.
2026-08-31 13:55:18,936 WARNING [pid=45788 Thread-2880 (_audio_worker) spectrum_analysis.audio_processing] Max recording length reached.
2026-08-31 13:55:19,204 INFO [pid=45788 gui-measure_condition dune_tension.tensiometer] Sample of wire 11: measured frequency 1195.69 Hz {'length': 0.0773, 'frequency': 1195.6885929452515, 'tension': 5.263875349369221} with confidence 0.00 (amp=0.0000, harm=0.0000)
2026-08-31 13:55:19,205 INFO [pid=45788 gui-measure_condition dune_tension.tensiometer] Optimizer next pose: x=1046.465381063665 y=354.5075827083911 focus=6344
2026-08-31 13:55:21,534 INFO [pid=45788 MainThread dune_tension.gui.app] GUI heartbeat. measurement_active=True active_measurement=measure condition focus=6344 threads=4 vmsize=6181088 kB vmhwm=2307544 kB vmrss=1340964 kB
2026-08-31 13:55:24,182 INFO [pid=45788 Thread-2882 (_audio_worker) spectrum_analysis.audio_processing] Listening for audio events (RMS trigger)...
2026-08-31 13:55:24,312 INFO [pid=45788 Thread-2882 (_audio_worker) spectrum_analysis.audio_processing] Recording started.
2026-08-31 13:55:24,485 WARNING [pid=45788 Thread-2882 (_audio_worker) spectrum_analysis.audio_processing] Max recording length reached.
2026-08-31 13:55:24,768 INFO [pid=45788 gui-measure_condition dune_tension.tensiometer] Sample of wire 11: measured frequency 288.17 Hz {'length': 0.0773, 'frequency': 288.1675552127918, 'tension': 0.3057451583299625} with confidence 0.00 (amp=0.0000, harm=0.0000)
2026-08-31 13:55:24,769 INFO [pid=45788 gui-measure_condition dune_tension.tensiometer] Optimizer next pose: x=1068.2727454569213 y=338.83353955073824 focus=6344
2026-08-31 13:55:33,774 INFO [pid=45788 Thread-2884 (_audio_worker) spectrum_analysis.audio_processing] Listening for audio events (RMS trigger)...
2026-08-31 13:55:33,934 INFO [pid=45788 Thread-2884 (_audio_worker) spectrum_analysis.audio_processing] Recording started.
2026-08-31 13:55:34,106 WARNING [pid=45788 Thread-2884 (_audio_worker) spectrum_analysis.audio_processing] Max recording length reached.
2026-08-31 13:55:34,340 INFO [pid=45788 gui-measure_condition dune_tension.tensiometer] Sample of wire 11: measured frequency 303.84 Hz {'length': 0.0773, 'frequency': 303.8352506336589, 'tension': 0.33989575608898415} with confidence 0.00 (amp=0.0000, harm=0.0000)
2026-08-31 13:55:34,341 INFO [pid=45788 gui-measure_condition dune_tension.tensiometer] Optimizer next pose: x=1057.101205657577 y=346.8630837815168 focus=6344
2026-08-31 13:55:36,535 INFO [pid=45788 MainThread dune_tension.gui.app] GUI heartbeat. measurement_active=True active_measurement=measure condition focus=6344 threads=4 vmsize=6181088 kB vmhwm=2307544 kB vmrss=1340964 kB
2026-08-31 13:55:37,358 INFO [pid=45788 Thread-2886 (_audio_worker) spectrum_analysis.audio_processing] Listening for audio events (RMS trigger)...
2026-08-31 13:55:37,518 INFO [pid=45788 Thread-2886 (_audio_worker) spectrum_analysis.audio_processing] Recording started.
2026-08-31 13:55:37,690 WARNING [pid=45788 Thread-2886 (_audio_worker) spectrum_analysis.audio_processing] Max recording length reached.
2026-08-31 13:55:37,925 INFO [pid=45788 gui-measure_condition dune_tension.tensiometer] Sample of wire 11: measured frequency 1178.59 Hz {'length': 0.0773, 'frequency': 1178.5885812226275, 'tension': 5.114390475327917} with confidence 0.67 (amp=0.0000, harm=0.0000)
2026-08-31 13:55:37,952 INFO [pid=45788 gui-measure_condition dune_tension.tensiometer] Result: wire 11 length 77.3 mm tension 5.1 N frequency 1178.6 Hz confidence 0.67 at 1068.2733154296875,338.82440185546875 focus 6344. Took 24.55 seconds.
2026-08-31 13:55:37,969 INFO [pid=45788 gui-measure_condition dune_tension.tensiometer] Timing profile for list wire 11: total=25.74s stages=[wire_total_wall=25.74s, collect_samples=24.52s, optimizer_move=19.00s, acquire_audio=4.21s, strum=4.21s, wait_for_audio_trigger=1.44s, move_to_measurement_pose=1.17s, analyze_audio=1.05s, reset_plc_after_collect=0.03s, reset_plc_before_persist=0.01s, reset_plc_before_move=0.01s, append_result=0.00s, summary_refresh=0.00s, plan_measurement_pose=0.00s, merge_results=0.00s]
2026-08-31 13:55:37,970 INFO [pid=45788 gui-measure_condition dune_tension.tensiometer] Measuring wire 10 at 1066.918341977713,334.04269780172854 focus=6188
2026-08-31 13:55:39,321 INFO [pid=45788 gui-monitor-tension-logs dune_tension.gui.actions] Updated tension logs for APA-US-013 layer V
2026-08-31 13:55:40,893 INFO [pid=45788 Thread-2890 (_audio_worker) spectrum_analysis.audio_processing] Listening for audio events (RMS trigger)...
2026-08-31 13:55:41,038 INFO [pid=45788 Thread-2890 (_audio_worker) spectrum_analysis.audio_processing] Recording started.
2026-08-31 13:55:41,210 WARNING [pid=45788 Thread-2890 (_audio_worker) spectrum_analysis.audio_processing] Max recording length reached.
2026-08-31 13:55:41,545 INFO [pid=45788 gui-measure_condition dune_tension.tensiometer] Sample of wire 10: measured frequency 1369.36 Hz {'length': 0.06720000000000001, 'frequency': 1369.3645734130523, 'tension': 5.21779676200386} with confidence 0.27 (amp=0.0000, harm=0.0000)
2026-08-31 13:55:41,545 INFO [pid=45788 gui-measure_condition dune_tension.tensiometer] Optimizer next pose: x=1076.3453502543246 y=327.5538424929855 focus=6344
2026-08-31 13:55:42,020 INFO [pid=45788 Thread-2892 (_audio_worker) spectrum_analysis.audio_processing] Listening for audio events (RMS trigger)...
2026-08-31 13:55:42,199 INFO [pid=45788 Thread-2892 (_audio_worker) spectrum_analysis.audio_processing] Recording started.
2026-08-31 13:55:42,318 WARNING [pid=45788 Thread-2892 (_audio_worker) spectrum_analysis.audio_processing] Max recording length reached.
2026-08-31 13:55:42,563 INFO [pid=45788 gui-measure_condition dune_tension.tensiometer] Sample of wire 10: measured frequency 1365.70 Hz {'length': 0.06720000000000001, 'frequency': 1365.6963450292874, 'tension': 5.189879530140303} with confidence 0.00 (amp=0.0000, harm=0.0000)
2026-08-31 13:55:42,563 INFO [pid=45788 gui-measure_condition dune_tension.tensiometer] Optimizer next pose: x=1064.6676509380725 y=335.94718887654165 focus=6344
2026-08-31 13:55:43,238 INFO [pid=45788 Thread-2894 (_audio_worker) spectrum_analysis.audio_processing] Listening for audio events (RMS trigger)...
2026-08-31 13:55:43,384 INFO [pid=45788 Thread-2894 (_audio_worker) spectrum_analysis.audio_processing] Recording started.
2026-08-31 13:55:43,555 WARNING [pid=45788 Thread-2894 (_audio_worker) spectrum_analysis.audio_processing] Max recording length reached.
2026-08-31 13:55:43,813 INFO [pid=45788 gui-measure_condition dune_tension.tensiometer] Sample of wire 10: measured frequency 1383.37 Hz {'length': 0.06720000000000001, 'frequency': 1383.3694582953024, 'tension': 5.325070342904411} with confidence 0.00 (amp=0.0000, harm=0.0000)
2026-08-31 13:55:43,813 INFO [pid=45788 gui-measure_condition dune_tension.tensiometer] Optimizer next pose: x=1067.444790934153 y=333.9511195043588 focus=6344
2026-08-31 13:55:44,664 INFO [pid=45788 Thread-2896 (_audio_worker) spectrum_analysis.audio_processing] Listening for audio events (RMS trigger)...
2026-08-31 13:55:44,813 INFO [pid=45788 Thread-2896 (_audio_worker) spectrum_analysis.audio_processing] Recording started.
2026-08-31 13:55:44,985 WARNING [pid=45788 Thread-2896 (_audio_worker) spectrum_analysis.audio_processing] Max recording length reached.
2026-08-31 13:55:45,222 INFO [pid=45788 gui-measure_condition dune_tension.tensiometer] Sample of wire 10: measured frequency 939.05 Hz {'length': 0.06720000000000001, 'frequency': 939.0490899328945, 'tension': 2.4537232324912264} with confidence 0.00 (amp=0.0000, harm=0.0000)
2026-08-31 13:55:45,223 INFO [pid=45788 gui-measure_condition dune_tension.tensiometer] Optimizer next pose: x=1062.2456463172116 y=337.6880046977854 focus=6344
2026-08-31 13:55:45,664 INFO [pid=45788 Thread-2898 (_audio_worker) spectrum_analysis.audio_processing] Listening for audio events (RMS trigger)...
2026-08-31 13:55:45,816 INFO [pid=45788 Thread-2898 (_audio_worker) spectrum_analysis.audio_processing] Recording started.
2026-08-31 13:55:45,987 WARNING [pid=45788 Thread-2898 (_audio_worker) spectrum_analysis.audio_processing] Max recording length reached.
2026-08-31 13:55:46,248 INFO [pid=45788 gui-measure_condition dune_tension.tensiometer] Sample of wire 10: measured frequency 1375.44 Hz {'length': 0.06720000000000001, 'frequency': 1375.436818018275, 'tension': 5.264174457587015} with confidence 0.57 (amp=0.0000, harm=0.0000)
2026-08-31 13:55:46,293 INFO [pid=45788 gui-measure_condition dune_tension.tensiometer] Result: wire 10 length 67.2 mm tension 5.3 N frequency 1375.4 Hz confidence 0.57 at 1067.845458984375,333.9529113769531 focus 6344. Took 5.43 seconds.
2026-08-31 13:55:46,333 INFO [pid=45788 gui-measure_condition dune_tension.tensiometer] Timing profile for list wire 10: total=8.36s stages=[wire_total_wall=8.36s, collect_samples=5.38s, move_to_measurement_pose=2.79s, acquire_audio=2.57s, strum=2.57s, optimizer_move=2.23s, wait_for_audio_trigger=0.89s, analyze_audio=0.43s, reset_plc_before_move=0.09s, reset_plc_after_collect=0.05s, append_result=0.02s, reset_plc_before_persist=0.02s, summary_refresh=0.00s, plan_measurement_pose=0.00s, merge_results=0.00s]
2026-08-31 13:55:46,349 INFO [pid=45788 gui-measure_condition dune_tension.tensiometer] Timing profile summary for list measurement: requested=8 measured=8 skipped=[] planning=0.01s avg_wire=7.58s total=60.65s stage_totals=[wire_total_wall=60.64s, collect_samples=41.47s, optimizer_move=23.50s, move_to_measurement_pose=18.42s, acquire_audio=13.26s, strum=13.26s, wait_for_audio_trigger=4.99s, analyze_audio=3.99s, reset_plc_before_persist=0.22s, reset_plc_after_collect=0.21s, reset_plc_before_move=0.20s, append_result=0.08s, summary_refresh=0.02s, plan_measurement_pose=0.00s, merge_results=0.00s]
2026-08-31 13:55:46,525 INFO [pid=45788 gui-measure_condition dune_tension.gui.actions] Worker thread finished: measure condition
2026-08-31 13:55:48,167 INFO [pid=45788 gui-monitor-tension-logs dune_tension.gui.actions] Updated tension logs for APA-US-013 layer V
2026-08-31 13:55:51,536 INFO [pid=45788 MainThread dune_tension.gui.app] GUI heartbeat. measurement_active=False active_measurement=idle focus=6344 threads=3 vmsize=6149056 kB vmhwm=2307544 kB vmrss=1341132 kB
2026-08-31 13:55:51,726 INFO [pid=45788 gui-measure_auto dune_tension.gui.actions] Worker thread starting: measure auto measurement=True
2026-08-31 13:55:51,726 INFO [pid=45788 gui-measure_auto dune_tension.gui.actions] Starting automatic measurement of full APA
2026-08-31 13:55:51,794 INFO [pid=45788 gui-measure_auto dune_tension.layer_calibration] Layer V calibration cache is current at /home/dune/dune-monorepo/config/APA/V_Calibration.json (file=V_Calibration.json hash=299c28f9fc2dbe681fa857f30bb022d038ed343f100cd17bb1e2abac17e8e5ef).
2026-08-31 13:55:51,832 INFO [pid=45788 gui-measure_auto dune_tension.tensiometer_functions] Loading wire coordinates...
2026-08-31 13:55:51,836 INFO [pid=45788 gui-measure_auto dune_tension.tensiometer_functions] Getting current position...
2026-08-31 13:55:51,971 INFO [pid=45788 gui-measure_auto dune_tension.tensiometer_functions] Reordering wires...
2026-08-31 13:55:51,971 INFO [pid=45788 gui-measure_auto dune_tension.tensiometer] Timing profile started for list measurement of 81 wire(s): [9, 8, 153, 154, 155, 156, 157, 158, 159, 160, 161, 162, 163, 164, 165, 166, 167, 168, 169, 170, 171, 172, 173, 174, 175, 176, 177, 178, 179, 180, 181, 182, 183, 184, 185, 186, 187, 188, 189, 190, 191, 192, 193, 194, 195, 196, 197, 198, 199, 200, 201, 202, 203, 204, 205, 206, 207, 208, 209, 210, 211, 212, 213, 214, 215, 216, 217, 218, 219, 220, 221, 222, 223, 224, 225, 226, 227, 228, 229, 230, 231]
2026-08-31 13:55:51,972 INFO [pid=45788 gui-measure_auto dune_tension.tensiometer] Measuring wire 9 at 1062.9251238725528,331.14842700617726 focus=6188
2026-08-31 13:55:53,460 INFO [pid=45788 Thread-2902 (_audio_worker) spectrum_analysis.audio_processing] Listening for audio events (RMS trigger)...
2026-08-31 13:55:53,603 INFO [pid=45788 Thread-2902 (_audio_worker) spectrum_analysis.audio_processing] Recording started.
2026-08-31 13:55:53,776 WARNING [pid=45788 Thread-2902 (_audio_worker) spectrum_analysis.audio_processing] Max recording length reached.
2026-08-31 13:55:54,085 INFO [pid=45788 gui-measure_auto dune_tension.tensiometer] Sample of wire 9: measured frequency 1599.50 Hz {'length': 0.05709999999999999, 'frequency': 1599.503723494698, 'tension': 5.139882179942125} with confidence 0.00 (amp=0.0000, harm=0.0000)
2026-08-31 13:55:54,085 INFO [pid=45788 gui-measure_auto dune_tension.tensiometer] Optimizer next pose: x=1069.3229699552944 y=326.82961003457353 focus=6344
2026-08-31 13:55:54,304 INFO [pid=45788 Thread-2904 (_audio_worker) spectrum_analysis.audio_processing] Listening for audio events (RMS trigger)...
2026-08-31 13:55:54,437 INFO [pid=45788 Thread-2904 (_audio_worker) spectrum_analysis.audio_processing] Recording started.
2026-08-31 13:55:54,607 WARNING [pid=45788 Thread-2904 (_audio_worker) spectrum_analysis.audio_processing] Max recording length reached.
2026-08-31 13:55:54,867 INFO [pid=45788 gui-measure_auto dune_tension.tensiometer] Sample of wire 9: measured frequency 2090.24 Hz {'length': 0.05709999999999999, 'frequency': 2090.24452436586, 'tension': 8.77762134271477} with confidence 0.00 (amp=0.0000, harm=0.0807)
2026-08-31 13:55:54,867 INFO [pid=45788 gui-measure_auto dune_tension.tensiometer] Optimizer next pose: x=1072.6112704543905 y=324.46614405084824 focus=6344
2026-08-31 13:55:55,689 INFO [pid=45788 Thread-2906 (_audio_worker) spectrum_analysis.audio_processing] Listening for audio events (RMS trigger)...
2026-08-31 13:55:55,843 INFO [pid=45788 Thread-2906 (_audio_worker) spectrum_analysis.audio_processing] Recording started.
2026-08-31 13:55:56,015 WARNING [pid=45788 Thread-2906 (_audio_worker) spectrum_analysis.audio_processing] Max recording length reached.
2026-08-31 13:55:56,276 INFO [pid=45788 gui-measure_auto dune_tension.tensiometer] Sample of wire 9: measured frequency 1625.19 Hz {'length': 0.05709999999999999, 'frequency': 1625.192882966568, 'tension': 5.306308269310834} with confidence 0.00 (amp=0.0000, harm=0.0281)
2026-08-31 13:55:56,277 INFO [pid=45788 gui-measure_auto dune_tension.tensiometer] Optimizer next pose: x=1061.5169784761636 y=332.44016641019886 focus=6344
2026-08-31 13:55:56,768 INFO [pid=45788 Thread-2908 (_audio_worker) spectrum_analysis.audio_processing] Listening for audio events (RMS trigger)...
2026-08-31 13:55:56,912 INFO [pid=45788 Thread-2908 (_audio_worker) spectrum_analysis.audio_processing] Recording started.
2026-08-31 13:55:57,081 WARNING [pid=45788 Thread-2908 (_audio_worker) spectrum_analysis.audio_processing] Max recording length reached.
2026-08-31 13:55:57,346 INFO [pid=45788 gui-measure_auto dune_tension.tensiometer] Sample of wire 9: measured frequency 1613.34 Hz {'length': 0.05709999999999999, 'frequency': 1613.3436498778683, 'tension': 5.2292140710668535} with confidence 0.74 (amp=0.0000, harm=0.0000)
2026-08-31 13:55:57,387 INFO [pid=45788 gui-measure_auto dune_tension.tensiometer] Result: wire 9 length 57.1 mm tension 5.2 N frequency 1613.3 Hz confidence 0.74 at 1072.9969482421875,324.4573974609375 focus 6344. Took 3.96 seconds.
2026-08-31 13:55:57,424 INFO [pid=45788 gui-measure_auto dune_tension.tensiometer] Timing profile for list wire 9: total=5.45s stages=[wire_total_wall=5.45s, collect_samples=3.92s, acquire_audio=2.05s, strum=2.05s, move_to_measurement_pose=1.43s, optimizer_move=1.21s, wait_for_audio_trigger=0.67s, analyze_audio=0.36s, reset_plc_after_collect=0.04s, reset_plc_before_move=0.03s, reset_plc_before_persist=0.02s, append_result=0.01s, summary_refresh=0.00s, plan_measurement_pose=0.00s, merge_results=0.00s]
2026-08-31 13:55:57,424 INFO [pid=45788 gui-measure_auto dune_tension.tensiometer] Measuring wire 8 at 1058.9319067984566,328.2534678850708 focus=6187
2026-08-31 13:55:58,742 INFO [pid=45788 gui-monitor-tension-logs dune_tension.gui.actions] Updated tension logs for APA-US-013 layer V
2026-08-31 13:55:59,444 INFO [pid=45788 Thread-2912 (_audio_worker) spectrum_analysis.audio_processing] Listening for audio events (RMS trigger)...
2026-08-31 13:55:59,598 INFO [pid=45788 Thread-2912 (_audio_worker) spectrum_analysis.audio_processing] Recording started.
2026-08-31 13:55:59,770 WARNING [pid=45788 Thread-2912 (_audio_worker) spectrum_analysis.audio_processing] Max recording length reached.
2026-08-31 13:56:00,122 INFO [pid=45788 gui-measure_auto dune_tension.tensiometer] Sample of wire 8: measured frequency 3208.10 Hz {'length': 0.047, 'frequency': 3208.1018461045946, 'tension': 14.00884876444173} with confidence 0.00 (amp=0.0000, harm=0.0000)
2026-08-31 13:56:00,122 INFO [pid=45788 gui-measure_auto dune_tension.tensiometer] Optimizer next pose: x=1059.328938769623 y=327.96810115579495 focus=6344
2026-08-31 13:56:00,240 INFO [pid=45788 Thread-2914 (_audio_worker) spectrum_analysis.audio_processing] Listening for audio events (RMS trigger)...
2026-08-31 13:56:00,392 INFO [pid=45788 Thread-2914 (_audio_worker) spectrum_analysis.audio_processing] Recording started.
2026-08-31 13:56:00,559 WARNING [pid=45788 Thread-2914 (_audio_worker) spectrum_analysis.audio_processing] Max recording length reached.
2026-08-31 13:56:00,825 INFO [pid=45788 gui-measure_auto dune_tension.tensiometer] Sample of wire 8: measured frequency 2117.73 Hz {'length': 0.047, 'frequency': 2117.7323111632422, 'tension': 6.104474419930728} with confidence 0.00 (amp=0.0000, harm=0.0000)
2026-08-31 13:56:00,826 INFO [pid=45788 gui-measure_auto dune_tension.tensiometer] Optimizer next pose: x=1055.3455660094914 y=330.8296388044573 focus=6344
2026-08-31 13:56:01,274 INFO [pid=45788 Thread-2916 (_audio_worker) spectrum_analysis.audio_processing] Listening for audio events (RMS trigger)...
2026-08-31 13:56:01,411 INFO [pid=45788 Thread-2916 (_audio_worker) spectrum_analysis.audio_processing] Recording started.
2026-08-31 13:56:01,582 WARNING [pid=45788 Thread-2916 (_audio_worker) spectrum_analysis.audio_processing] Max recording length reached.
2026-08-31 13:56:01,854 INFO [pid=45788 gui-measure_auto dune_tension.tensiometer] Sample of wire 8: measured frequency 2019.16 Hz {'length': 0.047, 'frequency': 2019.1557199943736, 'tension': 5.549396803326685} with confidence 0.00 (amp=0.0000, harm=0.0000)
2026-08-31 13:56:01,855 INFO [pid=45788 gui-measure_auto dune_tension.tensiometer] Optimizer next pose: x=1058.3635602699173 y=328.6604554297762 focus=6344
2026-08-31 13:56:02,250 INFO [pid=45788 Thread-2918 (_audio_worker) spectrum_analysis.audio_processing] Listening for audio events (RMS trigger)...
2026-08-31 13:56:02,392 INFO [pid=45788 Thread-2918 (_audio_worker) spectrum_analysis.audio_processing] Recording started.
2026-08-31 13:56:02,563 WARNING [pid=45788 Thread-2918 (_audio_worker) spectrum_analysis.audio_processing] Max recording length reached.
2026-08-31 13:56:02,824 INFO [pid=45788 gui-measure_auto dune_tension.tensiometer] Sample of wire 8: measured frequency 2074.96 Hz {'length': 0.047, 'frequency': 2074.957783041797, 'tension': 5.860365222964903} with confidence 0.00 (amp=0.0000, harm=0.0000)
2026-08-31 13:56:02,824 INFO [pid=45788 gui-measure_auto dune_tension.tensiometer] Optimizer next pose: x=1059.950479163545 y=327.51985747498134 focus=6344
2026-08-31 13:56:03,730 INFO [pid=45788 Thread-2920 (_audio_worker) spectrum_analysis.audio_processing] Listening for audio events (RMS trigger)...
2026-08-31 13:56:03,885 INFO [pid=45788 Thread-2920 (_audio_worker) spectrum_analysis.audio_processing] Recording started.
2026-08-31 13:56:04,056 WARNING [pid=45788 Thread-2920 (_audio_worker) spectrum_analysis.audio_processing] Max recording length reached.
2026-08-31 13:56:04,349 INFO [pid=45788 gui-measure_auto dune_tension.tensiometer] Sample of wire 8: measured frequency 2125.29 Hz {'length': 0.047, 'frequency': 2125.293715562481, 'tension': 6.148144532741574} with confidence 0.00 (amp=0.0000, harm=0.0000)
2026-08-31 13:56:04,349 INFO [pid=45788 gui-measure_auto dune_tension.tensiometer] Optimizer next pose: x=1052.116685910527 y=333.15039637558806 focus=6344
2026-08-31 13:56:04,627 INFO [pid=45788 Thread-2922 (_audio_worker) spectrum_analysis.audio_processing] Listening for audio events (RMS trigger)...
2026-08-31 13:56:04,760 INFO [pid=45788 Thread-2922 (_audio_worker) spectrum_analysis.audio_processing] Recording started.
2026-08-31 13:56:04,931 WARNING [pid=45788 Thread-2922 (_audio_worker) spectrum_analysis.audio_processing] Max recording length reached.
2026-08-31 13:56:05,216 INFO [pid=45788 gui-measure_auto dune_tension.tensiometer] Sample of wire 8: measured frequency 2149.02 Hz {'length': 0.047, 'frequency': 2149.023142644169, 'tension': 6.2862020690166664} with confidence 0.00 (amp=0.0000, harm=0.0000)
2026-08-31 13:56:05,217 INFO [pid=45788 gui-measure_auto dune_tension.tensiometer] Optimizer next pose: x=1058.4108690386763 y=328.6264522522307 focus=6344
2026-08-31 13:56:06,041 INFO [pid=45788 Thread-2924 (_audio_worker) spectrum_analysis.audio_processing] Listening for audio events (RMS trigger)...
2026-08-31 13:56:06,189 INFO [pid=45788 Thread-2924 (_audio_worker) spectrum_analysis.audio_processing] Recording started.
2026-08-31 13:56:06,361 WARNING [pid=45788 Thread-2924 (_audio_worker) spectrum_analysis.audio_processing] Max recording length reached.
2026-08-31 13:56:06,537 INFO [pid=45788 MainThread dune_tension.gui.app] GUI heartbeat. measurement_active=True active_measurement=measure auto focus=6344 threads=5 vmsize=6181616 kB vmhwm=2307544 kB vmrss=1344224 kB
2026-08-31 13:56:06,637 INFO [pid=45788 gui-measure_auto dune_tension.tensiometer] Sample of wire 8: measured frequency 2028.86 Hz {'length': 0.047, 'frequency': 2028.8550610185068, 'tension': 5.602839706483824} with confidence 0.35 (amp=0.0000, harm=0.0211)
2026-08-31 13:56:06,637 INFO [pid=45788 gui-measure_auto dune_tension.tensiometer] Optimizer next pose: x=1052.2025849714237 y=333.0777578354806 focus=6344
2026-08-31 13:56:07,474 INFO [pid=45788 Thread-2926 (_audio_worker) spectrum_analysis.audio_processing] Listening for audio events (RMS trigger)...
2026-08-31 13:56:07,619 INFO [pid=45788 Thread-2926 (_audio_worker) spectrum_analysis.audio_processing] Recording started.
2026-08-31 13:56:07,790 WARNING [pid=45788 Thread-2926 (_audio_worker) spectrum_analysis.audio_processing] Max recording length reached.
2026-08-31 13:56:08,064 INFO [pid=45788 gui-measure_auto dune_tension.tensiometer] Sample of wire 8: measured frequency 1995.09 Hz {'length': 0.047, 'frequency': 1995.0861884407761, 'tension': 5.417881185016859} with confidence 0.23 (amp=0.0000, harm=0.0000)
2026-08-31 13:56:08,064 INFO [pid=45788 gui-measure_auto dune_tension.tensiometer] Optimizer next pose: x=1049.1318355625983 y=335.2848589730739 focus=6344
2026-08-31 13:56:13,142 INFO [pid=45788 Thread-2928 (_audio_worker) spectrum_analysis.audio_processing] Listening for audio events (RMS trigger)...
2026-08-31 13:56:13,273 INFO [pid=45788 Thread-2928 (_audio_worker) spectrum_analysis.audio_processing] Recording started.
2026-08-31 13:56:13,445 WARNING [pid=45788 Thread-2928 (_audio_worker) spectrum_analysis.audio_processing] Max recording length reached.
2026-08-31 13:56:13,731 INFO [pid=45788 gui-measure_auto dune_tension.tensiometer] Sample of wire 8: measured frequency 2801.19 Hz {'length': 0.047, 'frequency': 2801.189826977712, 'tension': 10.680491368189598} with confidence 0.00 (amp=0.0000, harm=0.0000)
2026-08-31 13:56:13,732 INFO [pid=45788 gui-measure_auto dune_tension.tensiometer] Optimizer next pose: x=1053.047131948171 y=332.4707396959435 focus=6344
2026-08-31 13:56:20,510 INFO [pid=45788 Thread-2930 (_audio_worker) spectrum_analysis.audio_processing] Listening for audio events (RMS trigger)...
2026-08-31 13:56:20,654 INFO [pid=45788 Thread-2930 (_audio_worker) spectrum_analysis.audio_processing] Recording started.
2026-08-31 13:56:20,827 WARNING [pid=45788 Thread-2930 (_audio_worker) spectrum_analysis.audio_processing] Max recording length reached.
2026-08-31 13:56:21,105 INFO [pid=45788 gui-measure_auto dune_tension.tensiometer] Sample of wire 8: measured frequency 2801.29 Hz {'length': 0.047, 'frequency': 2801.290032539767, 'tension': 10.681255517604196} with confidence 0.00 (amp=0.0000, harm=0.0000)
2026-08-31 13:56:21,106 INFO [pid=45788 gui-measure_auto dune_tension.tensiometer] Optimizer next pose: x=1053.765272099974 y=331.9545764618351 focus=6344
2026-08-31 13:56:21,538 INFO [pid=45788 MainThread dune_tension.gui.app] GUI heartbeat. measurement_active=True active_measurement=measure auto focus=6344 threads=5 vmsize=6132396 kB vmhwm=2307544 kB vmrss=1295008 kB
2026-08-31 13:56:23,970 INFO [pid=45788 Thread-2932 (_audio_worker) spectrum_analysis.audio_processing] Listening for audio events (RMS trigger)...
2026-08-31 13:56:24,131 INFO [pid=45788 Thread-2932 (_audio_worker) spectrum_analysis.audio_processing] Recording started.
2026-08-31 13:56:24,304 WARNING [pid=45788 Thread-2932 (_audio_worker) spectrum_analysis.audio_processing] Max recording length reached.
2026-08-31 13:56:24,618 INFO [pid=45788 gui-measure_auto dune_tension.tensiometer] Sample of wire 8: measured frequency 2107.85 Hz {'length': 0.047, 'frequency': 2107.8543388052626, 'tension': 6.0476596868404995} with confidence 0.05 (amp=0.0000, harm=0.0373)
2026-08-31 13:56:24,619 INFO [pid=45788 gui-measure_auto dune_tension.tensiometer] Optimizer next pose: x=1052.010858528508 y=333.21556121632636 focus=6344
2026-08-31 13:56:24,984 INFO [pid=45788 Thread-2934 (_audio_worker) spectrum_analysis.audio_processing] Listening for audio events (RMS trigger)...
2026-08-31 13:56:25,113 INFO [pid=45788 Thread-2934 (_audio_worker) spectrum_analysis.audio_processing] Recording started.
2026-08-31 13:56:25,284 WARNING [pid=45788 Thread-2934 (_audio_worker) spectrum_analysis.audio_processing] Max recording length reached.
2026-08-31 13:56:25,558 INFO [pid=45788 gui-measure_auto dune_tension.tensiometer] Sample of wire 8: measured frequency 2127.17 Hz {'length': 0.047, 'frequency': 2127.1665814820612, 'tension': 6.158985127422015} with confidence 0.00 (amp=0.0000, harm=0.0000)
2026-08-31 13:56:25,558 INFO [pid=45788 gui-measure_auto dune_tension.tensiometer] Optimizer next pose: x=1053.410238353098 y=332.2097569674022 focus=6344
2026-08-31 13:56:25,782 INFO [pid=45788 Thread-2936 (_audio_worker) spectrum_analysis.audio_processing] Listening for audio events (RMS trigger)...
2026-08-31 13:56:25,946 INFO [pid=45788 Thread-2936 (_audio_worker) spectrum_analysis.audio_processing] Recording started.
2026-08-31 13:56:26,116 WARNING [pid=45788 Thread-2936 (_audio_worker) spectrum_analysis.audio_processing] Max recording length reached.
2026-08-31 13:56:26,389 INFO [pid=45788 gui-measure_auto dune_tension.tensiometer] Sample of wire 8: measured frequency 2103.18 Hz {'length': 0.047, 'frequency': 2103.178647021413, 'tension': 6.020859324172116} with confidence 0.00 (amp=0.0000, harm=0.0000)
2026-08-31 13:56:26,389 INFO [pid=45788 gui-measure_auto dune_tension.tensiometer] Optimizer next pose: x=1051.801030847653 y=333.3663748619408 focus=6344
2026-08-31 13:56:27,027 INFO [pid=45788 Thread-2938 (_audio_worker) spectrum_analysis.audio_processing] Listening for audio events (RMS trigger)...
2026-08-31 13:56:27,182 INFO [pid=45788 Thread-2938 (_audio_worker) spectrum_analysis.audio_processing] Recording started.
2026-08-31 13:56:27,353 WARNING [pid=45788 Thread-2938 (_audio_worker) spectrum_analysis.audio_processing] Max recording length reached.
2026-08-31 13:56:27,629 INFO [pid=45788 gui-measure_auto dune_tension.tensiometer] Sample of wire 8: measured frequency 2036.78 Hz {'length': 0.047, 'frequency': 2036.7780557448789, 'tension': 5.6466850729757425} with confidence 0.14 (amp=0.0000, harm=0.0000)
2026-08-31 13:56:27,629 INFO [pid=45788 gui-measure_auto dune_tension.tensiometer] Optimizer next pose: x=1053.2044956022512 y=332.35763456957335 focus=6344
2026-08-31 13:56:27,860 INFO [pid=45788 Thread-2940 (_audio_worker) spectrum_analysis.audio_processing] Listening for audio events (RMS trigger)...
2026-08-31 13:56:27,995 INFO [pid=45788 Thread-2940 (_audio_worker) spectrum_analysis.audio_processing] Recording started.
2026-08-31 13:56:28,164 WARNING [pid=45788 Thread-2940 (_audio_worker) spectrum_analysis.audio_processing] Max recording length reached.
2026-08-31 13:56:28,461 INFO [pid=45788 gui-measure_auto dune_tension.tensiometer] Sample of wire 8: measured frequency 2072.60 Hz {'length': 0.047, 'frequency': 2072.5966335225767, 'tension': 5.847035481238109} with confidence 0.15 (amp=0.0000, harm=0.0000)
2026-08-31 13:56:28,462 INFO [pid=45788 gui-measure_auto dune_tension.tensiometer] Optimizer next pose: x=1050.7086241306768 y=334.1515421897675 focus=6344
2026-08-31 13:56:28,950 INFO [pid=45788 Thread-2942 (_audio_worker) spectrum_analysis.audio_processing] Listening for audio events (RMS trigger)...
2026-08-31 13:56:29,102 INFO [pid=45788 Thread-2942 (_audio_worker) spectrum_analysis.audio_processing] Recording started.
2026-08-31 13:56:29,273 WARNING [pid=45788 Thread-2942 (_audio_worker) spectrum_analysis.audio_processing] Max recording length reached.
2026-08-31 13:56:29,540 INFO [pid=45788 gui-measure_auto dune_tension.tensiometer] Sample of wire 8: measured frequency 2049.38 Hz {'length': 0.047, 'frequency': 2049.380611717803, 'tension': 5.716778938963876} with confidence 0.08 (amp=0.0000, harm=0.0000)
2026-08-31 13:56:29,540 INFO [pid=45788 gui-measure_auto dune_tension.tensiometer] Optimizer next pose: x=1049.1776594104606 y=335.2519230824229 focus=6344
2026-08-31 13:56:35,460 INFO [pid=45788 Thread-2944 (_audio_worker) spectrum_analysis.audio_processing] Listening for audio events (RMS trigger)...
2026-08-31 13:56:35,609 INFO [pid=45788 Thread-2944 (_audio_worker) spectrum_analysis.audio_processing] Recording started.
2026-08-31 13:56:35,781 WARNING [pid=45788 Thread-2944 (_audio_worker) spectrum_analysis.audio_processing] Max recording length reached.
2026-08-31 13:56:36,056 INFO [pid=45788 gui-measure_auto dune_tension.tensiometer] Sample of wire 8: measured frequency 1869.39 Hz {'length': 0.047, 'frequency': 1869.3926239495663, 'tension': 4.756715773881279} with confidence 0.00 (amp=0.0000, harm=0.0000)
2026-08-31 13:56:36,056 INFO [pid=45788 gui-measure_auto dune_tension.tensiometer] Optimizer next pose: x=1052.9108919337905 y=332.5686622062795 focus=6344
2026-08-31 13:56:36,539 INFO [pid=45788 MainThread dune_tension.gui.app] GUI heartbeat. measurement_active=True active_measurement=measure auto focus=6344 threads=5 vmsize=6132396 kB vmhwm=2307544 kB vmrss=1301264 kB
2026-08-31 13:56:42,853 INFO [pid=45788 Thread-2946 (_audio_worker) spectrum_analysis.audio_processing] Listening for audio events (RMS trigger)...
2026-08-31 13:56:43,012 INFO [pid=45788 Thread-2946 (_audio_worker) spectrum_analysis.audio_processing] Recording started.
2026-08-31 13:56:43,184 WARNING [pid=45788 Thread-2946 (_audio_worker) spectrum_analysis.audio_processing] Max recording length reached.
2026-08-31 13:56:43,475 INFO [pid=45788 gui-measure_auto dune_tension.tensiometer] Sample of wire 8: measured frequency 2803.38 Hz {'length': 0.047, 'frequency': 2803.3799914396755, 'tension': 10.697199395016048} with confidence 0.00 (amp=0.0000, harm=0.0000)
2026-08-31 13:56:43,481 INFO [pid=45788 gui-measure_auto dune_tension.tensiometer] Optimizer next pose: x=1051.9683510570262 y=333.24611346145383 focus=6344
2026-08-31 13:56:46,129 INFO [pid=45788 Thread-2948 (_audio_worker) spectrum_analysis.audio_processing] Listening for audio events (RMS trigger)...
2026-08-31 13:56:46,276 INFO [pid=45788 Thread-2948 (_audio_worker) spectrum_analysis.audio_processing] Recording started.
2026-08-31 13:56:46,448 WARNING [pid=45788 Thread-2948 (_audio_worker) spectrum_analysis.audio_processing] Max recording length reached.
2026-08-31 13:56:46,762 INFO [pid=45788 gui-measure_auto dune_tension.tensiometer] Sample of wire 8: measured frequency 1988.21 Hz {'length': 0.047, 'frequency': 1988.2095984748091, 'tension': 5.380597241738605} with confidence 1.00 (amp=0.0000, harm=0.0000)
2026-08-31 13:56:47,072 INFO [pid=45788 gui-measure_auto dune_tension.tensiometer] Result: wire 8 length 47.0 mm tension 5.4 N frequency 1988.2 Hz confidence 1.00 at 1052.91162109375,332.5549011230469 focus 6344. Took 47.67 seconds.
2026-08-31 13:56:47,089 INFO [pid=45788 gui-measure_auto dune_tension.tensiometer] Timing profile for list wire 8: total=49.66s stages=[wire_total_wall=49.66s, collect_samples=47.36s, optimizer_move=35.02s, acquire_audio=9.93s, strum=9.93s, wait_for_audio_trigger=3.36s, move_to_measurement_pose=1.96s, analyze_audio=1.90s, reset_plc_after_collect=0.31s, reset_plc_before_move=0.01s, reset_plc_before_persist=0.01s, append_result=0.01s, summary_refresh=0.00s, plan_measurement_pose=0.00s, merge_results=0.00s]
2026-08-31 13:56:47,089 INFO [pid=45788 gui-measure_auto dune_tension.tensiometer] Measuring wire 153 at 1635.0,747.4608999187492 focus=6278
2026-08-31 13:56:48,335 INFO [pid=45788 gui-monitor-tension-logs dune_tension.gui.actions] Updated tension logs for APA-US-013 layer V
2026-08-31 13:56:51,540 INFO [pid=45788 MainThread dune_tension.gui.app] GUI heartbeat. measurement_active=True active_measurement=measure auto focus=6344 threads=5 vmsize=6181616 kB vmhwm=2307544 kB vmrss=1354228 kB
2026-08-31 13:56:51,700 INFO [pid=45788 Thread-2952 (_audio_worker) spectrum_analysis.audio_processing] Listening for audio events (RMS trigger)...
2026-08-31 13:56:51,844 INFO [pid=45788 Thread-2952 (_audio_worker) spectrum_analysis.audio_processing] Recording started.
2026-08-31 13:56:52,017 WARNING [pid=45788 Thread-2952 (_audio_worker) spectrum_analysis.audio_processing] Max recording length reached.
2026-08-31 13:56:52,830 INFO [pid=45788 gui-measure_auto dune_tension.tensiometer] Sample of wire 153: measured frequency 65.56 Hz {'length': 1.4317, 'frequency': 65.56199264526367, 'tension': 5.428986678205681} with confidence 1.00 (amp=0.0000, harm=0.0000)
2026-08-31 13:56:52,868 INFO [pid=45788 gui-measure_auto dune_tension.tensiometer] Result: wire 153 length 1431.7 mm tension 5.4 N frequency 65.6 Hz confidence 1.00 at 1635.399658203125,747.4586791992188 focus 6344. Took 1.21 seconds.
2026-08-31 13:56:52,966 INFO [pid=45788 gui-measure_auto dune_tension.tensiometer] Timing profile for list wire 153: total=5.88s stages=[wire_total_wall=5.88s, move_to_measurement_pose=4.55s, collect_samples=1.17s, analyze_audio=0.60s, acquire_audio=0.52s, strum=0.52s, wait_for_audio_trigger=0.17s, append_result=0.08s, reset_plc_after_collect=0.04s, reset_plc_before_persist=0.02s, reset_plc_before_move=0.02s, summary_refresh=0.00s, plan_measurement_pose=0.00s, merge_results=0.00s]
2026-08-31 13:56:52,970 INFO [pid=45788 gui-measure_auto dune_tension.tensiometer] Measuring wire 154 at 1635.0,753.1970352815491 focus=6279
2026-08-31 13:56:54,522 INFO [pid=45788 gui-monitor-tension-logs dune_tension.gui.actions] Updated tension logs for APA-US-013 layer V
2026-08-31 13:56:54,865 INFO [pid=45788 Thread-2956 (_audio_worker) spectrum_analysis.audio_processing] Listening for audio events (RMS trigger)...
2026-08-31 13:56:55,023 INFO [pid=45788 Thread-2956 (_audio_worker) spectrum_analysis.audio_processing] Recording started.
2026-08-31 13:56:55,195 WARNING [pid=45788 Thread-2956 (_audio_worker) spectrum_analysis.audio_processing] Max recording length reached.
2026-08-31 13:56:55,458 INFO [pid=45788 gui-measure_auto dune_tension.tensiometer] Sample of wire 154: measured frequency 62.43 Hz {'length': 1.4317, 'frequency': 62.42750072479248, 'tension': 4.922280778184175} with confidence 1.00 (amp=0.0000, harm=0.3678)
2026-08-31 13:56:55,503 INFO [pid=45788 gui-measure_auto dune_tension.tensiometer] Result: wire 154 length 1431.7 mm tension 4.9 N frequency 62.4 Hz confidence 1.00 at 1635.39990234375,753.19921875 focus 6344. Took 0.76 seconds.
2026-08-31 13:56:55,658 INFO [pid=45788 gui-measure_auto dune_tension.tensiometer] Timing profile for list wire 154: total=2.68s stages=[wire_total_wall=2.68s, move_to_measurement_pose=1.73s, collect_samples=0.71s, acquire_audio=0.62s, strum=0.62s, wait_for_audio_trigger=0.27s, reset_plc_before_persist=0.15s, analyze_audio=0.08s, reset_plc_after_collect=0.04s, reset_plc_before_move=0.04s, append_result=0.00s, summary_refresh=0.00s, plan_measurement_pose=0.00s, merge_results=0.00s]
2026-08-31 13:56:55,659 INFO [pid=45788 gui-measure_auto dune_tension.tensiometer] Measuring wire 155 at 1635.0,758.9330860955076 focus=6280
2026-08-31 13:56:57,121 INFO [pid=45788 Thread-2959 (_audio_worker) spectrum_analysis.audio_processing] Listening for audio events (RMS trigger)...
2026-08-31 13:56:57,283 INFO [pid=45788 Thread-2959 (_audio_worker) spectrum_analysis.audio_processing] Recording started.
2026-08-31 13:56:57,447 INFO [pid=45788 gui-monitor-tension-logs dune_tension.gui.actions] Updated tension logs for APA-US-013 layer V
2026-08-31 13:56:57,455 WARNING [pid=45788 Thread-2959 (_audio_worker) spectrum_analysis.audio_processing] Max recording length reached.
2026-08-31 13:56:57,839 INFO [pid=45788 gui-measure_auto dune_tension.tensiometer] Sample of wire 155: measured frequency 66.60 Hz {'length': 1.4317, 'frequency': 66.60244655609131, 'tension': 5.602667534224296} with confidence 1.00 (amp=0.0000, harm=0.0000)
2026-08-31 13:56:57,863 INFO [pid=45788 gui-measure_auto dune_tension.tensiometer] Result: wire 155 length 1431.7 mm tension 5.6 N frequency 66.6 Hz confidence 1.00 at 1635.0003662109375,758.9365844726562 focus 6344. Took 0.76 seconds.
2026-08-31 13:56:58,092 INFO [pid=45788 gui-measure_auto dune_tension.tensiometer] Timing profile for list wire 155: total=2.43s stages=[wire_total_wall=2.43s, move_to_measurement_pose=1.42s, collect_samples=0.74s, acquire_audio=0.53s, strum=0.53s, reset_plc_before_persist=0.20s, analyze_audio=0.19s, wait_for_audio_trigger=0.18s, append_result=0.03s, reset_plc_after_collect=0.02s, reset_plc_before_move=0.02s, summary_refresh=0.00s, plan_measurement_pose=0.00s, merge_results=0.00s]
2026-08-31 13:56:58,098 INFO [pid=45788 gui-measure_auto dune_tension.tensiometer] Measuring wire 156 at 1635.0,764.6690536041583 focus=6281
2026-08-31 13:56:59,295 INFO [pid=45788 Thread-2963 (_audio_worker) spectrum_analysis.audio_processing] Listening for audio events (RMS trigger)...
2026-08-31 13:56:59,404 INFO [pid=45788 gui-monitor-tension-logs dune_tension.gui.actions] Updated tension logs for APA-US-013 layer V
2026-08-31 13:56:59,453 INFO [pid=45788 Thread-2963 (_audio_worker) spectrum_analysis.audio_processing] Recording started.
2026-08-31 13:56:59,611 WARNING [pid=45788 Thread-2963 (_audio_worker) spectrum_analysis.audio_processing] Max recording length reached.
2026-08-31 13:56:59,921 INFO [pid=45788 gui-measure_auto dune_tension.tensiometer] Sample of wire 156: measured frequency 65.27 Hz {'length': 1.4317, 'frequency': 65.27059631347656, 'tension': 5.3808346591339316} with confidence 1.00 (amp=0.0000, harm=0.0000)
2026-08-31 13:56:59,942 INFO [pid=45788 gui-measure_auto dune_tension.tensiometer] Result: wire 156 length 1431.7 mm tension 5.4 N frequency 65.3 Hz confidence 1.00 at 1634.99951171875,764.6669921875 focus 6344. Took 0.67 seconds.
2026-08-31 13:56:59,963 INFO [pid=45788 gui-measure_auto dune_tension.tensiometer] Timing profile for list wire 156: total=1.86s stages=[wire_total_wall=1.86s, move_to_measurement_pose=1.15s, collect_samples=0.65s, acquire_audio=0.51s, strum=0.51s, wait_for_audio_trigger=0.17s, analyze_audio=0.13s, reset_plc_before_move=0.02s, reset_plc_after_collect=0.02s, reset_plc_before_persist=0.02s, append_result=0.00s, summary_refresh=0.00s, plan_measurement_pose=0.00s, merge_results=0.00s]
2026-08-31 13:56:59,963 INFO [pid=45788 gui-measure_auto dune_tension.tensiometer] Measuring wire 157 at 1635.0,770.4049390267697 focus=6283
2026-08-31 13:57:01,226 INFO [pid=45788 Thread-2967 (_audio_worker) spectrum_analysis.audio_processing] Listening for audio events (RMS trigger)...
2026-08-31 13:57:01,379 INFO [pid=45788 Thread-2967 (_audio_worker) spectrum_analysis.audio_processing] Recording started.
2026-08-31 13:57:01,551 WARNING [pid=45788 Thread-2967 (_audio_worker) spectrum_analysis.audio_processing] Max recording length reached.
2026-08-31 13:57:01,797 INFO [pid=45788 gui-measure_auto dune_tension.tensiometer] Sample of wire 157: measured frequency 64.00 Hz {'length': 1.4317, 'frequency': 64.00412368774414, 'tension': 5.174047341653412} with confidence 1.00 (amp=0.0000, harm=0.0000)
2026-08-31 13:57:01,805 INFO [pid=45788 gui-measure_auto dune_tension.tensiometer] Result: wire 157 length 1431.7 mm tension 5.2 N frequency 64.0 Hz confidence 1.00 at 1635.400634765625,770.401611328125 focus 6344. Took 0.61 seconds.
2026-08-31 13:57:01,816 INFO [pid=45788 gui-measure_auto dune_tension.tensiometer] Timing profile for list wire 157: total=1.85s stages=[wire_total_wall=1.85s, move_to_measurement_pose=1.22s, collect_samples=0.60s, acquire_audio=0.52s, strum=0.52s, wait_for_audio_trigger=0.17s, analyze_audio=0.07s, reset_plc_before_move=0.01s, reset_plc_after_collect=0.01s, reset_plc_before_persist=0.01s, append_result=0.00s, summary_refresh=0.00s, plan_measurement_pose=0.00s, merge_results=0.00s]
2026-08-31 13:57:01,816 INFO [pid=45788 gui-measure_auto dune_tension.tensiometer] Measuring wire 158 at 1635.0,776.1407435589296 focus=6284
2026-08-31 13:57:02,729 WARNING [pid=45788 MainThread dune_tension.gui.live_plots] summary canvas.draw skipped: figure lock busy (>2.0s)
2026-08-31 13:57:03,078 INFO [pid=45788 Thread-2970 (_audio_worker) spectrum_analysis.audio_processing] Listening for audio events (RMS trigger)...
2026-08-31 13:57:03,235 INFO [pid=45788 Thread-2970 (_audio_worker) spectrum_analysis.audio_processing] Recording started.
2026-08-31 13:57:03,406 WARNING [pid=45788 Thread-2970 (_audio_worker) spectrum_analysis.audio_processing] Max recording length reached.
2026-08-31 13:57:03,660 INFO [pid=45788 gui-measure_auto dune_tension.tensiometer] Sample of wire 158: measured frequency 32.41 Hz {'length': 1.4317, 'frequency': 32.41124420166015, 'tension': 1.3268013127930527} with confidence 0.00 (amp=0.0000, harm=0.0000)
2026-08-31 13:57:03,661 INFO [pid=45788 gui-measure_auto dune_tension.tensiometer] Optimizer next pose: x=1640.9205944236323 y=771.8853163169438 focus=6344
2026-08-31 13:57:03,700 INFO [pid=45788 gui-monitor-tension-logs dune_tension.gui.actions] Updated tension logs for APA-US-013 layer V
2026-08-31 13:57:03,838 INFO [pid=45788 Thread-2971 (_audio_worker) spectrum_analysis.audio_processing] Listening for audio events (RMS trigger)...
2026-08-31 13:57:03,985 INFO [pid=45788 Thread-2971 (_audio_worker) spectrum_analysis.audio_processing] Recording started.
2026-08-31 13:57:04,155 WARNING [pid=45788 Thread-2971 (_audio_worker) spectrum_analysis.audio_processing] Max recording length reached.
2026-08-31 13:57:04,551 INFO [pid=45788 gui-measure_auto dune_tension.tensiometer] Sample of wire 158: measured frequency 65.02 Hz {'length': 1.4317, 'frequency': 65.01653099060059, 'tension': 5.339026467060236} with confidence 1.00 (amp=0.0000, harm=0.3437)
2026-08-31 13:57:04,578 INFO [pid=45788 gui-measure_auto dune_tension.tensiometer] Result: wire 158 length 1431.7 mm tension 5.3 N frequency 65.0 Hz confidence 1.00 at 1635.400634765625,776.1414184570312 focus 6344. Took 1.65 seconds.
2026-08-31 13:57:04,711 INFO [pid=45788 gui-measure_auto dune_tension.tensiometer] Timing profile for list wire 158: total=2.89s stages=[wire_total_wall=2.89s, collect_samples=1.63s, acquire_audio=1.11s, strum=1.11s, move_to_measurement_pose=1.10s, wait_for_audio_trigger=0.42s, analyze_audio=0.26s, append_result=0.11s, optimizer_move=0.07s, reset_plc_after_collect=0.02s, reset_plc_before_persist=0.02s, reset_plc_before_move=0.01s, summary_refresh=0.00s, plan_measurement_pose=0.00s, merge_results=0.00s]
2026-08-31 13:57:04,713 INFO [pid=45788 gui-measure_auto dune_tension.tensiometer] Measuring wire 159 at 1635.0,781.876468373121 focus=6285
2026-08-31 13:57:06,541 INFO [pid=45788 MainThread dune_tension.gui.app] GUI heartbeat. measurement_active=True active_measurement=measure auto focus=6344 threads=6 vmsize=6496080 kB vmhwm=2307544 kB vmrss=1663032 kB
2026-08-31 13:57:06,790 INFO [pid=45788 gui-monitor-tension-logs dune_tension.gui.actions] Updated tension logs for APA-US-013 layer V
2026-08-31 13:57:07,132 INFO [pid=45788 Thread-2977 (_audio_worker) spectrum_analysis.audio_processing] Listening for audio events (RMS trigger)...
2026-08-31 13:57:07,270 INFO [pid=45788 Thread-2977 (_audio_worker) spectrum_analysis.audio_processing] Recording started.
2026-08-31 13:57:07,440 WARNING [pid=45788 Thread-2977 (_audio_worker) spectrum_analysis.audio_processing] Max recording length reached.
2026-08-31 13:57:07,698 INFO [pid=45788 gui-measure_auto dune_tension.tensiometer] Sample of wire 159: measured frequency 65.02 Hz {'length': 1.4317, 'frequency': 65.01642316469277, 'tension': 5.3390087581825245} with confidence 0.94 (amp=0.0000, harm=0.0000)
2026-08-31 13:57:07,742 INFO [pid=45788 gui-measure_auto dune_tension.tensiometer] Result: wire 159 length 1431.7 mm tension 5.3 N frequency 65.0 Hz confidence 0.94 at 1634.998779296875,781.8759155273438 focus 6344. Took 0.77 seconds.
2026-08-31 13:57:07,756 INFO [pid=45788 gui-measure_auto dune_tension.tensiometer] Timing profile for list wire 159: total=3.04s stages=[wire_total_wall=3.04s, move_to_measurement_pose=2.24s, collect_samples=0.73s, acquire_audio=0.51s, strum=0.51s, wait_for_audio_trigger=0.17s, analyze_audio=0.08s, reset_plc_after_collect=0.04s, reset_plc_before_move=0.02s, reset_plc_before_persist=0.01s, append_result=0.00s, plan_measurement_pose=0.00s, summary_refresh=0.00s, merge_results=0.00s]
2026-08-31 13:57:07,757 INFO [pid=45788 gui-measure_auto dune_tension.tensiometer] Measuring wire 160 at 1635.0,787.6121146192752 focus=6286
2026-08-31 13:57:08,794 INFO [pid=45788 Thread-2980 (_audio_worker) spectrum_analysis.audio_processing] Listening for audio events (RMS trigger)...
2026-08-31 13:57:08,961 INFO [pid=45788 Thread-2980 (_audio_worker) spectrum_analysis.audio_processing] Recording started.
2026-08-31 13:57:09,127 WARNING [pid=45788 Thread-2980 (_audio_worker) spectrum_analysis.audio_processing] Max recording length reached.
2026-08-31 13:57:09,379 INFO [pid=45788 gui-measure_auto dune_tension.tensiometer] Sample of wire 160: measured frequency 64.71 Hz {'length': 1.4317, 'frequency': 64.71085691452026, 'tension': 5.288941802640822} with confidence 1.00 (amp=0.0000, harm=0.0000)
2026-08-31 13:57:09,393 INFO [pid=45788 gui-measure_auto dune_tension.tensiometer] Result: wire 160 length 1431.7 mm tension 5.3 N frequency 64.7 Hz confidence 1.00 at 1635.4010009765625,787.6270751953125 focus 6344. Took 0.63 seconds.
2026-08-31 13:57:09,406 INFO [pid=45788 gui-measure_auto dune_tension.tensiometer] Timing profile for list wire 160: total=1.65s stages=[wire_total_wall=1.65s, move_to_measurement_pose=0.99s, collect_samples=0.61s, acquire_audio=0.53s, strum=0.53s, wait_for_audio_trigger=0.19s, analyze_audio=0.08s, reset_plc_before_move=0.02s, reset_plc_after_collect=0.01s, reset_plc_before_persist=0.01s, append_result=0.00s, summary_refresh=0.00s, plan_measurement_pose=0.00s, merge_results=0.00s]
2026-08-31 13:57:09,406 INFO [pid=45788 gui-measure_auto dune_tension.tensiometer] Measuring wire 161 at 1635.0,793.3476834253122 focus=6288
2026-08-31 13:57:09,735 INFO [pid=45788 gui-monitor-tension-logs dune_tension.gui.actions] Updated tension logs for APA-US-013 layer V
2026-08-31 13:57:10,500 INFO [pid=45788 Thread-2984 (_audio_worker) spectrum_analysis.audio_processing] Listening for audio events (RMS trigger)...
2026-08-31 13:57:10,664 INFO [pid=45788 Thread-2984 (_audio_worker) spectrum_analysis.audio_processing] Recording started.
2026-08-31 13:57:10,832 WARNING [pid=45788 Thread-2984 (_audio_worker) spectrum_analysis.audio_processing] Max recording length reached.
2026-08-31 13:57:11,122 INFO [pid=45788 gui-measure_auto dune_tension.tensiometer] Sample of wire 161: measured frequency 48.87 Hz {'length': 1.4317, 'frequency': 48.874512724242976, 'tension': 3.0170281864164994} with confidence 0.00 (amp=0.0000, harm=0.0000)
2026-08-31 13:57:11,122 INFO [pid=45788 gui-measure_auto dune_tension.tensiometer] Optimizer next pose: x=1648.4995282636587 y=783.6379695231418 focus=6344
2026-08-31 13:57:11,282 INFO [pid=45788 Thread-2986 (_audio_worker) spectrum_analysis.audio_processing] Listening for audio events (RMS trigger)...
2026-08-31 13:57:11,435 INFO [pid=45788 Thread-2986 (_audio_worker) spectrum_analysis.audio_processing] Recording started.
2026-08-31 13:57:11,599 WARNING [pid=45788 Thread-2986 (_audio_worker) spectrum_analysis.audio_processing] Max recording length reached.
2026-08-31 13:57:11,860 INFO [pid=45788 gui-measure_auto dune_tension.tensiometer] Sample of wire 161: measured frequency 40.98 Hz {'length': 1.4317, 'frequency': 40.980732184162214, 'tension': 2.1211623672312494} with confidence 0.17 (amp=0.0000, harm=0.0000)
2026-08-31 13:57:11,860 INFO [pid=45788 gui-measure_auto dune_tension.tensiometer] Optimizer next pose: x=1631.6545973099262 y=795.7529273729436 focus=6344
2026-08-31 13:57:12,598 INFO [pid=45788 Thread-2988 (_audio_worker) spectrum_analysis.audio_processing] Listening for audio events (RMS trigger)...
2026-08-31 13:57:12,729 INFO [pid=45788 Thread-2988 (_audio_worker) spectrum_analysis.audio_processing] Recording started.
2026-08-31 13:57:12,900 WARNING [pid=45788 Thread-2988 (_audio_worker) spectrum_analysis.audio_processing] Max recording length reached.
2026-08-31 13:57:13,153 INFO [pid=45788 gui-measure_auto dune_tension.tensiometer] Sample of wire 161: measured frequency 66.36 Hz {'length': 1.4317, 'frequency': 66.36181335449218, 'tension': 5.562256035575619} with confidence 1.00 (amp=0.0000, harm=0.0000)
2026-08-31 13:57:13,371 INFO [pid=45788 gui-measure_auto dune_tension.tensiometer] Result: wire 161 length 1431.7 mm tension 5.6 N frequency 66.4 Hz confidence 1.00 at 1648.89892578125,783.63037109375 focus 6344. Took 2.90 seconds.
2026-08-31 13:57:13,386 WARNING [pid=45788 gui-measure_auto dune_tension.tensiometer] Wire 161 tension 5.56 N flagged as an outlier versus nearby wires; remeasuring and keeping only the second measurement.
2026-08-31 13:57:14,870 INFO [pid=45788 gui-monitor-tension-logs dune_tension.gui.actions] Updated tension logs for APA-US-013 layer V
2026-08-31 13:57:15,352 INFO [pid=45788 Thread-2992 (_audio_worker) spectrum_analysis.audio_processing] Listening for audio events (RMS trigger)...
2026-08-31 13:57:15,504 INFO [pid=45788 Thread-2992 (_audio_worker) spectrum_analysis.audio_processing] Recording started.
2026-08-31 13:57:15,676 WARNING [pid=45788 Thread-2992 (_audio_worker) spectrum_analysis.audio_processing] Max recording length reached.
2026-08-31 13:57:15,936 INFO [pid=45788 gui-measure_auto dune_tension.tensiometer] Sample of wire 161: measured frequency 66.47 Hz {'length': 1.4317, 'frequency': 66.47393035888672, 'tension': 5.581066560869062} with confidence 1.00 (amp=0.0000, harm=0.0000)
2026-08-31 13:57:15,947 INFO [pid=45788 gui-measure_auto dune_tension.tensiometer] Result: wire 161 length 1431.7 mm tension 5.6 N frequency 66.5 Hz confidence 1.00 at 1635.3997802734375,793.3489990234375 focus 6344. Took 0.64 seconds.
2026-08-31 13:57:15,974 INFO [pid=45788 gui-measure_auto dune_tension.tensiometer] Timing profile for list wire 161: total=6.57s stages=[wire_total_wall=6.57s, collect_samples=3.32s, move_to_measurement_pose=2.96s, acquire_audio=2.15s, strum=2.15s, wait_for_audio_trigger=0.80s, optimizer_move=0.75s, analyze_audio=0.31s, reset_plc_after_collect=0.23s, reset_plc_before_persist=0.03s, reset_plc_before_move=0.02s, append_result=0.02s, summary_refresh=0.00s, plan_measurement_pose=0.00s, merge_results=0.00s]
2026-08-31 13:57:15,974 INFO [pid=45788 gui-measure_auto dune_tension.tensiometer] Measuring wire 162 at 1635.0,799.0831758976672 focus=6289
2026-08-31 13:57:17,232 INFO [pid=45788 Thread-2995 (_audio_worker) spectrum_analysis.audio_processing] Listening for audio events (RMS trigger)...
2026-08-31 13:57:17,380 INFO [pid=45788 Thread-2995 (_audio_worker) spectrum_analysis.audio_processing] Recording started.
2026-08-31 13:57:17,551 WARNING [pid=45788 Thread-2995 (_audio_worker) spectrum_analysis.audio_processing] Max recording length reached.
2026-08-31 13:57:17,678 INFO [pid=45788 gui-monitor-tension-logs dune_tension.gui.actions] Updated tension logs for APA-US-013 layer V
2026-08-31 13:57:17,811 INFO [pid=45788 gui-measure_auto dune_tension.tensiometer] Sample of wire 162: measured frequency 65.28 Hz {'length': 1.4317, 'frequency': 65.28404682165835, 'tension': 5.383052577215232} with confidence 1.00 (amp=0.0000, harm=0.0000)
2026-08-31 13:57:17,853 INFO [pid=45788 gui-measure_auto dune_tension.tensiometer] Result: wire 162 length 1431.7 mm tension 5.4 N frequency 65.3 Hz confidence 1.00 at 1634.9998779296875,799.05859375 focus 6344. Took 0.65 seconds.
2026-08-31 13:57:17,890 INFO [pid=45788 gui-measure_auto dune_tension.tensiometer] Timing profile for list wire 162: total=1.92s stages=[wire_total_wall=1.92s, move_to_measurement_pose=1.22s, collect_samples=0.61s, acquire_audio=0.51s, strum=0.51s, wait_for_audio_trigger=0.16s, analyze_audio=0.08s, reset_plc_after_collect=0.04s, reset_plc_before_move=0.02s, reset_plc_before_persist=0.01s, summary_refresh=0.01s, append_result=0.01s, plan_measurement_pose=0.00s, merge_results=0.00s]
2026-08-31 13:57:17,890 INFO [pid=45788 gui-measure_auto dune_tension.tensiometer] Measuring wire 163 at 1635.0,804.8185931217945 focus=6290
2026-08-31 13:57:18,978 INFO [pid=45788 Thread-2999 (_audio_worker) spectrum_analysis.audio_processing] Listening for audio events (RMS trigger)...
2026-08-31 13:57:19,161 INFO [pid=45788 Thread-2999 (_audio_worker) spectrum_analysis.audio_processing] Recording started.
2026-08-31 13:57:19,304 WARNING [pid=45788 Thread-2999 (_audio_worker) spectrum_analysis.audio_processing] Max recording length reached.
2026-08-31 13:57:19,569 INFO [pid=45788 gui-measure_auto dune_tension.tensiometer] Sample of wire 163: measured frequency 26.09 Hz {'length': 1.4317, 'frequency': 26.08854809257546, 'tension': 0.8596354294210454} with confidence 0.59 (amp=0.0000, harm=0.0000)
2026-08-31 13:57:19,569 INFO [pid=45788 gui-measure_auto dune_tension.tensiometer] Optimizer next pose: x=1639.5257704968562 y=801.5656955771791 focus=6344
2026-08-31 13:57:19,634 INFO [pid=45788 Thread-3001 (_audio_worker) spectrum_analysis.audio_processing] Listening for audio events (RMS trigger)...
2026-08-31 13:57:19,769 INFO [pid=45788 Thread-3001 (_audio_worker) spectrum_analysis.audio_processing] Recording started.
2026-08-31 13:57:19,940 WARNING [pid=45788 Thread-3001 (_audio_worker) spectrum_analysis.audio_processing] Max recording length reached.
2026-08-31 13:57:19,997 INFO [pid=45788 gui-monitor-tension-logs dune_tension.gui.actions] Updated tension logs for APA-US-013 layer V
2026-08-31 13:57:20,360 INFO [pid=45788 gui-measure_auto dune_tension.tensiometer] Sample of wire 163: measured frequency 12.95 Hz {'length': 1.4317, 'frequency': 12.95325329146589, 'tension': 0.21192012542932215} with confidence 0.21 (amp=0.0000, harm=0.0000)
2026-08-31 13:57:20,361 INFO [pid=45788 gui-measure_auto dune_tension.tensiometer] Optimizer next pose: x=1633.71257489854 y=805.743929913469 focus=6344
2026-08-31 13:57:20,642 INFO [pid=45788 Thread-3004 (_audio_worker) spectrum_analysis.audio_processing] Listening for audio events (RMS trigger)...
2026-08-31 13:57:20,877 INFO [pid=45788 Thread-3004 (_audio_worker) spectrum_analysis.audio_processing] Recording started.
2026-08-31 13:57:20,965 WARNING [pid=45788 Thread-3004 (_audio_worker) spectrum_analysis.audio_processing] Max recording length reached.
2026-08-31 13:57:21,249 INFO [pid=45788 gui-measure_auto dune_tension.tensiometer] Sample of wire 163: measured frequency 65.82 Hz {'length': 1.4317, 'frequency': 65.82063729422433, 'tension': 5.471906304847466} with confidence 1.00 (amp=0.0000, harm=0.3593)
2026-08-31 13:57:21,298 INFO [pid=45788 gui-measure_auto dune_tension.tensiometer] Result: wire 163 length 1431.7 mm tension 5.5 N frequency 65.8 Hz confidence 1.00 at 1639.9302978515625,801.5612182617188 focus 6344. Took 2.36 seconds.
2026-08-31 13:57:21,358 INFO [pid=45788 gui-measure_auto dune_tension.tensiometer] Timing profile for list wire 163: total=3.47s stages=[wire_total_wall=3.47s, collect_samples=2.31s, strum=1.67s, acquire_audio=1.67s, move_to_measurement_pose=1.03s, wait_for_audio_trigger=0.69s, analyze_audio=0.37s, optimizer_move=0.22s, reset_plc_after_collect=0.05s, reset_plc_before_persist=0.02s, reset_plc_before_move=0.02s, append_result=0.01s, summary_refresh=0.00s, plan_measurement_pose=0.00s, merge_results=0.00s]
2026-08-31 13:57:21,359 INFO [pid=45788 gui-measure_auto dune_tension.tensiometer] Measuring wire 164 at 1635.0,810.5539361626675 focus=6291
2026-08-31 13:57:21,702 INFO [pid=45788 MainThread dune_tension.gui.app] GUI heartbeat. measurement_active=True active_measurement=measure auto focus=6344 threads=5 vmsize=6446844 kB vmhwm=2307544 kB vmrss=1614040 kB
2026-08-31 13:57:22,889 INFO [pid=45788 Thread-3007 (_audio_worker) spectrum_analysis.audio_processing] Listening for audio events (RMS trigger)...
2026-08-31 13:57:23,054 INFO [pid=45788 Thread-3007 (_audio_worker) spectrum_analysis.audio_processing] Recording started.
2026-08-31 13:57:23,186 INFO [pid=45788 gui-monitor-tension-logs dune_tension.gui.actions] Updated tension logs for APA-US-013 layer V
2026-08-31 13:57:23,226 WARNING [pid=45788 Thread-3007 (_audio_worker) spectrum_analysis.audio_processing] Max recording length reached.
2026-08-31 13:57:23,602 INFO [pid=45788 gui-measure_auto dune_tension.tensiometer] Sample of wire 164: measured frequency 22.19 Hz {'length': 1.4317, 'frequency': 22.19305895367801, 'tension': 0.622083697323138} with confidence 0.00 (amp=0.0000, harm=0.0000)
2026-08-31 13:57:23,603 INFO [pid=45788 gui-measure_auto dune_tension.tensiometer] Optimizer next pose: x=1615.4824398581127 y=824.5821825146489 focus=6344
2026-08-31 13:57:23,668 INFO [pid=45788 Thread-3009 (_audio_worker) spectrum_analysis.audio_processing] Listening for audio events (RMS trigger)...
2026-08-31 13:57:23,840 INFO [pid=45788 Thread-3009 (_audio_worker) spectrum_analysis.audio_processing] Recording started.
2026-08-31 13:57:23,972 WARNING [pid=45788 Thread-3009 (_audio_worker) spectrum_analysis.audio_processing] Max recording length reached.
2026-08-31 13:57:24,226 INFO [pid=45788 gui-measure_auto dune_tension.tensiometer] Sample of wire 164: measured frequency 63.79 Hz {'length': 1.4317, 'frequency': 63.78654956817627, 'tension': 5.13893006091713} with confidence 1.00 (amp=0.0000, harm=0.0000)
2026-08-31 13:57:24,257 INFO [pid=45788 gui-measure_auto dune_tension.tensiometer] Result: wire 164 length 1431.7 mm tension 5.1 N frequency 63.8 Hz confidence 1.00 at 1635.400146484375,810.5552978515625 focus 6344. Took 1.39 seconds.
2026-08-31 13:57:24,272 WARNING [pid=45788 gui-measure_auto dune_tension.tensiometer] Wire 164 tension 5.14 N flagged as an outlier versus nearby wires; remeasuring and keeping only the second measurement.
2026-08-31 13:57:26,174 INFO [pid=45788 gui-monitor-tension-logs dune_tension.gui.actions] Updated tension logs for APA-US-013 layer V
2026-08-31 13:57:27,088 INFO [pid=45788 Thread-3014 (_audio_worker) spectrum_analysis.audio_processing] Listening for audio events (RMS trigger)...
2026-08-31 13:57:27,236 INFO [pid=45788 Thread-3014 (_audio_worker) spectrum_analysis.audio_processing] Recording started.
2026-08-31 13:57:27,408 WARNING [pid=45788 Thread-3014 (_audio_worker) spectrum_analysis.audio_processing] Max recording length reached.
2026-08-31 13:57:27,659 INFO [pid=45788 gui-measure_auto dune_tension.tensiometer] Sample of wire 164: measured frequency 22.94 Hz {'length': 1.4317, 'frequency': 22.943514752055428, 'tension': 0.6648663976844753} with confidence 0.56 (amp=0.0000, harm=0.0000)
2026-08-31 13:57:27,660 INFO [pid=45788 gui-measure_auto dune_tension.tensiometer] Optimizer next pose: x=1625.653845091674 y=817.2714850030268 focus=6344
2026-08-31 13:57:28,050 INFO [pid=45788 Thread-3016 (_audio_worker) spectrum_analysis.audio_processing] Listening for audio events (RMS trigger)...
2026-08-31 13:57:28,218 INFO [pid=45788 Thread-3016 (_audio_worker) spectrum_analysis.audio_processing] Recording started.
2026-08-31 13:57:28,367 WARNING [pid=45788 Thread-3016 (_audio_worker) spectrum_analysis.audio_processing] Max recording length reached.
2026-08-31 13:57:28,616 INFO [pid=45788 gui-measure_auto dune_tension.tensiometer] Sample of wire 164: measured frequency 20.68 Hz {'length': 1.4317, 'frequency': 20.67846563837762, 'tension': 0.5400713107102907} with confidence 0.67 (amp=0.0000, harm=0.0000)
2026-08-31 13:57:28,616 INFO [pid=45788 gui-measure_auto dune_tension.tensiometer] Optimizer next pose: x=1639.698238909626 y=807.1770769463737 focus=6344
2026-08-31 13:57:29,863 INFO [pid=45788 Thread-3018 (_audio_worker) spectrum_analysis.audio_processing] Listening for audio events (RMS trigger)...
2026-08-31 13:57:30,009 INFO [pid=45788 Thread-3018 (_audio_worker) spectrum_analysis.audio_processing] Recording started.
2026-08-31 13:57:30,180 WARNING [pid=45788 Thread-3018 (_audio_worker) spectrum_analysis.audio_processing] Max recording length reached.
2026-08-31 13:57:30,435 INFO [pid=45788 gui-measure_auto dune_tension.tensiometer] Sample of wire 164: measured frequency 20.43 Hz {'length': 1.4317, 'frequency': 20.429430017513628, 'tension': 0.527141230978216} with confidence 0.00 (amp=0.0000, harm=0.0000)
2026-08-31 13:57:30,435 INFO [pid=45788 gui-measure_auto dune_tension.tensiometer] Optimizer next pose: x=1616.0425265917636 y=824.1796201748374 focus=6344
2026-08-31 13:57:31,589 INFO [pid=45788 Thread-3020 (_audio_worker) spectrum_analysis.audio_processing] Listening for audio events (RMS trigger)...
2026-08-31 13:57:31,737 INFO [pid=45788 Thread-3020 (_audio_worker) spectrum_analysis.audio_processing] Recording started.
2026-08-31 13:57:31,908 WARNING [pid=45788 Thread-3020 (_audio_worker) spectrum_analysis.audio_processing] Max recording length reached.
2026-08-31 13:57:32,156 INFO [pid=45788 gui-measure_auto dune_tension.tensiometer] Sample of wire 164: measured frequency 63.78 Hz {'length': 1.4317, 'frequency': 63.77806625366211, 'tension': 5.137563244204474} with confidence 1.00 (amp=0.0000, harm=0.0000)
2026-08-31 13:57:32,181 INFO [pid=45788 gui-measure_auto dune_tension.tensiometer] Result: wire 164 length 1431.7 mm tension 5.1 N frequency 63.8 Hz confidence 1.00 at 1640.098388671875,807.1766967773438 focus 6344. Took 5.12 seconds.
2026-08-31 13:57:32,202 INFO [pid=45788 gui-measure_auto dune_tension.tensiometer] Timing profile for list wire 164: total=10.84s stages=[wire_total_wall=10.84s, collect_samples=6.46s, move_to_measurement_pose=4.27s, acquire_audio=3.17s, strum=3.17s, optimizer_move=2.66s, wait_for_audio_trigger=1.16s, analyze_audio=0.54s, reset_plc_after_collect=0.05s, reset_plc_before_move=0.03s, reset_plc_before_persist=0.03s, append_result=0.01s, summary_refresh=0.00s, plan_measurement_pose=0.00s, merge_results=0.00s]
2026-08-31 13:57:32,203 INFO [pid=45788 gui-measure_auto dune_tension.tensiometer] Measuring wire 165 at 1635.0,816.2892060652567 focus=6293
2026-08-31 13:57:33,503 INFO [pid=45788 gui-monitor-tension-logs dune_tension.gui.actions] Updated tension logs for APA-US-013 layer V
2026-08-31 13:57:34,718 INFO [pid=45788 Thread-3024 (_audio_worker) spectrum_analysis.audio_processing] Listening for audio events (RMS trigger)...
2026-08-31 13:57:34,873 INFO [pid=45788 Thread-3024 (_audio_worker) spectrum_analysis.audio_processing] Recording started.
2026-08-31 13:57:35,045 WARNING [pid=45788 Thread-3024 (_audio_worker) spectrum_analysis.audio_processing] Max recording length reached.
2026-08-31 13:57:35,306 INFO [pid=45788 gui-measure_auto dune_tension.tensiometer] Sample of wire 165: measured frequency 25.48 Hz {'length': 1.4317, 'frequency': 25.47993338391156, 'tension': 0.8199947332047083} with confidence 0.00 (amp=0.0000, harm=0.0000)
2026-08-31 13:57:35,307 INFO [pid=45788 gui-measure_auto dune_tension.tensiometer] Optimizer next pose: x=1627.2714477996212 y=821.844102959279 focus=6344
2026-08-31 13:57:35,421 INFO [pid=45788 Thread-3026 (_audio_worker) spectrum_analysis.audio_processing] Listening for audio events (RMS trigger)...
2026-08-31 13:57:35,588 INFO [pid=45788 Thread-3026 (_audio_worker) spectrum_analysis.audio_processing] Recording started.
2026-08-31 13:57:35,749 WARNING [pid=45788 Thread-3026 (_audio_worker) spectrum_analysis.audio_processing] Max recording length reached.
2026-08-31 13:57:35,992 INFO [pid=45788 gui-measure_auto dune_tension.tensiometer] Sample of wire 165: measured frequency 65.20 Hz {'length': 1.4317, 'frequency': 65.19914799618158, 'tension': 5.3690608686618715} with confidence 1.00 (amp=0.0000, harm=0.0425)
2026-08-31 13:57:36,021 INFO [pid=45788 gui-measure_auto dune_tension.tensiometer] Result: wire 165 length 1431.7 mm tension 5.4 N frequency 65.2 Hz confidence 1.00 at 1635.400390625,816.2882080078125 focus 6344. Took 1.34 seconds.
2026-08-31 13:57:36,047 INFO [pid=45788 gui-measure_auto dune_tension.tensiometer] Timing profile for list wire 165: total=3.84s stages=[wire_total_wall=3.84s, move_to_measurement_pose=2.46s, collect_samples=1.31s, acquire_audio=1.10s, strum=1.10s, wait_for_audio_trigger=0.43s, analyze_audio=0.14s, optimizer_move=0.03s, reset_plc_after_collect=0.03s, reset_plc_before_persist=0.02s, reset_plc_before_move=0.01s, append_result=0.01s, summary_refresh=0.00s, plan_measurement_pose=0.00s, merge_results=0.00s]
2026-08-31 13:57:36,047 INFO [pid=45788 gui-measure_auto dune_tension.tensiometer] Measuring wire 166 at 1635.0,822.024403854998 focus=6294
2026-08-31 13:57:36,720 INFO [pid=45788 MainThread dune_tension.gui.app] GUI heartbeat. measurement_active=True active_measurement=measure auto focus=6344 threads=6 vmsize=6496080 kB vmhwm=2307544 kB vmrss=1663280 kB
2026-08-31 13:57:37,985 INFO [pid=45788 gui-monitor-tension-logs dune_tension.gui.actions] Updated tension logs for APA-US-013 layer V
2026-08-31 13:57:38,665 INFO [pid=45788 Thread-3030 (_audio_worker) spectrum_analysis.audio_processing] Listening for audio events (RMS trigger)...
2026-08-31 13:57:38,799 INFO [pid=45788 Thread-3030 (_audio_worker) spectrum_analysis.audio_processing] Recording started.
2026-08-31 13:57:38,971 WARNING [pid=45788 Thread-3030 (_audio_worker) spectrum_analysis.audio_processing] Max recording length reached.
2026-08-31 13:57:39,229 INFO [pid=45788 gui-measure_auto dune_tension.tensiometer] Sample of wire 166: measured frequency 17.52 Hz {'length': 1.4317, 'frequency': 17.52460442532394, 'tension': 0.3878920991978095} with confidence 0.00 (amp=0.0000, harm=0.0000)
2026-08-31 13:57:39,230 INFO [pid=45788 gui-measure_auto dune_tension.tensiometer] Optimizer next pose: x=1642.1928337440686 y=816.8545546014487 focus=6344
2026-08-31 13:57:39,356 INFO [pid=45788 Thread-3032 (_audio_worker) spectrum_analysis.audio_processing] Listening for audio events (RMS trigger)...
2026-08-31 13:57:39,502 INFO [pid=45788 Thread-3032 (_audio_worker) spectrum_analysis.audio_processing] Recording started.
2026-08-31 13:57:39,674 WARNING [pid=45788 Thread-3032 (_audio_worker) spectrum_analysis.audio_processing] Max recording length reached.
2026-08-31 13:57:39,932 INFO [pid=45788 gui-measure_auto dune_tension.tensiometer] Sample of wire 166: measured frequency 36.43 Hz {'length': 1.4317, 'frequency': 36.43198095588201, 'tension': 1.6764092905312635} with confidence 0.00 (amp=0.0000, harm=0.0000)
2026-08-31 13:57:39,933 INFO [pid=45788 gui-measure_auto dune_tension.tensiometer] Optimizer next pose: x=1619.3500079172209 y=833.2728356644955 focus=6344
2026-08-31 13:57:41,335 INFO [pid=45788 Thread-3034 (_audio_worker) spectrum_analysis.audio_processing] Listening for audio events (RMS trigger)...
2026-08-31 13:57:41,486 INFO [pid=45788 Thread-3034 (_audio_worker) spectrum_analysis.audio_processing] Recording started.
2026-08-31 13:57:41,658 WARNING [pid=45788 Thread-3034 (_audio_worker) spectrum_analysis.audio_processing] Max recording length reached.
2026-08-31 13:57:41,911 INFO [pid=45788 gui-measure_auto dune_tension.tensiometer] Sample of wire 166: measured frequency 22.37 Hz {'length': 1.4317, 'frequency': 22.371256256103514, 'tension': 0.632113741577955} with confidence 0.00 (amp=0.0000, harm=0.0000)
2026-08-31 13:57:41,911 INFO [pid=45788 gui-measure_auto dune_tension.tensiometer] Optimizer next pose: x=1628.4527344032053 y=826.7302510026942 focus=6344
2026-08-31 13:57:43,309 INFO [pid=45788 Thread-3036 (_audio_worker) spectrum_analysis.audio_processing] Listening for audio events (RMS trigger)...
2026-08-31 13:57:43,471 INFO [pid=45788 Thread-3036 (_audio_worker) spectrum_analysis.audio_processing] Recording started.
2026-08-31 13:57:43,642 WARNING [pid=45788 Thread-3036 (_audio_worker) spectrum_analysis.audio_processing] Max recording length reached.
2026-08-31 13:57:43,891 INFO [pid=45788 gui-measure_auto dune_tension.tensiometer] Sample of wire 166: measured frequency 22.96 Hz {'length': 1.4317, 'frequency': 22.96062128713345, 'tension': 0.6658582073965775} with confidence 0.00 (amp=0.0000, harm=0.0000)
2026-08-31 13:57:43,891 INFO [pid=45788 gui-measure_auto dune_tension.tensiometer] Optimizer next pose: x=1630.2220572271694 y=825.45855022297 focus=6344
2026-08-31 13:57:44,936 INFO [pid=45788 Thread-3038 (_audio_worker) spectrum_analysis.audio_processing] Listening for audio events (RMS trigger)...
2026-08-31 13:57:45,092 INFO [pid=45788 Thread-3038 (_audio_worker) spectrum_analysis.audio_processing] Recording started.
2026-08-31 13:57:45,262 WARNING [pid=45788 Thread-3038 (_audio_worker) spectrum_analysis.audio_processing] Max recording length reached.
2026-08-31 13:57:45,510 INFO [pid=45788 gui-measure_auto dune_tension.tensiometer] Sample of wire 166: measured frequency 18.13 Hz {'length': 1.4317, 'frequency': 18.125850875084666, 'tension': 0.41496483170075926} with confidence 0.01 (amp=0.0000, harm=0.0000)
2026-08-31 13:57:45,510 INFO [pid=45788 gui-measure_auto dune_tension.tensiometer] Optimizer next pose: x=1627.0110033104731 y=827.7664952255955 focus=6344
2026-08-31 13:57:45,865 INFO [pid=45788 Thread-3040 (_audio_worker) spectrum_analysis.audio_processing] Listening for audio events (RMS trigger)...
2026-08-31 13:57:46,011 INFO [pid=45788 Thread-3040 (_audio_worker) spectrum_analysis.audio_processing] Recording started.
2026-08-31 13:57:46,180 WARNING [pid=45788 Thread-3040 (_audio_worker) spectrum_analysis.audio_processing] Max recording length reached.
2026-08-31 13:57:46,438 INFO [pid=45788 gui-measure_auto dune_tension.tensiometer] Sample of wire 166: measured frequency 19.40 Hz {'length': 1.4317, 'frequency': 19.40196692972771, 'tension': 0.47545126419597733} with confidence 0.41 (amp=0.0000, harm=0.0000)
2026-08-31 13:57:46,438 INFO [pid=45788 gui-measure_auto dune_tension.tensiometer] Optimizer next pose: x=1625.7317041938013 y=828.6859914657033 focus=6344
2026-08-31 13:57:46,920 INFO [pid=45788 Thread-3042 (_audio_worker) spectrum_analysis.audio_processing] Listening for audio events (RMS trigger)...
2026-08-31 13:57:47,076 INFO [pid=45788 Thread-3042 (_audio_worker) spectrum_analysis.audio_processing] Recording started.
2026-08-31 13:57:47,247 WARNING [pid=45788 Thread-3042 (_audio_worker) spectrum_analysis.audio_processing] Max recording length reached.
2026-08-31 13:57:47,505 INFO [pid=45788 gui-measure_auto dune_tension.tensiometer] Sample of wire 166: measured frequency 32.64 Hz {'length': 1.4317, 'frequency': 32.63927352896418, 'tension': 1.3455364099657563} with confidence 0.00 (amp=0.0000, harm=0.0000)
2026-08-31 13:57:47,505 INFO [pid=45788 gui-measure_auto dune_tension.tensiometer] Optimizer next pose: x=1640.380247022375 y=818.157351307666 focus=6344
2026-08-31 13:57:48,356 INFO [pid=45788 Thread-3044 (_audio_worker) spectrum_analysis.audio_processing] Listening for audio events (RMS trigger)...
2026-08-31 13:57:48,505 INFO [pid=45788 Thread-3044 (_audio_worker) spectrum_analysis.audio_processing] Recording started.
2026-08-31 13:57:48,677 WARNING [pid=45788 Thread-3044 (_audio_worker) spectrum_analysis.audio_processing] Max recording length reached.
2026-08-31 13:57:48,924 INFO [pid=45788 gui-measure_auto dune_tension.tensiometer] Sample of wire 166: measured frequency 23.76 Hz {'length': 1.4317, 'frequency': 23.75946267328889, 'tension': 0.7129970220546668} with confidence 0.95 (amp=0.0000, harm=0.0000)
2026-08-31 13:57:48,925 INFO [pid=45788 gui-measure_auto dune_tension.tensiometer] Optimizer next pose: x=1638.04452808622 y=819.8361492930273 focus=6344
2026-08-31 13:57:50,350 INFO [pid=45788 Thread-3046 (_audio_worker) spectrum_analysis.audio_processing] Listening for audio events (RMS trigger)...
2026-08-31 13:57:50,511 INFO [pid=45788 Thread-3046 (_audio_worker) spectrum_analysis.audio_processing] Recording started.
2026-08-31 13:57:50,682 WARNING [pid=45788 Thread-3046 (_audio_worker) spectrum_analysis.audio_processing] Max recording length reached.
2026-08-31 13:57:50,924 INFO [pid=45788 gui-measure_auto dune_tension.tensiometer] Sample of wire 166: measured frequency 42.79 Hz {'length': 1.4317, 'frequency': 42.78682040067113, 'tension': 2.3122485446200995} with confidence 0.00 (amp=0.0000, harm=0.0000)
2026-08-31 13:57:50,924 INFO [pid=45788 gui-measure_auto dune_tension.tensiometer] Optimizer next pose: x=1642.0582528785321 y=817.2383393312015 focus=6344
2026-08-31 13:57:51,271 INFO [pid=45788 Thread-3048 (_audio_worker) spectrum_analysis.audio_processing] Listening for audio events (RMS trigger)...
2026-08-31 13:57:51,406 INFO [pid=45788 Thread-3048 (_audio_worker) spectrum_analysis.audio_processing] Recording started.
2026-08-31 13:57:51,578 WARNING [pid=45788 Thread-3048 (_audio_worker) spectrum_analysis.audio_processing] Max recording length reached.
2026-08-31 13:57:51,720 INFO [pid=45788 MainThread dune_tension.gui.app] GUI heartbeat. measurement_active=True active_measurement=measure auto focus=6344 threads=6 vmsize=6512396 kB vmhwm=2307544 kB vmrss=1614112 kB
2026-08-31 13:57:51,827 INFO [pid=45788 gui-measure_auto dune_tension.tensiometer] Sample of wire 166: measured frequency 14.53 Hz {'length': 1.4317, 'frequency': 14.533651044967392, 'tension': 0.2667865577398336} with confidence 0.58 (amp=0.0000, harm=0.0000)
2026-08-31 13:57:51,827 INFO [pid=45788 gui-measure_auto dune_tension.tensiometer] Optimizer next pose: x=1641.6990079716727 y=817.4965466080067 focus=6344
2026-08-31 13:57:52,304 INFO [pid=45788 Thread-3050 (_audio_worker) spectrum_analysis.audio_processing] Listening for audio events (RMS trigger)...
2026-08-31 13:57:52,452 INFO [pid=45788 Thread-3050 (_audio_worker) spectrum_analysis.audio_processing] Recording started.
2026-08-31 13:57:52,623 WARNING [pid=45788 Thread-3050 (_audio_worker) spectrum_analysis.audio_processing] Max recording length reached.
2026-08-31 13:57:52,871 INFO [pid=45788 gui-measure_auto dune_tension.tensiometer] Sample of wire 166: measured frequency 66.28 Hz {'length': 1.4317, 'frequency': 66.2818094889323, 'tension': 5.548852732654965} with confidence 1.00 (amp=0.0000, harm=0.0000)
2026-08-31 13:57:52,899 INFO [pid=45788 gui-measure_auto dune_tension.tensiometer] Result: wire 166 length 1431.7 mm tension 5.5 N frequency 66.3 Hz confidence 1.00 at 1642.458740234375,817.22021484375 focus 6344. Took 14.27 seconds.
2026-08-31 13:57:52,919 WARNING [pid=45788 gui-measure_auto dune_tension.tensiometer] Wire 166 tension 5.55 N flagged as an outlier versus nearby wires; remeasuring and keeping only the second measurement.
2026-08-31 13:57:54,415 INFO [pid=45788 Thread-3053 (_audio_worker) spectrum_analysis.audio_processing] Listening for audio events (RMS trigger)...
2026-08-31 13:57:54,564 INFO [pid=45788 Thread-3053 (_audio_worker) spectrum_analysis.audio_processing] Recording started.
2026-08-31 13:57:54,735 WARNING [pid=45788 Thread-3053 (_audio_worker) spectrum_analysis.audio_processing] Max recording length reached.
2026-08-31 13:57:54,862 INFO [pid=45788 gui-monitor-tension-logs dune_tension.gui.actions] Updated tension logs for APA-US-013 layer V
2026-08-31 13:57:54,981 INFO [pid=45788 gui-measure_auto dune_tension.tensiometer] Sample of wire 166: measured frequency 19.92 Hz {'length': 1.4317, 'frequency': 19.92328780247868, 'tension': 0.501344787271891} with confidence 0.00 (amp=0.0000, harm=0.0000)
2026-08-31 13:57:54,982 INFO [pid=45788 gui-measure_auto dune_tension.tensiometer] Optimizer next pose: x=1628.219241163731 y=826.8980742685662 focus=6344
2026-08-31 13:57:55,200 INFO [pid=45788 Thread-3056 (_audio_worker) spectrum_analysis.audio_processing] Listening for audio events (RMS trigger)...
2026-08-31 13:57:55,338 INFO [pid=45788 Thread-3056 (_audio_worker) spectrum_analysis.audio_processing] Recording started.
2026-08-31 13:57:55,503 WARNING [pid=45788 Thread-3056 (_audio_worker) spectrum_analysis.audio_processing] Max recording length reached.
2026-08-31 13:57:55,810 INFO [pid=45788 gui-measure_auto dune_tension.tensiometer] Sample of wire 166: measured frequency 65.14 Hz {'length': 1.4317, 'frequency': 65.14338397979736, 'tension': 5.359880614908981} with confidence 1.00 (amp=0.0000, harm=0.0000)
2026-08-31 13:57:55,954 INFO [pid=45788 gui-measure_auto dune_tension.tensiometer] Result: wire 166 length 1431.7 mm tension 5.4 N frequency 65.1 Hz confidence 1.00 at 1635.00146484375,822.0244750976562 focus 6344. Took 1.67 seconds.
2026-08-31 13:57:56,004 INFO [pid=45788 gui-measure_auto dune_tension.tensiometer] Timing profile for list wire 166: total=19.96s stages=[wire_total_wall=19.96s, collect_samples=15.77s, optimizer_move=7.61s, acquire_audio=6.84s, strum=6.84s, move_to_measurement_pose=3.86s, wait_for_audio_trigger=2.36s, analyze_audio=0.98s, reset_plc_after_collect=0.17s, reset_plc_before_move=0.08s, reset_plc_before_persist=0.04s, append_result=0.03s, summary_refresh=0.00s, plan_measurement_pose=0.00s, merge_results=0.00s]
2026-08-31 13:57:56,004 INFO [pid=45788 gui-measure_auto dune_tension.tensiometer] Measuring wire 167 at 1635.0,827.7595305382463 focus=6295
2026-08-31 13:57:57,144 INFO [pid=45788 gui-monitor-tension-logs dune_tension.gui.actions] Updated tension logs for APA-US-013 layer V
2026-08-31 13:57:57,724 INFO [pid=45788 Thread-3060 (_audio_worker) spectrum_analysis.audio_processing] Listening for audio events (RMS trigger)...
2026-08-31 13:57:57,871 INFO [pid=45788 Thread-3060 (_audio_worker) spectrum_analysis.audio_processing] Recording started.
2026-08-31 13:57:58,043 WARNING [pid=45788 Thread-3060 (_audio_worker) spectrum_analysis.audio_processing] Max recording length reached.
2026-08-31 13:57:58,284 INFO [pid=45788 gui-measure_auto dune_tension.tensiometer] Sample of wire 167: measured frequency 65.33 Hz {'length': 1.4317, 'frequency': 65.33381080627441, 'tension': 5.39126236989116} with confidence 1.00 (amp=0.0000, harm=0.0000)
2026-08-31 13:57:58,316 INFO [pid=45788 gui-measure_auto dune_tension.tensiometer] Result: wire 167 length 1431.7 mm tension 5.4 N frequency 65.3 Hz confidence 1.00 at 1635.399658203125,827.747314453125 focus 6344. Took 0.63 seconds.
2026-08-31 13:57:58,339 INFO [pid=45788 gui-measure_auto dune_tension.tensiometer] Timing profile for list wire 167: total=2.33s stages=[wire_total_wall=2.33s, move_to_measurement_pose=1.67s, collect_samples=0.60s, acquire_audio=0.52s, strum=0.52s, wait_for_audio_trigger=0.17s, analyze_audio=0.06s, reset_plc_after_collect=0.03s, reset_plc_before_persist=0.02s, reset_plc_before_move=0.01s, append_result=0.01s, summary_refresh=0.00s, plan_measurement_pose=0.00s, merge_results=0.00s]
2026-08-31 13:57:58,340 INFO [pid=45788 gui-measure_auto dune_tension.tensiometer] Measuring wire 168 at 1635.0,833.4945871027205 focus=6296
2026-08-31 13:57:59,515 INFO [pid=45788 Thread-3063 (_audio_worker) spectrum_analysis.audio_processing] Listening for audio events (RMS trigger)...
2026-08-31 13:57:59,663 INFO [pid=45788 Thread-3063 (_audio_worker) spectrum_analysis.audio_processing] Recording started.
2026-08-31 13:57:59,834 WARNING [pid=45788 Thread-3063 (_audio_worker) spectrum_analysis.audio_processing] Max recording length reached.
2026-08-31 13:58:00,083 INFO [pid=45788 gui-measure_auto dune_tension.tensiometer] Sample of wire 168: measured frequency 63.17 Hz {'length': 1.4317, 'frequency': 63.16970777511597, 'tension': 5.040019562936812} with confidence 1.00 (amp=0.0000, harm=0.4353)
2026-08-31 13:58:00,102 INFO [pid=45788 gui-measure_auto dune_tension.tensiometer] Result: wire 168 length 1431.7 mm tension 5.0 N frequency 63.2 Hz confidence 1.00 at 1635.400146484375,833.497314453125 focus 6344. Took 0.69 seconds.
2026-08-31 13:58:00,114 WARNING [pid=45788 gui-measure_auto dune_tension.tensiometer] Wire 168 tension 5.04 N flagged as an outlier versus nearby wires; remeasuring and keeping only the second measurement.
2026-08-31 13:58:00,304 INFO [pid=45788 gui-monitor-tension-logs dune_tension.gui.actions] Updated tension logs for APA-US-013 layer V
2026-08-31 13:58:01,197 INFO [pid=45788 Thread-3067 (_audio_worker) spectrum_analysis.audio_processing] Listening for audio events (RMS trigger)...
2026-08-31 13:58:01,350 INFO [pid=45788 Thread-3067 (_audio_worker) spectrum_analysis.audio_processing] Recording started.
2026-08-31 13:58:01,598 WARNING [pid=45788 Thread-3067 (_audio_worker) spectrum_analysis.audio_processing] Max recording length reached.
2026-08-31 13:58:01,900 INFO [pid=45788 gui-measure_auto dune_tension.tensiometer] Sample of wire 168: measured frequency 63.04 Hz {'length': 1.4317, 'frequency': 63.035536766052246, 'tension': 5.018632528182839} with confidence 1.00 (amp=0.0000, harm=0.3801)
2026-08-31 13:58:01,934 INFO [pid=45788 gui-measure_auto dune_tension.tensiometer] Result: wire 168 length 1431.7 mm tension 5.0 N frequency 63.0 Hz confidence 1.00 at 1635.0013427734375,833.4957885742188 focus 6344. Took 0.80 seconds.
2026-08-31 13:58:01,951 INFO [pid=45788 gui-measure_auto dune_tension.tensiometer] Timing profile for list wire 168: total=3.61s stages=[wire_total_wall=3.61s, move_to_measurement_pose=2.06s, collect_samples=1.44s, acquire_audio=1.14s, strum=1.14s, wait_for_audio_trigger=0.45s, analyze_audio=0.27s, reset_plc_after_collect=0.05s, reset_plc_before_move=0.02s, reset_plc_before_persist=0.02s, append_result=0.01s, summary_refresh=0.00s, plan_measurement_pose=0.00s, merge_results=0.00s]
2026-08-31 13:58:01,955 INFO [pid=45788 gui-measure_auto dune_tension.tensiometer] Measuring wire 169 at 1635.0,839.2295745179264 focus=6298
2026-08-31 13:58:02,464 INFO [pid=45788 gui-monitor-tension-logs dune_tension.gui.actions] Updated tension logs for APA-US-013 layer V
2026-08-31 13:58:03,423 INFO [pid=45788 Thread-3071 (_audio_worker) spectrum_analysis.audio_processing] Listening for audio events (RMS trigger)...
2026-08-31 13:58:03,688 INFO [pid=45788 Thread-3071 (_audio_worker) spectrum_analysis.audio_processing] Recording started.
2026-08-31 13:58:03,760 WARNING [pid=45788 Thread-3071 (_audio_worker) spectrum_analysis.audio_processing] Max recording length reached.
2026-08-31 13:58:04,024 INFO [pid=45788 gui-measure_auto dune_tension.tensiometer] Sample of wire 169: measured frequency 64.09 Hz {'length': 1.4317, 'frequency': 64.08789348602295, 'tension': 5.187599985359683} with confidence 1.00 (amp=0.0000, harm=0.4301)
2026-08-31 13:58:04,055 INFO [pid=45788 gui-measure_auto dune_tension.tensiometer] Result: wire 169 length 1431.7 mm tension 5.2 N frequency 64.1 Hz confidence 1.00 at 1635.400146484375,839.2308959960938 focus 6344. Took 0.87 seconds.
2026-08-31 13:58:04,072 INFO [pid=45788 gui-measure_auto dune_tension.tensiometer] Timing profile for list wire 169: total=2.12s stages=[wire_total_wall=2.12s, move_to_measurement_pose=1.22s, collect_samples=0.84s, acquire_audio=0.53s, strum=0.53s, wait_for_audio_trigger=0.33s, analyze_audio=0.09s, reset_plc_after_collect=0.03s, reset_plc_before_persist=0.01s, reset_plc_before_move=0.01s, append_result=0.00s, summary_refresh=0.00s, plan_measurement_pose=0.00s, merge_results=0.00s]
2026-08-31 13:58:04,073 INFO [pid=45788 gui-measure_auto dune_tension.tensiometer] Measuring wire 170 at 1635.0,844.9644937355819 focus=6299
2026-08-31 13:58:05,146 INFO [pid=45788 Thread-3074 (_audio_worker) spectrum_analysis.audio_processing] Listening for audio events (RMS trigger)...
2026-08-31 13:58:05,294 INFO [pid=45788 Thread-3074 (_audio_worker) spectrum_analysis.audio_processing] Recording started.
2026-08-31 13:58:05,379 INFO [pid=45788 gui-monitor-tension-logs dune_tension.gui.actions] Updated tension logs for APA-US-013 layer V
2026-08-31 13:58:05,484 WARNING [pid=45788 Thread-3074 (_audio_worker) spectrum_analysis.audio_processing] Max recording length reached.
2026-08-31 13:58:05,894 INFO [pid=45788 gui-measure_auto dune_tension.tensiometer] Sample of wire 170: measured frequency 64.07 Hz {'length': 1.4317, 'frequency': 64.06812763214111, 'tension': 5.184400581367599} with confidence 1.00 (amp=0.0000, harm=0.0000)
2026-08-31 13:58:05,904 INFO [pid=45788 gui-measure_auto dune_tension.tensiometer] Result: wire 170 length 1431.7 mm tension 5.2 N frequency 64.1 Hz confidence 1.00 at 1634.9981689453125,844.9652099609375 focus 6344. Took 0.78 seconds.
2026-08-31 13:58:05,913 INFO [pid=45788 gui-measure_auto dune_tension.tensiometer] Timing profile for list wire 170: total=1.84s stages=[wire_total_wall=1.84s, move_to_measurement_pose=1.04s, collect_samples=0.77s, acquire_audio=0.52s, strum=0.52s, analyze_audio=0.23s, wait_for_audio_trigger=0.17s, reset_plc_before_move=0.01s, reset_plc_after_collect=0.01s, reset_plc_before_persist=0.01s, append_result=0.00s, summary_refresh=0.00s, plan_measurement_pose=0.00s, merge_results=0.00s]
2026-08-31 13:58:05,913 INFO [pid=45788 gui-measure_auto dune_tension.tensiometer] Measuring wire 171 at 1635.0,850.6993456900174 focus=6300
2026-08-31 13:58:06,750 INFO [pid=45788 MainThread dune_tension.gui.app] GUI heartbeat. measurement_active=True active_measurement=measure auto focus=6344 threads=7 vmsize=6446876 kB vmhwm=2307544 kB vmrss=1614060 kB
2026-08-31 13:58:07,022 INFO [pid=45788 Thread-3078 (_audio_worker) spectrum_analysis.audio_processing] Listening for audio events (RMS trigger)...
2026-08-31 13:58:07,185 INFO [pid=45788 Thread-3078 (_audio_worker) spectrum_analysis.audio_processing] Recording started.
2026-08-31 13:58:07,343 WARNING [pid=45788 Thread-3078 (_audio_worker) spectrum_analysis.audio_processing] Max recording length reached.
2026-08-31 13:58:07,601 INFO [pid=45788 gui-measure_auto dune_tension.tensiometer] Sample of wire 171: measured frequency 64.24 Hz {'length': 1.4317, 'frequency': 64.2428526878357, 'tension': 5.212716685263622} with confidence 1.00 (amp=0.0000, harm=0.0000)
2026-08-31 13:58:07,610 INFO [pid=45788 gui-measure_auto dune_tension.tensiometer] Result: wire 171 length 1431.7 mm tension 5.2 N frequency 64.2 Hz confidence 1.00 at 1635.400634765625,850.6912841796875 focus 6344. Took 0.64 seconds.
2026-08-31 13:58:07,623 INFO [pid=45788 gui-measure_auto dune_tension.tensiometer] Timing profile for list wire 171: total=1.71s stages=[wire_total_wall=1.71s, move_to_measurement_pose=1.04s, collect_samples=0.63s, acquire_audio=0.51s, strum=0.51s, wait_for_audio_trigger=0.19s, analyze_audio=0.08s, reset_plc_before_move=0.01s, reset_plc_after_collect=0.01s, reset_plc_before_persist=0.01s, append_result=0.00s, summary_refresh=0.00s, plan_measurement_pose=0.00s, merge_results=0.00s]
2026-08-31 13:58:07,624 INFO [pid=45788 gui-measure_auto dune_tension.tensiometer] Measuring wire 172 at 1635.0,856.4341312985752 focus=6301
2026-08-31 13:58:07,720 INFO [pid=45788 gui-monitor-tension-logs dune_tension.gui.actions] Updated tension logs for APA-US-013 layer V
2026-08-31 13:58:08,744 INFO [pid=45788 Thread-3081 (_audio_worker) spectrum_analysis.audio_processing] Listening for audio events (RMS trigger)...
2026-08-31 13:58:08,900 INFO [pid=45788 Thread-3081 (_audio_worker) spectrum_analysis.audio_processing] Recording started.
2026-08-31 13:58:09,071 WARNING [pid=45788 Thread-3081 (_audio_worker) spectrum_analysis.audio_processing] Max recording length reached.
2026-08-31 13:58:09,267 INFO [pid=45788 gui-monitor-tension-logs dune_tension.gui.actions] Updated tension logs for APA-US-013 layer V
2026-08-31 13:58:09,634 INFO [pid=45788 gui-measure_auto dune_tension.tensiometer] Sample of wire 172: measured frequency 65.02 Hz {'length': 1.4317, 'frequency': 65.01779174804688, 'tension': 5.339233530788041} with confidence 1.00 (amp=0.0000, harm=0.0000)
2026-08-31 13:58:09,686 INFO [pid=45788 gui-measure_auto dune_tension.tensiometer] Result: wire 172 length 1431.7 mm tension 5.3 N frequency 65.0 Hz confidence 1.00 at 1635.399658203125,856.43359375 focus 6344. Took 0.98 seconds.
2026-08-31 13:58:09,778 INFO [pid=45788 gui-measure_auto dune_tension.tensiometer] Timing profile for list wire 172: total=2.15s stages=[wire_total_wall=2.15s, move_to_measurement_pose=1.08s, collect_samples=0.92s, acquire_audio=0.52s, strum=0.52s, analyze_audio=0.39s, wait_for_audio_trigger=0.18s, reset_plc_before_persist=0.07s, reset_plc_after_collect=0.05s, append_result=0.02s, reset_plc_before_move=0.01s, summary_refresh=0.00s, plan_measurement_pose=0.00s, merge_results=0.00s]
2026-08-31 13:58:09,779 INFO [pid=45788 gui-measure_auto dune_tension.tensiometer] Measuring wire 173 at 1635.0,862.1702711689701 focus=6303
2026-08-31 13:58:10,975 INFO [pid=45788 Thread-3085 (_audio_worker) spectrum_analysis.audio_processing] Listening for audio events (RMS trigger)...
2026-08-31 13:58:11,140 INFO [pid=45788 Thread-3085 (_audio_worker) spectrum_analysis.audio_processing] Recording started.
2026-08-31 13:58:11,311 WARNING [pid=45788 Thread-3085 (_audio_worker) spectrum_analysis.audio_processing] Max recording length reached.
2026-08-31 13:58:11,428 INFO [pid=45788 gui-monitor-tension-logs dune_tension.gui.actions] Updated tension logs for APA-US-013 layer V
2026-08-31 13:58:11,676 INFO [pid=45788 gui-measure_auto dune_tension.tensiometer] Sample of wire 173: measured frequency 64.13 Hz {'length': 1.4317, 'frequency': 64.13141632080078, 'tension': 5.194648296963153} with confidence 1.00 (amp=0.0000, harm=0.0000)
2026-08-31 13:58:11,710 INFO [pid=45788 gui-measure_auto dune_tension.tensiometer] Result: wire 173 length 1431.7 mm tension 5.2 N frequency 64.1 Hz confidence 1.00 at 1635.3997802734375,862.1644897460938 focus 6344. Took 0.76 seconds.
2026-08-31 13:58:11,737 INFO [pid=45788 gui-measure_auto dune_tension.tensiometer] Timing profile for list wire 173: total=1.95s stages=[wire_total_wall=1.95s, move_to_measurement_pose=1.11s, collect_samples=0.73s, acquire_audio=0.53s, strum=0.53s, wait_for_audio_trigger=0.18s, analyze_audio=0.17s, reset_plc_before_move=0.05s, reset_plc_after_collect=0.03s, reset_plc_before_persist=0.02s, append_result=0.01s, summary_refresh=0.00s, plan_measurement_pose=0.00s, merge_results=0.00s]
2026-08-31 13:58:11,738 INFO [pid=45788 gui-measure_auto dune_tension.tensiometer] Measuring wire 174 at 1635.0,867.9049819953178 focus=6304
2026-08-31 13:58:12,990 INFO [pid=45788 Thread-3089 (_audio_worker) spectrum_analysis.audio_processing] Listening for audio events (RMS trigger)...
2026-08-31 13:58:13,158 INFO [pid=45788 Thread-3089 (_audio_worker) spectrum_analysis.audio_processing] Recording started.
2026-08-31 13:58:13,316 WARNING [pid=45788 Thread-3089 (_audio_worker) spectrum_analysis.audio_processing] Max recording length reached.
2026-08-31 13:58:13,575 INFO [pid=45788 gui-measure_auto dune_tension.tensiometer] Sample of wire 174: measured frequency 61.52 Hz {'length': 1.4317, 'frequency': 61.51775312423706, 'tension': 4.779862639148403} with confidence 1.00 (amp=0.0000, harm=0.0000)
2026-08-31 13:58:13,611 INFO [pid=45788 gui-measure_auto dune_tension.tensiometer] Result: wire 174 length 1431.7 mm tension 4.8 N frequency 61.5 Hz confidence 1.00 at 1635.400146484375,867.924072265625 focus 6344. Took 0.72 seconds.
2026-08-31 13:58:13,624 WARNING [pid=45788 gui-measure_auto dune_tension.tensiometer] Wire 174 tension 4.78 N flagged as an outlier versus nearby wires; remeasuring and keeping only the second measurement.
2026-08-31 13:58:13,672 INFO [pid=45788 Thread-3090 (_audio_worker) spectrum_analysis.audio_processing] Listening for audio events (RMS trigger)...
2026-08-31 13:58:13,722 INFO [pid=45788 gui-monitor-tension-logs dune_tension.gui.actions] Updated tension logs for APA-US-013 layer V
2026-08-31 13:58:13,807 INFO [pid=45788 Thread-3090 (_audio_worker) spectrum_analysis.audio_processing] Recording started.
2026-08-31 13:58:14,115 WARNING [pid=45788 Thread-3090 (_audio_worker) spectrum_analysis.audio_processing] Max recording length reached.
2026-08-31 13:58:14,276 INFO [pid=45788 gui-measure_auto dune_tension.tensiometer] Sample of wire 174: measured frequency 12.07 Hz {'length': 1.4317, 'frequency': 12.074196126285514, 'tension': 0.18413270724439626} with confidence 0.61 (amp=0.0000, harm=0.0000)
2026-08-31 13:58:14,277 INFO [pid=45788 gui-measure_auto dune_tension.tensiometer] Optimizer next pose: x=1628.4618856200552 y=872.6042517059032 focus=6344
2026-08-31 13:58:14,413 INFO [pid=45788 Thread-3094 (_audio_worker) spectrum_analysis.audio_processing] Listening for audio events (RMS trigger)...
2026-08-31 13:58:14,725 INFO [pid=45788 Thread-3094 (_audio_worker) spectrum_analysis.audio_processing] Timeout reached while waiting for audio event.
2026-08-31 13:58:15,369 INFO [pid=45788 gui-measure_auto dune_tension.tensiometer] Sample of wire 174: no audio detected.
2026-08-31 13:58:15,369 INFO [pid=45788 gui-measure_auto dune_tension.tensiometer] Optimizer next pose: x=1639.7270162407817 y=864.5074390722559 focus=6344
2026-08-31 13:58:15,595 INFO [pid=45788 Thread-3095 (_audio_worker) spectrum_analysis.audio_processing] Listening for audio events (RMS trigger)...
2026-08-31 13:58:15,748 INFO [pid=45788 Thread-3095 (_audio_worker) spectrum_analysis.audio_processing] Recording started.
2026-08-31 13:58:15,919 WARNING [pid=45788 Thread-3095 (_audio_worker) spectrum_analysis.audio_processing] Max recording length reached.
2026-08-31 13:58:16,177 INFO [pid=45788 gui-measure_auto dune_tension.tensiometer] Sample of wire 174: measured frequency 26.29 Hz {'length': 1.4317, 'frequency': 26.29060718675675, 'tension': 0.873002965917389} with confidence 0.52 (amp=0.0000, harm=0.0000)
2026-08-31 13:58:16,177 INFO [pid=45788 gui-measure_auto dune_tension.tensiometer] Optimizer next pose: x=1627.8694589802187 y=873.0300583532857 focus=6344
2026-08-31 13:58:16,250 INFO [pid=45788 gui-monitor-tension-logs dune_tension.gui.actions] Updated tension logs for APA-US-013 layer V
2026-08-31 13:58:16,847 INFO [pid=45788 Thread-3098 (_audio_worker) spectrum_analysis.audio_processing] Listening for audio events (RMS trigger)...
2026-08-31 13:58:16,986 INFO [pid=45788 Thread-3098 (_audio_worker) spectrum_analysis.audio_processing] Recording started.
2026-08-31 13:58:17,157 WARNING [pid=45788 Thread-3098 (_audio_worker) spectrum_analysis.audio_processing] Max recording length reached.
2026-08-31 13:58:17,412 INFO [pid=45788 gui-measure_auto dune_tension.tensiometer] Sample of wire 174: measured frequency 17.37 Hz {'length': 1.4317, 'frequency': 17.372264862060547, 'tension': 0.3811775994877095} with confidence 1.00 (amp=0.0000, harm=0.0000)
2026-08-31 13:58:17,413 INFO [pid=45788 gui-measure_auto dune_tension.tensiometer] Optimizer next pose: x=1628.2749613900426 y=872.7386034962248 focus=6344
2026-08-31 13:58:18,112 INFO [pid=45788 Thread-3100 (_audio_worker) spectrum_analysis.audio_processing] Listening for audio events (RMS trigger)...
2026-08-31 13:58:18,244 INFO [pid=45788 Thread-3100 (_audio_worker) spectrum_analysis.audio_processing] Recording started.
2026-08-31 13:58:18,415 WARNING [pid=45788 Thread-3100 (_audio_worker) spectrum_analysis.audio_processing] Max recording length reached.
2026-08-31 13:58:18,668 INFO [pid=45788 gui-measure_auto dune_tension.tensiometer] Sample of wire 174: measured frequency 61.37 Hz {'length': 1.4317, 'frequency': 61.36862516403198, 'tension': 4.756716566659391} with confidence 1.00 (amp=0.0000, harm=0.0000)
2026-08-31 13:58:18,717 INFO [pid=45788 gui-measure_auto dune_tension.tensiometer] Result: wire 174 length 1431.7 mm tension 4.8 N frequency 61.4 Hz confidence 1.00 at 1627.864990234375,872.9913940429688 focus 6344. Took 5.07 seconds.
2026-08-31 13:58:18,732 INFO [pid=45788 gui-measure_auto dune_tension.tensiometer] Timing profile for list wire 174: total=6.99s stages=[wire_total_wall=6.99s, collect_samples=5.70s, acquire_audio=3.63s, strum=3.63s, optimizer_move=1.57s, move_to_measurement_pose=1.14s, wait_for_audio_trigger=0.90s, analyze_audio=0.42s, reset_plc_after_collect=0.08s, reset_plc_before_move=0.04s, reset_plc_before_persist=0.02s, append_result=0.01s, summary_refresh=0.00s, plan_measurement_pose=0.00s, merge_results=0.00s]
2026-08-31 13:58:18,733 INFO [pid=45788 gui-measure_auto dune_tension.tensiometer] Measuring wire 175 at 1635.0,873.639628636014 focus=6305
2026-08-31 13:58:20,177 INFO [pid=45788 gui-monitor-tension-logs dune_tension.gui.actions] Updated tension logs for APA-US-013 layer V
2026-08-31 13:58:20,878 INFO [pid=45788 Thread-3104 (_audio_worker) spectrum_analysis.audio_processing] Listening for audio events (RMS trigger)...
2026-08-31 13:58:21,041 INFO [pid=45788 Thread-3104 (_audio_worker) spectrum_analysis.audio_processing] Recording started.
2026-08-31 13:58:21,211 WARNING [pid=45788 Thread-3104 (_audio_worker) spectrum_analysis.audio_processing] Max recording length reached.
2026-08-31 13:58:21,467 INFO [pid=45788 gui-measure_auto dune_tension.tensiometer] Sample of wire 175: measured frequency 63.78 Hz {'length': 1.4317, 'frequency': 63.77792739868164, 'tension': 5.1375408736464045} with confidence 1.00 (amp=0.0000, harm=0.0000)
2026-08-31 13:58:21,511 INFO [pid=45788 gui-measure_auto dune_tension.tensiometer] Result: wire 175 length 1431.7 mm tension 5.1 N frequency 63.8 Hz confidence 1.00 at 1635.4000244140625,873.6334228515625 focus 6344. Took 0.69 seconds.
2026-08-31 13:58:21,559 INFO [pid=45788 gui-measure_auto dune_tension.tensiometer] Timing profile for list wire 175: total=2.83s stages=[wire_total_wall=2.83s, move_to_measurement_pose=2.08s, collect_samples=0.64s, acquire_audio=0.54s, strum=0.54s, wait_for_audio_trigger=0.20s, analyze_audio=0.08s, reset_plc_after_collect=0.04s, append_result=0.02s, reset_plc_before_move=0.01s, reset_plc_before_persist=0.01s, summary_refresh=0.01s, plan_measurement_pose=0.00s, merge_results=0.00s]
2026-08-31 13:58:21,560 INFO [pid=45788 gui-measure_auto dune_tension.tensiometer] Measuring wire 176 at 1635.0,879.3742119507948 focus=6306
2026-08-31 13:58:21,841 INFO [pid=45788 MainThread dune_tension.gui.app] GUI heartbeat. measurement_active=True active_measurement=measure auto focus=6344 threads=5 vmsize=6397624 kB vmhwm=2307544 kB vmrss=1565432 kB
2026-08-31 13:58:22,781 INFO [pid=45788 Thread-3107 (_audio_worker) spectrum_analysis.audio_processing] Listening for audio events (RMS trigger)...
2026-08-31 13:58:22,938 INFO [pid=45788 Thread-3107 (_audio_worker) spectrum_analysis.audio_processing] Recording started.
2026-08-31 13:58:23,108 WARNING [pid=45788 Thread-3107 (_audio_worker) spectrum_analysis.audio_processing] Max recording length reached.
2026-08-31 13:58:23,218 INFO [pid=45788 gui-monitor-tension-logs dune_tension.gui.actions] Updated tension logs for APA-US-013 layer V
2026-08-31 13:58:23,375 INFO [pid=45788 gui-measure_auto dune_tension.tensiometer] Sample of wire 176: measured frequency 25.63 Hz {'length': 1.4317, 'frequency': 25.628989855448406, 'tension': 0.8296166601291426} with confidence 1.00 (amp=0.0000, harm=0.0000)
2026-08-31 13:58:23,376 INFO [pid=45788 gui-measure_auto dune_tension.tensiometer] Optimizer next pose: x=1645.531032091033 y=871.8050326353648 focus=6344
2026-08-31 13:58:23,514 INFO [pid=45788 Thread-3110 (_audio_worker) spectrum_analysis.audio_processing] Listening for audio events (RMS trigger)...
2026-08-31 13:58:23,667 INFO [pid=45788 Thread-3110 (_audio_worker) spectrum_analysis.audio_processing] Recording started.
2026-08-31 13:58:23,839 WARNING [pid=45788 Thread-3110 (_audio_worker) spectrum_analysis.audio_processing] Max recording length reached.
2026-08-31 13:58:24,204 INFO [pid=45788 gui-measure_auto dune_tension.tensiometer] Sample of wire 176: measured frequency 87.98 Hz {'length': 1.4317, 'frequency': 87.97503472109412, 'tension': 9.77537395671264} with confidence 1.00 (amp=0.0000, harm=0.0000)
2026-08-31 13:58:24,215 WARNING [pid=45788 gui-measure_auto dune_tension.tensiometer] Tension failed for wire number 176.
2026-08-31 13:58:24,215 INFO [pid=45788 gui-measure_auto dune_tension.tensiometer] Result: wire 176 length 1431.7 mm tension 9.8 N frequency 88.0 Hz confidence 1.00 at 1635.39990234375,879.3743286132812 focus 6344. Took 1.46 seconds.
2026-08-31 13:58:24,253 WARNING [pid=45788 gui-measure_auto dune_tension.tensiometer] Wire 176 tension 9.78 N flagged as an outlier versus nearby wires; remeasuring and keeping only the second measurement.
2026-08-31 13:58:25,576 INFO [pid=45788 gui-monitor-tension-logs dune_tension.gui.actions] Updated tension logs for APA-US-013 layer V
2026-08-31 13:58:26,313 INFO [pid=45788 Thread-3114 (_audio_worker) spectrum_analysis.audio_processing] Listening for audio events (RMS trigger)...
2026-08-31 13:58:26,458 INFO [pid=45788 Thread-3114 (_audio_worker) spectrum_analysis.audio_processing] Recording started.
2026-08-31 13:58:26,630 WARNING [pid=45788 Thread-3114 (_audio_worker) spectrum_analysis.audio_processing] Max recording length reached.
2026-08-31 13:58:26,878 INFO [pid=45788 gui-measure_auto dune_tension.tensiometer] Sample of wire 176: measured frequency 63.04 Hz {'length': 1.4317, 'frequency': 63.0440434047154, 'tension': 5.01998714738053} with confidence 1.00 (amp=0.0000, harm=0.0000)
2026-08-31 13:58:26,911 INFO [pid=45788 gui-measure_auto dune_tension.tensiometer] Result: wire 176 length 1431.7 mm tension 5.0 N frequency 63.0 Hz confidence 1.00 at 1634.99951171875,879.3480834960938 focus 6344. Took 0.63 seconds.
2026-08-31 13:58:27,016 INFO [pid=45788 gui-measure_auto dune_tension.tensiometer] Timing profile for list wire 176: total=5.45s stages=[wire_total_wall=5.45s, move_to_measurement_pose=3.07s, collect_samples=2.04s, acquire_audio=1.59s, strum=1.59s, wait_for_audio_trigger=0.55s, analyze_audio=0.33s, reset_plc_before_move=0.15s, summary_refresh=0.09s, optimizer_move=0.07s, reset_plc_after_collect=0.04s, reset_plc_before_persist=0.03s, append_result=0.02s, plan_measurement_pose=0.00s, merge_results=0.00s]
2026-08-31 13:58:27,017 INFO [pid=45788 gui-measure_auto dune_tension.tensiometer] Measuring wire 177 at 1635.0,885.1087327841102 focus=6307
2026-08-31 13:58:28,527 INFO [pid=45788 Thread-3117 (_audio_worker) spectrum_analysis.audio_processing] Listening for audio events (RMS trigger)...
2026-08-31 13:58:28,628 INFO [pid=45788 gui-monitor-tension-logs dune_tension.gui.actions] Updated tension logs for APA-US-013 layer V
2026-08-31 13:58:28,655 INFO [pid=45788 Thread-3117 (_audio_worker) spectrum_analysis.audio_processing] Recording started.
2026-08-31 13:58:28,829 WARNING [pid=45788 Thread-3117 (_audio_worker) spectrum_analysis.audio_processing] Max recording length reached.
2026-08-31 13:58:29,120 INFO [pid=45788 gui-measure_auto dune_tension.tensiometer] Sample of wire 177: measured frequency 18.39 Hz {'length': 1.4317, 'frequency': 18.39443893432617, 'tension': 0.42735380745033424} with confidence 0.00 (amp=0.0000, harm=0.0000)
2026-08-31 13:58:29,121 INFO [pid=45788 gui-measure_auto dune_tension.tensiometer] Optimizer next pose: x=1650.1540209511081 y=874.2167802255012 focus=6344
2026-08-31 13:58:29,195 INFO [pid=45788 Thread-3119 (_audio_worker) spectrum_analysis.audio_processing] Listening for audio events (RMS trigger)...
2026-08-31 13:58:29,347 INFO [pid=45788 Thread-3119 (_audio_worker) spectrum_analysis.audio_processing] Recording started.
2026-08-31 13:58:29,518 WARNING [pid=45788 Thread-3119 (_audio_worker) spectrum_analysis.audio_processing] Max recording length reached.
2026-08-31 13:58:29,768 INFO [pid=45788 gui-measure_auto dune_tension.tensiometer] Sample of wire 177: measured frequency 16.66 Hz {'length': 1.4317, 'frequency': 16.664916681347666, 'tension': 0.35076865691725345} with confidence 0.00 (amp=0.0000, harm=0.0000)
2026-08-31 13:58:29,768 INFO [pid=45788 gui-measure_auto dune_tension.tensiometer] Optimizer next pose: x=1654.7861215577375 y=870.8874579144864 focus=6344
2026-08-31 13:58:30,801 INFO [pid=45788 Thread-3122 (_audio_worker) spectrum_analysis.audio_processing] Listening for audio events (RMS trigger)...
2026-08-31 13:58:30,959 INFO [pid=45788 Thread-3122 (_audio_worker) spectrum_analysis.audio_processing] Recording started.
2026-08-31 13:58:31,130 WARNING [pid=45788 Thread-3122 (_audio_worker) spectrum_analysis.audio_processing] Max recording length reached.
2026-08-31 13:58:31,384 INFO [pid=45788 gui-measure_auto dune_tension.tensiometer] Sample of wire 177: measured frequency 62.56 Hz {'length': 1.4317, 'frequency': 62.56402778625488, 'tension': 4.9438340798931435} with confidence 1.00 (amp=0.0000, harm=0.4586)
2026-08-31 13:58:31,410 INFO [pid=45788 gui-measure_auto dune_tension.tensiometer] Result: wire 177 length 1431.7 mm tension 4.9 N frequency 62.6 Hz confidence 1.00 at 1650.5540771484375,874.2048950195312 focus 6344. Took 2.93 seconds.
2026-08-31 13:58:31,434 WARNING [pid=45788 gui-measure_auto dune_tension.tensiometer] Wire 177 tension 4.94 N flagged as an outlier versus nearby wires; remeasuring and keeping only the second measurement.
2026-08-31 13:58:32,748 INFO [pid=45788 gui-monitor-tension-logs dune_tension.gui.actions] Updated tension logs for APA-US-013 layer V
2026-08-31 13:58:33,890 INFO [pid=45788 Thread-3126 (_audio_worker) spectrum_analysis.audio_processing] Listening for audio events (RMS trigger)...
2026-08-31 13:58:34,052 INFO [pid=45788 Thread-3126 (_audio_worker) spectrum_analysis.audio_processing] Recording started.
2026-08-31 13:58:34,225 WARNING [pid=45788 Thread-3126 (_audio_worker) spectrum_analysis.audio_processing] Max recording length reached.
2026-08-31 13:58:34,475 INFO [pid=45788 gui-measure_auto dune_tension.tensiometer] Sample of wire 177: measured frequency 63.31 Hz {'length': 1.4317, 'frequency': 63.30936908721924, 'tension': 5.06233006232782} with confidence 1.00 (amp=0.0000, harm=0.0000)
2026-08-31 13:58:34,485 INFO [pid=45788 gui-measure_auto dune_tension.tensiometer] Result: wire 177 length 1431.7 mm tension 5.1 N frequency 63.3 Hz confidence 1.00 at 1634.99853515625,885.0850830078125 focus 6344. Took 0.63 seconds.
2026-08-31 13:58:34,512 INFO [pid=45788 gui-measure_auto dune_tension.tensiometer] Timing profile for list wire 177: total=7.49s stages=[wire_total_wall=7.49s, move_to_measurement_pose=3.82s, collect_samples=3.53s, acquire_audio=2.10s, strum=2.10s, optimizer_move=1.03s, wait_for_audio_trigger=0.73s, analyze_audio=0.33s, reset_plc_before_move=0.06s, reset_plc_after_collect=0.04s, reset_plc_before_persist=0.02s, append_result=0.02s, summary_refresh=0.01s, plan_measurement_pose=0.00s, merge_results=0.00s]
2026-08-31 13:58:34,513 INFO [pid=45788 gui-measure_auto dune_tension.tensiometer] Measuring wire 178 at 1635.0,890.8431919654627 focus=6309
2026-08-31 13:58:35,637 INFO [pid=45788 Thread-3129 (_audio_worker) spectrum_analysis.audio_processing] Listening for audio events (RMS trigger)...
2026-08-31 13:58:35,780 INFO [pid=45788 Thread-3129 (_audio_worker) spectrum_analysis.audio_processing] Recording started.
2026-08-31 13:58:35,951 WARNING [pid=45788 Thread-3129 (_audio_worker) spectrum_analysis.audio_processing] Max recording length reached.
2026-08-31 13:58:36,070 INFO [pid=45788 gui-monitor-tension-logs dune_tension.gui.actions] Updated tension logs for APA-US-013 layer V
2026-08-31 13:58:36,291 INFO [pid=45788 gui-measure_auto dune_tension.tensiometer] Sample of wire 178: measured frequency 63.81 Hz {'length': 1.4317, 'frequency': 63.80731964111328, 'tension': 5.142277265947033} with confidence 1.00 (amp=0.0000, harm=0.0000)
2026-08-31 13:58:36,304 INFO [pid=45788 gui-measure_auto dune_tension.tensiometer] Result: wire 178 length 1431.7 mm tension 5.1 N frequency 63.8 Hz confidence 1.00 at 1635.0006103515625,890.8485717773438 focus 6344. Took 0.69 seconds.
2026-08-31 13:58:36,333 INFO [pid=45788 gui-measure_auto dune_tension.tensiometer] Timing profile for list wire 178: total=1.82s stages=[wire_total_wall=1.82s, move_to_measurement_pose=1.08s, collect_samples=0.68s, acquire_audio=0.51s, strum=0.51s, wait_for_audio_trigger=0.16s, analyze_audio=0.14s, reset_plc_before_move=0.02s, append_result=0.01s, reset_plc_after_collect=0.01s, reset_plc_before_persist=0.01s, summary_refresh=0.01s, plan_measurement_pose=0.00s, merge_results=0.00s]
2026-08-31 13:58:36,334 INFO [pid=45788 gui-measure_auto dune_tension.tensiometer] Measuring wire 179 at 1635.0,896.5775903097363 focus=6310
2026-08-31 13:58:36,865 INFO [pid=45788 MainThread dune_tension.gui.app] GUI heartbeat. measurement_active=True active_measurement=measure auto focus=6344 threads=7 vmsize=6496096 kB vmhwm=2307544 kB vmrss=1664024 kB
2026-08-31 13:58:38,236 INFO [pid=45788 Thread-3133 (_audio_worker) spectrum_analysis.audio_processing] Listening for audio events (RMS trigger)...
2026-08-31 13:58:38,254 INFO [pid=45788 gui-monitor-tension-logs dune_tension.gui.actions] Updated tension logs for APA-US-013 layer V
2026-08-31 13:58:38,383 INFO [pid=45788 Thread-3133 (_audio_worker) spectrum_analysis.audio_processing] Recording started.
2026-08-31 13:58:38,558 WARNING [pid=45788 Thread-3133 (_audio_worker) spectrum_analysis.audio_processing] Max recording length reached.
2026-08-31 13:58:38,836 INFO [pid=45788 gui-measure_auto dune_tension.tensiometer] Sample of wire 179: measured frequency 65.02 Hz {'length': 1.4317, 'frequency': 65.01779174804688, 'tension': 5.339233530788041} with confidence 1.00 (amp=0.0000, harm=0.0000)
2026-08-31 13:58:38,875 INFO [pid=45788 gui-measure_auto dune_tension.tensiometer] Result: wire 179 length 1431.7 mm tension 5.3 N frequency 65.0 Hz confidence 1.00 at 1634.9986572265625,896.580078125 focus 6344. Took 0.67 seconds.
2026-08-31 13:58:38,995 WARNING [pid=45788 gui-measure_auto dune_tension.tensiometer] Wire 179 tension 5.34 N flagged as an outlier versus nearby wires; remeasuring and keeping only the second measurement.
2026-08-31 13:58:40,308 INFO [pid=45788 Thread-3137 (_audio_worker) spectrum_analysis.audio_processing] Listening for audio events (RMS trigger)...
2026-08-31 13:58:40,452 INFO [pid=45788 Thread-3137 (_audio_worker) spectrum_analysis.audio_processing] Recording started.
2026-08-31 13:58:40,623 WARNING [pid=45788 Thread-3137 (_audio_worker) spectrum_analysis.audio_processing] Max recording length reached.
2026-08-31 13:58:40,849 INFO [pid=45788 gui-monitor-tension-logs dune_tension.gui.actions] Updated tension logs for APA-US-013 layer V
2026-08-31 13:58:40,871 INFO [pid=45788 gui-measure_auto dune_tension.tensiometer] Sample of wire 179: measured frequency 65.02 Hz {'length': 1.4317, 'frequency': 65.01779174804688, 'tension': 5.339233530788041} with confidence 1.00 (amp=0.0000, harm=0.4470)
2026-08-31 13:58:40,908 INFO [pid=45788 gui-measure_auto dune_tension.tensiometer] Result: wire 179 length 1431.7 mm tension 5.3 N frequency 65.0 Hz confidence 1.00 at 1635.3995361328125,896.578125 focus 6344. Took 0.63 seconds.
2026-08-31 13:58:40,936 INFO [pid=45788 gui-measure_auto dune_tension.tensiometer] Timing profile for list wire 179: total=4.58s stages=[wire_total_wall=4.58s, move_to_measurement_pose=3.10s, collect_samples=1.22s, acquire_audio=1.03s, strum=1.03s, wait_for_audio_trigger=0.33s, analyze_audio=0.16s, reset_plc_before_persist=0.12s, reset_plc_after_collect=0.07s, reset_plc_before_move=0.03s, append_result=0.02s, summary_refresh=0.01s, plan_measurement_pose=0.00s, merge_results=0.00s]
2026-08-31 13:58:40,936 INFO [pid=45788 gui-measure_auto dune_tension.tensiometer] Measuring wire 180 at 1635.0,902.3119286175148 focus=6311
2026-08-31 13:58:42,064 INFO [pid=45788 Thread-3140 (_audio_worker) spectrum_analysis.audio_processing] Listening for audio events (RMS trigger)...
2026-08-31 13:58:42,223 INFO [pid=45788 Thread-3140 (_audio_worker) spectrum_analysis.audio_processing] Recording started.
2026-08-31 13:58:42,324 INFO [pid=45788 gui-monitor-tension-logs dune_tension.gui.actions] Updated tension logs for APA-US-013 layer V
2026-08-31 13:58:42,395 WARNING [pid=45788 Thread-3140 (_audio_worker) spectrum_analysis.audio_processing] Max recording length reached.
2026-08-31 13:58:42,812 INFO [pid=45788 gui-measure_auto dune_tension.tensiometer] Sample of wire 180: measured frequency 65.02 Hz {'length': 1.4317, 'frequency': 65.01779174804688, 'tension': 5.339233530788041} with confidence 1.00 (amp=0.0000, harm=0.0000)
2026-08-31 13:58:42,843 INFO [pid=45788 gui-measure_auto dune_tension.tensiometer] Result: wire 180 length 1431.7 mm tension 5.3 N frequency 65.0 Hz confidence 1.00 at 1635.3994140625,902.2987060546875 focus 6344. Took 0.80 seconds.
2026-08-31 13:58:42,856 WARNING [pid=45788 gui-measure_auto dune_tension.tensiometer] Wire 180 tension 5.34 N flagged as an outlier versus nearby wires; remeasuring and keeping only the second measurement.
2026-08-31 13:58:42,954 INFO [pid=45788 Thread-3142 (_audio_worker) spectrum_analysis.audio_processing] Listening for audio events (RMS trigger)...
2026-08-31 13:58:43,099 INFO [pid=45788 Thread-3142 (_audio_worker) spectrum_analysis.audio_processing] Recording started.
2026-08-31 13:58:43,310 WARNING [pid=45788 Thread-3142 (_audio_worker) spectrum_analysis.audio_processing] Max recording length reached.
2026-08-31 13:58:43,694 INFO [pid=45788 gui-measure_auto dune_tension.tensiometer] Sample of wire 180: measured frequency 65.33 Hz {'length': 1.4317, 'frequency': 65.33178615570068, 'tension': 5.390928231925385} with confidence 1.00 (amp=0.0000, harm=0.0000)
2026-08-31 13:58:43,735 INFO [pid=45788 gui-measure_auto dune_tension.tensiometer] Result: wire 180 length 1431.7 mm tension 5.4 N frequency 65.3 Hz confidence 1.00 at 1635.3995361328125,902.3135986328125 focus 6344. Took 0.84 seconds.
2026-08-31 13:58:43,898 INFO [pid=45788 gui-measure_auto dune_tension.tensiometer] Timing profile for list wire 180: total=2.96s stages=[wire_total_wall=2.96s, collect_samples=1.57s, move_to_measurement_pose=1.11s, acquire_audio=1.10s, strum=1.10s, analyze_audio=0.44s, wait_for_audio_trigger=0.37s, reset_plc_before_persist=0.17s, reset_plc_after_collect=0.07s, reset_plc_before_move=0.04s, append_result=0.01s, summary_refresh=0.00s, plan_measurement_pose=0.00s, merge_results=0.00s]
2026-08-31 13:58:43,898 INFO [pid=45788 gui-measure_auto dune_tension.tensiometer] Measuring wire 181 at 1635.0,908.0462076754006 focus=6312
2026-08-31 13:58:44,568 INFO [pid=45788 gui-monitor-tension-logs dune_tension.gui.actions] Updated tension logs for APA-US-013 layer V
2026-08-31 13:58:45,144 INFO [pid=45788 Thread-3146 (_audio_worker) spectrum_analysis.audio_processing] Listening for audio events (RMS trigger)...
2026-08-31 13:58:45,317 INFO [pid=45788 Thread-3146 (_audio_worker) spectrum_analysis.audio_processing] Recording started.
2026-08-31 13:58:45,469 WARNING [pid=45788 Thread-3146 (_audio_worker) spectrum_analysis.audio_processing] Max recording length reached.
2026-08-31 13:58:45,858 INFO [pid=45788 gui-measure_auto dune_tension.tensiometer] Sample of wire 181: measured frequency 65.02 Hz {'length': 1.4317, 'frequency': 65.01784801483154, 'tension': 5.339242772001109} with confidence 1.00 (amp=0.0000, harm=0.0000)
2026-08-31 13:58:45,904 INFO [pid=45788 gui-measure_auto dune_tension.tensiometer] Result: wire 181 length 1431.7 mm tension 5.3 N frequency 65.0 Hz confidence 1.00 at 1635.3994140625,908.0355224609375 focus 6344. Took 0.80 seconds.
2026-08-31 13:58:45,926 WARNING [pid=45788 gui-measure_auto dune_tension.tensiometer] Wire 181 tension 5.34 N flagged as an outlier versus nearby wires; remeasuring and keeping only the second measurement.
2026-08-31 13:58:46,003 INFO [pid=45788 Thread-3149 (_audio_worker) spectrum_analysis.audio_processing] Listening for audio events (RMS trigger)...
2026-08-31 13:58:46,148 INFO [pid=45788 Thread-3149 (_audio_worker) spectrum_analysis.audio_processing] Recording started.
2026-08-31 13:58:46,318 WARNING [pid=45788 Thread-3149 (_audio_worker) spectrum_analysis.audio_processing] Max recording length reached.
2026-08-31 13:58:46,485 INFO [pid=45788 gui-monitor-tension-logs dune_tension.gui.actions] Updated tension logs for APA-US-013 layer V
2026-08-31 13:58:46,781 INFO [pid=45788 gui-measure_auto dune_tension.tensiometer] Sample of wire 181: measured frequency 41.75 Hz {'length': 1.4317, 'frequency': 41.75313949584961, 'tension': 2.2018755012842965} with confidence 1.00 (amp=0.0000, harm=0.0000)
2026-08-31 13:58:46,832 WARNING [pid=45788 gui-measure_auto dune_tension.tensiometer] Tension failed for wire number 181.
2026-08-31 13:58:46,833 INFO [pid=45788 gui-measure_auto dune_tension.tensiometer] Result: wire 181 length 1431.7 mm tension 2.2 N frequency 41.8 Hz confidence 1.00 at 1635.3997802734375,908.046875 focus 6344. Took 0.85 seconds.
2026-08-31 13:58:47,251 INFO [pid=45788 gui-measure_auto dune_tension.tensiometer] Timing profile for list wire 181: total=3.35s stages=[wire_total_wall=3.35s, collect_samples=1.55s, move_to_measurement_pose=1.20s, strum=1.07s, acquire_audio=1.07s, analyze_audio=0.43s, wait_for_audio_trigger=0.37s, append_result=0.36s, reset_plc_after_collect=0.09s, reset_plc_before_move=0.06s, reset_plc_before_persist=0.05s, summary_refresh=0.03s, plan_measurement_pose=0.00s, merge_results=0.00s]
2026-08-31 13:58:47,252 INFO [pid=45788 gui-measure_auto dune_tension.tensiometer] Measuring wire 182 at 1635.0,913.7804282563102 focus=6314
2026-08-31 13:58:48,119 INFO [pid=45788 gui-monitor-tension-logs dune_tension.gui.actions] Updated tension logs for APA-US-013 layer V
2026-08-31 13:58:48,533 INFO [pid=45788 Thread-3154 (_audio_worker) spectrum_analysis.audio_processing] Listening for audio events (RMS trigger)...
2026-08-31 13:58:48,691 INFO [pid=45788 Thread-3154 (_audio_worker) spectrum_analysis.audio_processing] Recording started.
2026-08-31 13:58:48,871 WARNING [pid=45788 Thread-3154 (_audio_worker) spectrum_analysis.audio_processing] Max recording length reached.
2026-08-31 13:58:49,244 INFO [pid=45788 gui-measure_auto dune_tension.tensiometer] Sample of wire 182: measured frequency 65.02 Hz {'length': 1.4317, 'frequency': 65.01771545410156, 'tension': 5.339221000342418} with confidence 1.00 (amp=0.0000, harm=0.0000)
2026-08-31 13:58:49,585 INFO [pid=45788 gui-measure_auto dune_tension.tensiometer] Result: wire 182 length 1431.7 mm tension 5.3 N frequency 65.0 Hz confidence 1.00 at 1635.400146484375,913.7786254882812 focus 6344. Took 1.08 seconds.
2026-08-31 13:58:49,630 INFO [pid=45788 gui-measure_auto dune_tension.tensiometer] Timing profile for list wire 182: total=2.38s stages=[wire_total_wall=2.38s, move_to_measurement_pose=1.19s, collect_samples=0.74s, acquire_audio=0.53s, strum=0.53s, reset_plc_after_collect=0.34s, analyze_audio=0.19s, wait_for_audio_trigger=0.18s, reset_plc_before_move=0.06s, reset_plc_before_persist=0.03s, append_result=0.01s, summary_refresh=0.00s, plan_measurement_pose=0.00s, merge_results=0.00s]
2026-08-31 13:58:49,631 INFO [pid=45788 gui-measure_auto dune_tension.tensiometer] Measuring wire 183 at 1635.0,919.514591119778 focus=6315
2026-08-31 13:58:51,497 INFO [pid=45788 gui-monitor-tension-logs dune_tension.gui.actions] Updated tension logs for APA-US-013 layer V
2026-08-31 13:58:51,584 INFO [pid=45788 Thread-3158 (_audio_worker) spectrum_analysis.audio_processing] Listening for audio events (RMS trigger)...
2026-08-31 13:58:51,738 INFO [pid=45788 Thread-3158 (_audio_worker) spectrum_analysis.audio_processing] Recording started.
2026-08-31 13:58:51,924 WARNING [pid=45788 Thread-3158 (_audio_worker) spectrum_analysis.audio_processing] Max recording length reached.
2026-08-31 13:58:51,924 INFO [pid=45788 MainThread dune_tension.gui.app] GUI heartbeat. measurement_active=True active_measurement=measure auto focus=6344 threads=7 vmsize=6610836 kB vmhwm=2307544 kB vmrss=1713292 kB
2026-08-31 13:58:52,183 INFO [pid=45788 gui-measure_auto dune_tension.tensiometer] Sample of wire 183: measured frequency 64.74 Hz {'length': 1.4317, 'frequency': 64.73672342300415, 'tension': 5.293170885888143} with confidence 1.00 (amp=0.0000, harm=0.0000)
2026-08-31 13:58:52,216 INFO [pid=45788 gui-measure_auto dune_tension.tensiometer] Result: wire 183 length 1431.7 mm tension 5.3 N frequency 64.7 Hz confidence 1.00 at 1635.0010986328125,919.5189819335938 focus 6344. Took 0.67 seconds.
2026-08-31 13:58:52,242 INFO [pid=45788 gui-measure_auto dune_tension.tensiometer] Timing profile for list wire 183: total=2.61s stages=[wire_total_wall=2.61s, move_to_measurement_pose=1.89s, collect_samples=0.64s, acquire_audio=0.53s, strum=0.53s, wait_for_audio_trigger=0.18s, analyze_audio=0.09s, reset_plc_after_collect=0.03s, reset_plc_before_move=0.02s, summary_refresh=0.01s, reset_plc_before_persist=0.01s, append_result=0.01s, plan_measurement_pose=0.00s, merge_results=0.00s]
2026-08-31 13:58:52,242 INFO [pid=45788 gui-measure_auto dune_tension.tensiometer] Measuring wire 184 at 1635.0,925.2486970122387 focus=6316
2026-08-31 13:58:53,602 INFO [pid=45788 Thread-3162 (_audio_worker) spectrum_analysis.audio_processing] Listening for audio events (RMS trigger)...
2026-08-31 13:58:53,743 INFO [pid=45788 gui-monitor-tension-logs dune_tension.gui.actions] Updated tension logs for APA-US-013 layer V
2026-08-31 13:58:53,764 INFO [pid=45788 Thread-3162 (_audio_worker) spectrum_analysis.audio_processing] Recording started.
2026-08-31 13:58:53,936 WARNING [pid=45788 Thread-3162 (_audio_worker) spectrum_analysis.audio_processing] Max recording length reached.
2026-08-31 13:58:54,282 INFO [pid=45788 gui-measure_auto dune_tension.tensiometer] Sample of wire 184: measured frequency 65.91 Hz {'length': 1.4317, 'frequency': 65.9106616973877, 'tension': 5.486884645781238} with confidence 1.00 (amp=0.0000, harm=0.4251)
2026-08-31 13:58:54,324 INFO [pid=45788 gui-measure_auto dune_tension.tensiometer] Result: wire 184 length 1431.7 mm tension 5.5 N frequency 65.9 Hz confidence 1.00 at 1634.9993896484375,925.2465209960938 focus 6344. Took 0.75 seconds.
2026-08-31 13:58:54,458 WARNING [pid=45788 gui-measure_auto dune_tension.tensiometer] Wire 184 tension 5.49 N flagged as an outlier versus nearby wires; remeasuring and keeping only the second measurement.
2026-08-31 13:58:55,438 INFO [pid=45788 Thread-3166 (_audio_worker) spectrum_analysis.audio_processing] Listening for audio events (RMS trigger)...
2026-08-31 13:58:55,581 INFO [pid=45788 Thread-3166 (_audio_worker) spectrum_analysis.audio_processing] Recording started.
2026-08-31 13:58:55,751 WARNING [pid=45788 Thread-3166 (_audio_worker) spectrum_analysis.audio_processing] Max recording length reached.
2026-08-31 13:58:56,007 INFO [pid=45788 gui-measure_auto dune_tension.tensiometer] Sample of wire 184: measured frequency 64.46 Hz {'length': 1.4317, 'frequency': 64.45700025558472, 'tension': 5.247526818317169} with confidence 1.00 (amp=0.0000, harm=0.0000)
2026-08-31 13:58:56,057 INFO [pid=45788 gui-measure_auto dune_tension.tensiometer] Result: wire 184 length 1431.7 mm tension 5.2 N frequency 64.5 Hz confidence 1.00 at 1635.399658203125,925.25 focus 6344. Took 0.67 seconds.
2026-08-31 13:58:56,071 INFO [pid=45788 gui-measure_auto dune_tension.tensiometer] Timing profile for list wire 184: total=3.82s stages=[wire_total_wall=3.82s, move_to_measurement_pose=2.22s, collect_samples=1.33s, acquire_audio=1.07s, strum=1.07s, wait_for_audio_trigger=0.38s, analyze_audio=0.22s, reset_plc_before_persist=0.13s, reset_plc_after_collect=0.09s, reset_plc_before_move=0.04s, append_result=0.01s, summary_refresh=0.01s, plan_measurement_pose=0.00s, merge_results=0.00s]
2026-08-31 13:58:56,071 INFO [pid=45788 gui-measure_auto dune_tension.tensiometer] Measuring wire 185 at 1635.0,930.9827466673123 focus=6317
2026-08-31 13:58:56,253 INFO [pid=45788 gui-monitor-tension-logs dune_tension.gui.actions] Updated tension logs for APA-US-013 layer V
2026-08-31 13:58:57,148 INFO [pid=45788 Thread-3169 (_audio_worker) spectrum_analysis.audio_processing] Listening for audio events (RMS trigger)...
2026-08-31 13:58:57,308 INFO [pid=45788 Thread-3169 (_audio_worker) spectrum_analysis.audio_processing] Recording started.
2026-08-31 13:58:57,476 WARNING [pid=45788 Thread-3169 (_audio_worker) spectrum_analysis.audio_processing] Max recording length reached.
2026-08-31 13:58:57,733 INFO [pid=45788 gui-measure_auto dune_tension.tensiometer] Sample of wire 185: measured frequency 65.96 Hz {'length': 1.4317, 'frequency': 65.95927095413208, 'tension': 5.4949808089346295} with confidence 1.00 (amp=0.0000, harm=0.0000)
2026-08-31 13:58:57,747 INFO [pid=45788 gui-measure_auto dune_tension.tensiometer] Result: wire 185 length 1431.7 mm tension 5.5 N frequency 66.0 Hz confidence 1.00 at 1635.3997802734375,930.9752197265625 focus 6344. Took 0.63 seconds.
2026-08-31 13:58:57,760 WARNING [pid=45788 gui-measure_auto dune_tension.tensiometer] Wire 185 tension 5.49 N flagged as an outlier versus nearby wires; remeasuring and keeping only the second measurement.
2026-08-31 13:58:57,859 INFO [pid=45788 gui-monitor-tension-logs dune_tension.gui.actions] Updated tension logs for APA-US-013 layer V
2026-08-31 13:58:58,582 INFO [pid=45788 Thread-3173 (_audio_worker) spectrum_analysis.audio_processing] Listening for audio events (RMS trigger)...
2026-08-31 13:58:58,735 INFO [pid=45788 Thread-3173 (_audio_worker) spectrum_analysis.audio_processing] Recording started.
2026-08-31 13:58:58,929 WARNING [pid=45788 Thread-3173 (_audio_worker) spectrum_analysis.audio_processing] Max recording length reached.
2026-08-31 13:58:59,219 INFO [pid=45788 gui-measure_auto dune_tension.tensiometer] Sample of wire 185: measured frequency 65.02 Hz {'length': 1.4317, 'frequency': 65.01779174804688, 'tension': 5.339233530788041} with confidence 1.00 (amp=0.0000, harm=0.0000)
2026-08-31 13:58:59,252 INFO [pid=45788 gui-measure_auto dune_tension.tensiometer] Result: wire 185 length 1431.7 mm tension 5.3 N frequency 65.0 Hz confidence 1.00 at 1634.999267578125,930.9832763671875 focus 6344. Took 0.78 seconds.
2026-08-31 13:58:59,281 INFO [pid=45788 gui-measure_auto dune_tension.tensiometer] Timing profile for list wire 185: total=3.21s stages=[wire_total_wall=3.21s, move_to_measurement_pose=1.73s, collect_samples=1.36s, acquire_audio=1.06s, strum=1.06s, wait_for_audio_trigger=0.38s, analyze_audio=0.21s, reset_plc_after_collect=0.05s, reset_plc_before_persist=0.03s, reset_plc_before_move=0.02s, append_result=0.01s, summary_refresh=0.00s, plan_measurement_pose=0.00s, merge_results=0.00s]
2026-08-31 13:58:59,281 INFO [pid=45788 gui-measure_auto dune_tension.tensiometer] Measuring wire 186 at 1635.0,936.7167408060777 focus=6319
2026-08-31 13:58:59,715 INFO [pid=45788 gui-monitor-tension-logs dune_tension.gui.actions] Updated tension logs for APA-US-013 layer V
2026-08-31 13:59:00,613 INFO [pid=45788 Thread-3177 (_audio_worker) spectrum_analysis.audio_processing] Listening for audio events (RMS trigger)...
2026-08-31 13:59:00,772 INFO [pid=45788 Thread-3177 (_audio_worker) spectrum_analysis.audio_processing] Recording started.
2026-08-31 13:59:00,950 WARNING [pid=45788 Thread-3177 (_audio_worker) spectrum_analysis.audio_processing] Max recording length reached.
2026-08-31 13:59:01,232 INFO [pid=45788 gui-measure_auto dune_tension.tensiometer] Sample of wire 186: measured frequency 66.28 Hz {'length': 1.4317, 'frequency': 66.28179168701172, 'tension': 5.548849752041638} with confidence 1.00 (amp=0.0000, harm=0.4527)
2026-08-31 13:59:01,265 INFO [pid=45788 gui-measure_auto dune_tension.tensiometer] Result: wire 186 length 1431.7 mm tension 5.5 N frequency 66.3 Hz confidence 1.00 at 1635.0008544921875,936.7152709960938 focus 6344. Took 0.70 seconds.
2026-08-31 13:59:01,298 WARNING [pid=45788 gui-measure_auto dune_tension.tensiometer] Wire 186 tension 5.55 N flagged as an outlier versus nearby wires; remeasuring and keeping only the second measurement.
2026-08-31 13:59:02,130 INFO [pid=45788 Thread-3180 (_audio_worker) spectrum_analysis.audio_processing] Listening for audio events (RMS trigger)...
2026-08-31 13:59:02,280 INFO [pid=45788 Thread-3180 (_audio_worker) spectrum_analysis.audio_processing] Recording started.
2026-08-31 13:59:02,447 WARNING [pid=45788 Thread-3180 (_audio_worker) spectrum_analysis.audio_processing] Max recording length reached.
2026-08-31 13:59:02,705 INFO [pid=45788 gui-measure_auto dune_tension.tensiometer] Sample of wire 186: measured frequency 66.27 Hz {'length': 1.4317, 'frequency': 66.27228450775146, 'tension': 5.547258059224056} with confidence 1.00 (amp=0.0000, harm=0.0000)
2026-08-31 13:59:02,716 INFO [pid=45788 gui-measure_auto dune_tension.tensiometer] Result: wire 186 length 1431.7 mm tension 5.5 N frequency 66.3 Hz confidence 1.00 at 1635.400634765625,936.7177124023438 focus 6344. Took 0.63 seconds.
2026-08-31 13:59:02,729 INFO [pid=45788 gui-measure_auto dune_tension.tensiometer] Timing profile for list wire 186: total=3.45s stages=[wire_total_wall=3.45s, move_to_measurement_pose=1.93s, collect_samples=1.29s, acquire_audio=1.05s, strum=1.05s, wait_for_audio_trigger=0.37s, analyze_audio=0.19s, reset_plc_before_move=0.14s, reset_plc_after_collect=0.04s, reset_plc_before_persist=0.03s, append_result=0.01s, summary_refresh=0.00s, plan_measurement_pose=0.00s, merge_results=0.00s]
2026-08-31 13:59:02,730 INFO [pid=45788 gui-measure_auto dune_tension.tensiometer] Measuring wire 187 at 1635.0,942.4506801373371 focus=6320
2026-08-31 13:59:02,846 INFO [pid=45788 gui-monitor-tension-logs dune_tension.gui.actions] Updated tension logs for APA-US-013 layer V
2026-08-31 13:59:03,862 INFO [pid=45788 Thread-3183 (_audio_worker) spectrum_analysis.audio_processing] Listening for audio events (RMS trigger)...
2026-08-31 13:59:04,004 INFO [pid=45788 Thread-3183 (_audio_worker) spectrum_analysis.audio_processing] Recording started.
2026-08-31 13:59:04,175 WARNING [pid=45788 Thread-3183 (_audio_worker) spectrum_analysis.audio_processing] Max recording length reached.
2026-08-31 13:59:04,444 INFO [pid=45788 gui-monitor-tension-logs dune_tension.gui.actions] Updated tension logs for APA-US-013 layer V
2026-08-31 13:59:04,473 INFO [pid=45788 gui-measure_auto dune_tension.tensiometer] Sample of wire 187: measured frequency 65.02 Hz {'length': 1.4317, 'frequency': 65.0178632736206, 'tension': 5.3392452780941655} with confidence 1.00 (amp=0.0000, harm=0.0000)
2026-08-31 13:59:04,526 INFO [pid=45788 gui-measure_auto dune_tension.tensiometer] Result: wire 187 length 1431.7 mm tension 5.3 N frequency 65.0 Hz confidence 1.00 at 1634.9990234375,942.4468994140625 focus 6344. Took 0.70 seconds.
2026-08-31 13:59:04,586 INFO [pid=45788 gui-measure_auto dune_tension.tensiometer] Timing profile for list wire 187: total=1.86s stages=[wire_total_wall=1.86s, move_to_measurement_pose=1.09s, collect_samples=0.65s, acquire_audio=0.51s, strum=0.51s, wait_for_audio_trigger=0.17s, analyze_audio=0.10s, reset_plc_after_collect=0.05s, reset_plc_before_persist=0.03s, summary_refresh=0.03s, reset_plc_before_move=0.01s, append_result=0.01s, plan_measurement_pose=0.00s, merge_results=0.00s]
2026-08-31 13:59:04,586 INFO [pid=45788 gui-measure_auto dune_tension.tensiometer] Measuring wire 188 at 1635.0,948.1845653578782 focus=6321
2026-08-31 13:59:05,700 INFO [pid=45788 Thread-3187 (_audio_worker) spectrum_analysis.audio_processing] Listening for audio events (RMS trigger)...
2026-08-31 13:59:05,843 INFO [pid=45788 Thread-3187 (_audio_worker) spectrum_analysis.audio_processing] Recording started.
2026-08-31 13:59:06,011 WARNING [pid=45788 Thread-3187 (_audio_worker) spectrum_analysis.audio_processing] Max recording length reached.
2026-08-31 13:59:06,266 INFO [pid=45788 gui-measure_auto dune_tension.tensiometer] Sample of wire 188: measured frequency 64.51 Hz {'length': 1.4317, 'frequency': 64.5147690428358, 'tension': 5.256937095039737} with confidence 0.94 (amp=0.0000, harm=0.0000)
2026-08-31 13:59:06,295 INFO [pid=45788 gui-measure_auto dune_tension.tensiometer] Result: wire 188 length 1431.7 mm tension 5.3 N frequency 64.5 Hz confidence 0.94 at 1635.4005126953125,948.1885986328125 focus 6344. Took 0.67 seconds.
2026-08-31 13:59:06,308 INFO [pid=45788 gui-measure_auto dune_tension.tensiometer] Timing profile for list wire 188: total=1.72s stages=[wire_total_wall=1.72s, move_to_measurement_pose=1.03s, collect_samples=0.64s, acquire_audio=0.55s, strum=0.55s, wait_for_audio_trigger=0.21s, analyze_audio=0.08s, reset_plc_after_collect=0.03s, reset_plc_before_move=0.01s, reset_plc_before_persist=0.01s, append_result=0.00s, summary_refresh=0.00s, plan_measurement_pose=0.00s, merge_results=0.00s]
2026-08-31 13:59:06,309 INFO [pid=45788 gui-measure_auto dune_tension.tensiometer] Measuring wire 189 at 1635.0,953.9183971527277 focus=6322
2026-08-31 13:59:06,538 INFO [pid=45788 gui-monitor-tension-logs dune_tension.gui.actions] Updated tension logs for APA-US-013 layer V
2026-08-31 13:59:07,021 INFO [pid=45788 MainThread dune_tension.gui.app] GUI heartbeat. measurement_active=True active_measurement=measure auto focus=6344 threads=7 vmsize=6504292 kB vmhwm=2307544 kB vmrss=1664460 kB
2026-08-31 13:59:07,330 INFO [pid=45788 Thread-3191 (_audio_worker) spectrum_analysis.audio_processing] Listening for audio events (RMS trigger)...
2026-08-31 13:59:07,475 INFO [pid=45788 Thread-3191 (_audio_worker) spectrum_analysis.audio_processing] Recording started.
2026-08-31 13:59:07,650 WARNING [pid=45788 Thread-3191 (_audio_worker) spectrum_analysis.audio_processing] Max recording length reached.
2026-08-31 13:59:07,942 INFO [pid=45788 gui-measure_auto dune_tension.tensiometer] Sample of wire 189: measured frequency 66.64 Hz {'length': 1.4317, 'frequency': 66.63732719421387, 'tension': 5.608537462498733} with confidence 1.00 (amp=0.0000, harm=0.4381)
2026-08-31 13:59:07,957 INFO [pid=45788 gui-measure_auto dune_tension.tensiometer] Result: wire 189 length 1431.7 mm tension 5.6 N frequency 66.6 Hz confidence 1.00 at 1634.9986572265625,953.92138671875 focus 6344. Took 0.68 seconds.
2026-08-31 13:59:07,972 WARNING [pid=45788 gui-measure_auto dune_tension.tensiometer] Wire 189 tension 5.61 N flagged as an outlier versus nearby wires; remeasuring and keeping only the second measurement.
2026-08-31 13:59:08,041 INFO [pid=45788 Thread-3193 (_audio_worker) spectrum_analysis.audio_processing] Listening for audio events (RMS trigger)...
2026-08-31 13:59:08,186 INFO [pid=45788 Thread-3193 (_audio_worker) spectrum_analysis.audio_processing] Recording started.
2026-08-31 13:59:08,356 WARNING [pid=45788 Thread-3193 (_audio_worker) spectrum_analysis.audio_processing] Max recording length reached.
2026-08-31 13:59:08,446 INFO [pid=45788 gui-monitor-tension-logs dune_tension.gui.actions] Updated tension logs for APA-US-013 layer V
2026-08-31 13:59:08,872 INFO [pid=45788 gui-measure_auto dune_tension.tensiometer] Sample of wire 189: measured frequency 66.77 Hz {'length': 1.4317, 'frequency': 66.77343225479126, 'tension': 5.631471452355764} with confidence 1.00 (amp=0.0000, harm=0.0000)
2026-08-31 13:59:08,895 INFO [pid=45788 gui-measure_auto dune_tension.tensiometer] Result: wire 189 length 1431.7 mm tension 5.6 N frequency 66.8 Hz confidence 1.00 at 1635.0009765625,953.9207153320312 focus 6344. Took 0.87 seconds.
2026-08-31 13:59:08,944 INFO [pid=45788 gui-measure_auto dune_tension.tensiometer] Timing profile for list wire 189: total=2.64s stages=[wire_total_wall=2.64s, collect_samples=1.52s, acquire_audio=1.03s, strum=1.03s, move_to_measurement_pose=0.97s, analyze_audio=0.43s, wait_for_audio_trigger=0.33s, reset_plc_before_persist=0.05s, reset_plc_before_move=0.04s, reset_plc_after_collect=0.04s, append_result=0.01s, summary_refresh=0.00s, plan_measurement_pose=0.00s, merge_results=0.00s]
2026-08-31 13:59:08,945 INFO [pid=45788 gui-measure_auto dune_tension.tensiometer] Measuring wire 190 at 1635.0,959.6521761953968 focus=6324
2026-08-31 13:59:10,646 INFO [pid=45788 gui-monitor-tension-logs dune_tension.gui.actions] Updated tension logs for APA-US-013 layer V
2026-08-31 13:59:11,614 INFO [pid=45788 Thread-3199 (_audio_worker) spectrum_analysis.audio_processing] Listening for audio events (RMS trigger)...
2026-08-31 13:59:11,943 INFO [pid=45788 Thread-3199 (_audio_worker) spectrum_analysis.audio_processing] Recording started.
2026-08-31 13:59:12,115 WARNING [pid=45788 Thread-3199 (_audio_worker) spectrum_analysis.audio_processing] Max recording length reached.
2026-08-31 13:59:12,368 INFO [pid=45788 gui-measure_auto dune_tension.tensiometer] Sample of wire 190: measured frequency 65.06 Hz {'length': 1.4317, 'frequency': 65.05645084381104, 'tension': 5.34558475557532} with confidence 1.00 (amp=0.0000, harm=0.3719)
2026-08-31 13:59:12,403 INFO [pid=45788 gui-measure_auto dune_tension.tensiometer] Result: wire 190 length 1431.7 mm tension 5.3 N frequency 65.1 Hz confidence 1.00 at 1634.9991455078125,959.6536254882812 focus 6344. Took 1.02 seconds.
2026-08-31 13:59:12,536 INFO [pid=45788 gui-measure_auto dune_tension.tensiometer] Timing profile for list wire 190: total=3.59s stages=[wire_total_wall=3.59s, move_to_measurement_pose=2.42s, collect_samples=0.99s, acquire_audio=0.77s, strum=0.77s, wait_for_audio_trigger=0.43s, reset_plc_before_persist=0.10s, analyze_audio=0.07s, reset_plc_after_collect=0.04s, summary_refresh=0.02s, reset_plc_before_move=0.01s, append_result=0.01s, plan_measurement_pose=0.00s, merge_results=0.00s]
2026-08-31 13:59:12,550 INFO [pid=45788 gui-measure_auto dune_tension.tensiometer] Measuring wire 191 at 1635.0,965.3859031481256 focus=6325
2026-08-31 13:59:14,307 INFO [pid=45788 gui-monitor-tension-logs dune_tension.gui.actions] Updated tension logs for APA-US-013 layer V
2026-08-31 13:59:14,761 INFO [pid=45788 Thread-3203 (_audio_worker) spectrum_analysis.audio_processing] Listening for audio events (RMS trigger)...
2026-08-31 13:59:14,906 INFO [pid=45788 Thread-3203 (_audio_worker) spectrum_analysis.audio_processing] Recording started.
2026-08-31 13:59:15,078 WARNING [pid=45788 Thread-3203 (_audio_worker) spectrum_analysis.audio_processing] Max recording length reached.
2026-08-31 13:59:15,331 INFO [pid=45788 gui-measure_auto dune_tension.tensiometer] Sample of wire 191: measured frequency 64.86 Hz {'length': 1.4317, 'frequency': 64.86280870437622, 'tension': 5.313809584644926} with confidence 1.00 (amp=0.0000, harm=0.0000)
2026-08-31 13:59:15,379 INFO [pid=45788 gui-measure_auto dune_tension.tensiometer] Result: wire 191 length 1431.7 mm tension 5.3 N frequency 64.9 Hz confidence 1.00 at 1635.399658203125,965.3864135742188 focus 6344. Took 0.65 seconds.
2026-08-31 13:59:15,404 INFO [pid=45788 gui-measure_auto dune_tension.tensiometer] Timing profile for list wire 191: total=2.85s stages=[wire_total_wall=2.85s, move_to_measurement_pose=2.17s, collect_samples=0.60s, acquire_audio=0.51s, strum=0.51s, wait_for_audio_trigger=0.16s, analyze_audio=0.07s, reset_plc_after_collect=0.05s, reset_plc_before_move=0.01s, append_result=0.01s, reset_plc_before_persist=0.01s, summary_refresh=0.00s, plan_measurement_pose=0.00s, merge_results=0.00s]
2026-08-31 13:59:15,404 INFO [pid=45788 gui-measure_auto dune_tension.tensiometer] Measuring wire 192 at 1635.0,971.4792330727909 focus=6326
2026-08-31 13:59:16,553 INFO [pid=45788 Thread-3206 (_audio_worker) spectrum_analysis.audio_processing] Listening for audio events (RMS trigger)...
2026-08-31 13:59:16,698 INFO [pid=45788 Thread-3206 (_audio_worker) spectrum_analysis.audio_processing] Recording started.
2026-08-31 13:59:16,869 WARNING [pid=45788 Thread-3206 (_audio_worker) spectrum_analysis.audio_processing] Max recording length reached.
2026-08-31 13:59:17,089 INFO [pid=45788 gui-monitor-tension-logs dune_tension.gui.actions] Updated tension logs for APA-US-013 layer V
2026-08-31 13:59:17,123 INFO [pid=45788 gui-measure_auto dune_tension.tensiometer] Sample of wire 192: measured frequency 66.79 Hz {'length': 1.4317, 'frequency': 66.79486274719238, 'tension': 5.635086799617428} with confidence 1.00 (amp=0.0000, harm=0.0000)
2026-08-31 13:59:17,135 INFO [pid=45788 gui-measure_auto dune_tension.tensiometer] Result: wire 192 length 1431.7 mm tension 5.6 N frequency 66.8 Hz confidence 1.00 at 1635.3997802734375,971.4913940429688 focus 6344. Took 0.73 seconds.
2026-08-31 13:59:17,172 WARNING [pid=45788 gui-measure_auto dune_tension.tensiometer] Wire 192 tension 5.64 N flagged as an outlier versus nearby wires; remeasuring and keeping only the second measurement.
2026-08-31 13:59:18,199 INFO [pid=45788 Thread-3209 (_audio_worker) spectrum_analysis.audio_processing] Listening for audio events (RMS trigger)...
2026-08-31 13:59:18,367 INFO [pid=45788 Thread-3209 (_audio_worker) spectrum_analysis.audio_processing] Recording started.
2026-08-31 13:59:18,511 WARNING [pid=45788 Thread-3209 (_audio_worker) spectrum_analysis.audio_processing] Max recording length reached.
2026-08-31 13:59:18,768 INFO [pid=45788 gui-measure_auto dune_tension.tensiometer] Sample of wire 192: measured frequency 67.07 Hz {'length': 1.4317, 'frequency': 67.07338619232178, 'tension': 5.682179525283856} with confidence 1.00 (amp=0.0000, harm=0.0000)
2026-08-31 13:59:18,801 INFO [pid=45788 gui-measure_auto dune_tension.tensiometer] Result: wire 192 length 1431.7 mm tension 5.7 N frequency 67.1 Hz confidence 1.00 at 1634.9984130859375,971.4802856445312 focus 6344. Took 0.63 seconds.
2026-08-31 13:59:18,814 INFO [pid=45788 gui-measure_auto dune_tension.tensiometer] Timing profile for list wire 192: total=3.41s stages=[wire_total_wall=3.41s, move_to_measurement_pose=1.97s, collect_samples=1.31s, acquire_audio=1.02s, strum=1.02s, wait_for_audio_trigger=0.36s, analyze_audio=0.16s, reset_plc_after_collect=0.04s, reset_plc_before_persist=0.04s, reset_plc_before_move=0.03s, append_result=0.01s, summary_refresh=0.00s, plan_measurement_pose=0.00s, merge_results=0.00s]
2026-08-31 13:59:18,815 INFO [pid=45788 gui-measure_auto dune_tension.tensiometer] Measuring wire 193 at 1635.0,977.223544449541 focus=6327
2026-08-31 13:59:18,886 INFO [pid=45788 gui-monitor-tension-logs dune_tension.gui.actions] Updated tension logs for APA-US-013 layer V
2026-08-31 13:59:20,306 INFO [pid=45788 gui-monitor-tension-logs dune_tension.gui.actions] Updated tension logs for APA-US-013 layer V
2026-08-31 13:59:20,857 INFO [pid=45788 Thread-3213 (_audio_worker) spectrum_analysis.audio_processing] Listening for audio events (RMS trigger)...
2026-08-31 13:59:21,010 INFO [pid=45788 Thread-3213 (_audio_worker) spectrum_analysis.audio_processing] Recording started.
2026-08-31 13:59:21,179 WARNING [pid=45788 Thread-3213 (_audio_worker) spectrum_analysis.audio_processing] Max recording length reached.
2026-08-31 13:59:21,437 INFO [pid=45788 gui-measure_auto dune_tension.tensiometer] Sample of wire 193: measured frequency 66.81 Hz {'length': 1.4317, 'frequency': 66.81395568847657, 'tension': 5.638308776698531} with confidence 1.00 (amp=0.0000, harm=0.0000)
2026-08-31 13:59:21,471 INFO [pid=45788 gui-measure_auto dune_tension.tensiometer] Result: wire 193 length 1431.7 mm tension 5.6 N frequency 66.8 Hz confidence 1.00 at 1634.998779296875,977.2235717773438 focus 6344. Took 0.65 seconds.
2026-08-31 13:59:21,604 WARNING [pid=45788 gui-measure_auto dune_tension.tensiometer] Wire 193 tension 5.64 N flagged as an outlier versus nearby wires; remeasuring and keeping only the second measurement.
2026-08-31 13:59:21,681 INFO [pid=45788 Thread-3215 (_audio_worker) spectrum_analysis.audio_processing] Listening for audio events (RMS trigger)...
2026-08-31 13:59:21,818 INFO [pid=45788 Thread-3215 (_audio_worker) spectrum_analysis.audio_processing] Recording started.
2026-08-31 13:59:22,011 WARNING [pid=45788 Thread-3215 (_audio_worker) spectrum_analysis.audio_processing] Max recording length reached.
2026-08-31 13:59:22,030 INFO [pid=45788 MainThread dune_tension.gui.app] GUI heartbeat. measurement_active=True active_measurement=measure auto focus=6344 threads=7 vmsize=6464216 kB vmhwm=2307544 kB vmrss=1567188 kB
2026-08-31 13:59:22,321 INFO [pid=45788 gui-measure_auto dune_tension.tensiometer] Sample of wire 193: measured frequency 14.04 Hz {'length': 1.4317, 'frequency': 14.042602071649723, 'tension': 0.2490632581852168} with confidence 0.56 (amp=0.0000, harm=0.0000)
2026-08-31 13:59:22,321 INFO [pid=45788 gui-measure_auto dune_tension.tensiometer] Optimizer next pose: x=1642.9803373024652 y=971.4876770133942 focus=6344
2026-08-31 13:59:22,567 INFO [pid=45788 Thread-3218 (_audio_worker) spectrum_analysis.audio_processing] Listening for audio events (RMS trigger)...
2026-08-31 13:59:22,895 INFO [pid=45788 Thread-3218 (_audio_worker) spectrum_analysis.audio_processing] Recording started.
2026-08-31 13:59:23,073 WARNING [pid=45788 Thread-3218 (_audio_worker) spectrum_analysis.audio_processing] Max recording length reached.
2026-08-31 13:59:23,308 INFO [pid=45788 gui-measure_auto dune_tension.tensiometer] Sample of wire 193: measured frequency 29.43 Hz {'length': 1.4317, 'frequency': 29.429801464058286, 'tension': 1.093929039107777} with confidence 0.00 (amp=0.0000, harm=0.2782)
2026-08-31 13:59:23,308 INFO [pid=45788 gui-measure_auto dune_tension.tensiometer] Optimizer next pose: x=1652.6176639563378 y=964.5608484809233 focus=6344
2026-08-31 13:59:23,739 INFO [pid=45788 gui-monitor-tension-logs dune_tension.gui.actions] Updated tension logs for APA-US-013 layer V
2026-08-31 13:59:23,875 INFO [pid=45788 Thread-3220 (_audio_worker) spectrum_analysis.audio_processing] Listening for audio events (RMS trigger)...
2026-08-31 13:59:24,040 INFO [pid=45788 Thread-3220 (_audio_worker) spectrum_analysis.audio_processing] Recording started.
2026-08-31 13:59:24,189 WARNING [pid=45788 Thread-3220 (_audio_worker) spectrum_analysis.audio_processing] Max recording length reached.
2026-08-31 13:59:24,502 INFO [pid=45788 gui-measure_auto dune_tension.tensiometer] Sample of wire 193: measured frequency 33.79 Hz {'length': 1.4317, 'frequency': 33.785186767578125, 'tension': 1.4416742272626493} with confidence 0.00 (amp=0.0000, harm=0.0000)
2026-08-31 13:59:24,502 INFO [pid=45788 gui-measure_auto dune_tension.tensiometer] Optimizer next pose: x=1636.7502841350415 y=975.9655277274799 focus=6344
2026-08-31 13:59:25,030 INFO [pid=45788 Thread-3223 (_audio_worker) spectrum_analysis.audio_processing] Listening for audio events (RMS trigger)...
2026-08-31 13:59:25,168 INFO [pid=45788 Thread-3223 (_audio_worker) spectrum_analysis.audio_processing] Recording started.
2026-08-31 13:59:25,339 WARNING [pid=45788 Thread-3223 (_audio_worker) spectrum_analysis.audio_processing] Max recording length reached.
2026-08-31 13:59:25,594 INFO [pid=45788 gui-measure_auto dune_tension.tensiometer] Sample of wire 193: measured frequency 13.27 Hz {'length': 1.4317, 'frequency': 13.274370076477755, 'tension': 0.22255754849391257} with confidence 1.00 (amp=0.0000, harm=0.0000)
2026-08-31 13:59:25,595 INFO [pid=45788 gui-measure_auto dune_tension.tensiometer] Optimizer next pose: x=1641.3245089976294 y=972.6778036074949 focus=6344
2026-08-31 13:59:27,158 INFO [pid=45788 Thread-3225 (_audio_worker) spectrum_analysis.audio_processing] Listening for audio events (RMS trigger)...
2026-08-31 13:59:27,322 INFO [pid=45788 Thread-3225 (_audio_worker) spectrum_analysis.audio_processing] Recording started.
2026-08-31 13:59:27,494 WARNING [pid=45788 Thread-3225 (_audio_worker) spectrum_analysis.audio_processing] Max recording length reached.
2026-08-31 13:59:27,742 INFO [pid=45788 gui-measure_auto dune_tension.tensiometer] Sample of wire 193: measured frequency 64.50 Hz {'length': 1.4317, 'frequency': 64.49553755171011, 'tension': 5.253803435193863} with confidence 0.93 (amp=0.0000, harm=0.0000)
2026-08-31 13:59:27,772 INFO [pid=45788 gui-measure_auto dune_tension.tensiometer] Result: wire 193 length 1431.7 mm tension 5.3 N frequency 64.5 Hz confidence 0.93 at 1636.7503662109375,975.961181640625 focus 6344. Took 6.11 seconds.
2026-08-31 13:59:27,806 INFO [pid=45788 gui-measure_auto dune_tension.tensiometer] Timing profile for list wire 193: total=8.98s stages=[wire_total_wall=8.98s, collect_samples=6.70s, acquire_audio=3.29s, strum=3.29s, optimizer_move=2.67s, move_to_measurement_pose=2.02s, wait_for_audio_trigger=1.27s, analyze_audio=0.57s, reset_plc_before_persist=0.12s, reset_plc_after_collect=0.06s, append_result=0.03s, reset_plc_before_move=0.02s, summary_refresh=0.02s, plan_measurement_pose=0.00s, merge_results=0.00s]
2026-08-31 13:59:27,818 INFO [pid=45788 gui-measure_auto dune_tension.tensiometer] Measuring wire 194 at 1635.0,982.9678747341832 focus=6329
2026-08-31 13:59:29,486 INFO [pid=45788 gui-monitor-tension-logs dune_tension.gui.actions] Updated tension logs for APA-US-013 layer V
2026-08-31 13:59:29,604 INFO [pid=45788 Thread-3228 (_audio_worker) spectrum_analysis.audio_processing] Listening for audio events (RMS trigger)...
2026-08-31 13:59:29,756 INFO [pid=45788 Thread-3228 (_audio_worker) spectrum_analysis.audio_processing] Recording started.
2026-08-31 13:59:29,940 WARNING [pid=45788 Thread-3228 (_audio_worker) spectrum_analysis.audio_processing] Max recording length reached.
2026-08-31 13:59:30,212 INFO [pid=45788 gui-measure_auto dune_tension.tensiometer] Sample of wire 194: measured frequency 64.40 Hz {'length': 1.4317, 'frequency': 64.4004340171814, 'tension': 5.238320600081104} with confidence 1.00 (amp=0.0000, harm=0.0000)
2026-08-31 13:59:30,224 INFO [pid=45788 gui-measure_auto dune_tension.tensiometer] Result: wire 194 length 1431.7 mm tension 5.2 N frequency 64.4 Hz confidence 1.00 at 1634.996826171875,982.9415283203125 focus 6344. Took 0.65 seconds.
2026-08-31 13:59:30,265 WARNING [pid=45788 gui-measure_auto dune_tension.tensiometer] Wire 194 tension 5.24 N flagged as an outlier versus nearby wires; remeasuring and keeping only the second measurement.
2026-08-31 13:59:31,020 INFO [pid=45788 Thread-3232 (_audio_worker) spectrum_analysis.audio_processing] Listening for audio events (RMS trigger)...
2026-08-31 13:59:31,177 INFO [pid=45788 Thread-3232 (_audio_worker) spectrum_analysis.audio_processing] Recording started.
2026-08-31 13:59:31,333 WARNING [pid=45788 Thread-3232 (_audio_worker) spectrum_analysis.audio_processing] Max recording length reached.
2026-08-31 13:59:31,591 INFO [pid=45788 gui-measure_auto dune_tension.tensiometer] Sample of wire 194: measured frequency 66.21 Hz {'length': 1.4317, 'frequency': 66.20752811431885, 'tension': 5.536422611912825} with confidence 1.00 (amp=0.0000, harm=0.4243)
2026-08-31 13:59:31,611 INFO [pid=45788 gui-measure_auto dune_tension.tensiometer] Result: wire 194 length 1431.7 mm tension 5.5 N frequency 66.2 Hz confidence 1.00 at 1635.4010009765625,982.9691162109375 focus 6344. Took 0.68 seconds.
2026-08-31 13:59:31,636 INFO [pid=45788 gui-measure_auto dune_tension.tensiometer] Timing profile for list wire 194: total=3.75s stages=[wire_total_wall=3.75s, move_to_measurement_pose=2.31s, collect_samples=1.29s, acquire_audio=1.08s, strum=1.08s, wait_for_audio_trigger=0.42s, analyze_audio=0.17s, reset_plc_before_move=0.05s, reset_plc_before_persist=0.03s, reset_plc_after_collect=0.03s, append_result=0.01s, summary_refresh=0.00s, plan_measurement_pose=0.00s, merge_results=0.00s]
2026-08-31 13:59:31,636 INFO [pid=45788 gui-measure_auto dune_tension.tensiometer] Measuring wire 195 at 1635.0,988.712223693384 focus=6330
2026-08-31 13:59:31,832 INFO [pid=45788 gui-monitor-tension-logs dune_tension.gui.actions] Updated tension logs for APA-US-013 layer V
2026-08-31 13:59:33,400 INFO [pid=45788 gui-monitor-tension-logs dune_tension.gui.actions] Updated tension logs for APA-US-013 layer V
2026-08-31 13:59:33,944 INFO [pid=45788 Thread-3236 (_audio_worker) spectrum_analysis.audio_processing] Listening for audio events (RMS trigger)...
2026-08-31 13:59:34,085 INFO [pid=45788 Thread-3236 (_audio_worker) spectrum_analysis.audio_processing] Recording started.
2026-08-31 13:59:34,257 WARNING [pid=45788 Thread-3236 (_audio_worker) spectrum_analysis.audio_processing] Max recording length reached.
2026-08-31 13:59:34,506 INFO [pid=45788 gui-measure_auto dune_tension.tensiometer] Sample of wire 195: measured frequency 66.31 Hz {'length': 1.4317, 'frequency': 66.31077671051025, 'tension': 5.55370383647741} with confidence 1.00 (amp=0.0000, harm=0.4439)
2026-08-31 13:59:34,654 INFO [pid=45788 gui-measure_auto dune_tension.tensiometer] Result: wire 195 length 1431.7 mm tension 5.6 N frequency 66.3 Hz confidence 1.00 at 1635.002197265625,988.712890625 focus 6344. Took 0.76 seconds.
2026-08-31 13:59:34,698 INFO [pid=45788 gui-measure_auto dune_tension.tensiometer] Timing profile for list wire 195: total=3.06s stages=[wire_total_wall=3.06s, move_to_measurement_pose=2.24s, collect_samples=0.62s, acquire_audio=0.53s, strum=0.53s, wait_for_audio_trigger=0.18s, reset_plc_after_collect=0.15s, analyze_audio=0.07s, reset_plc_before_persist=0.04s, reset_plc_before_move=0.01s, append_result=0.01s, plan_measurement_pose=0.00s, summary_refresh=0.00s, merge_results=0.00s]
2026-08-31 13:59:34,702 INFO [pid=45788 gui-measure_auto dune_tension.tensiometer] Measuring wire 196 at 1635.0,994.4565910976295 focus=6331
2026-08-31 13:59:35,891 INFO [pid=45788 Thread-3239 (_audio_worker) spectrum_analysis.audio_processing] Listening for audio events (RMS trigger)...
2026-08-31 13:59:36,026 INFO [pid=45788 Thread-3239 (_audio_worker) spectrum_analysis.audio_processing] Recording started.
2026-08-31 13:59:36,197 WARNING [pid=45788 Thread-3239 (_audio_worker) spectrum_analysis.audio_processing] Max recording length reached.
2026-08-31 13:59:36,274 INFO [pid=45788 gui-monitor-tension-logs dune_tension.gui.actions] Updated tension logs for APA-US-013 layer V
2026-08-31 13:59:36,559 INFO [pid=45788 gui-measure_auto dune_tension.tensiometer] Sample of wire 196: measured frequency 68.33 Hz {'length': 1.4317, 'frequency': 68.33171081542969, 'tension': 5.8973794892034945} with confidence 1.00 (amp=0.0000, harm=0.0000)
2026-08-31 13:59:36,579 INFO [pid=45788 gui-measure_auto dune_tension.tensiometer] Result: wire 196 length 1431.7 mm tension 5.9 N frequency 68.3 Hz confidence 1.00 at 1635.0,994.4619140625 focus 6344. Took 0.71 seconds.
2026-08-31 13:59:36,731 WARNING [pid=45788 gui-measure_auto dune_tension.tensiometer] Wire 196 tension 5.90 N flagged as an outlier versus nearby wires; remeasuring and keeping only the second measurement.
2026-08-31 13:59:37,263 INFO [pid=45788 MainThread dune_tension.gui.app] GUI heartbeat. measurement_active=True active_measurement=measure auto focus=6344 threads=6 vmsize=6497104 kB vmhwm=2307544 kB vmrss=1665572 kB
2026-08-31 13:59:38,071 INFO [pid=45788 Thread-3243 (_audio_worker) spectrum_analysis.audio_processing] Listening for audio events (RMS trigger)...
2026-08-31 13:59:38,224 INFO [pid=45788 Thread-3243 (_audio_worker) spectrum_analysis.audio_processing] Recording started.
2026-08-31 13:59:38,251 INFO [pid=45788 gui-monitor-tension-logs dune_tension.gui.actions] Updated tension logs for APA-US-013 layer V
2026-08-31 13:59:38,397 WARNING [pid=45788 Thread-3243 (_audio_worker) spectrum_analysis.audio_processing] Max recording length reached.
2026-08-31 13:59:38,734 INFO [pid=45788 gui-measure_auto dune_tension.tensiometer] Sample of wire 196: measured frequency 21.74 Hz {'length': 1.4317, 'frequency': 21.737473175501147, 'tension': 0.5968052084387051} with confidence 0.00 (amp=0.0000, harm=0.0000)
2026-08-31 13:59:38,735 INFO [pid=45788 gui-measure_auto dune_tension.tensiometer] Optimizer next pose: x=1631.9119126256617 y=996.6761538979351 focus=6344
2026-08-31 13:59:38,798 INFO [pid=45788 Thread-3245 (_audio_worker) spectrum_analysis.audio_processing] Listening for audio events (RMS trigger)...
2026-08-31 13:59:38,936 INFO [pid=45788 Thread-3245 (_audio_worker) spectrum_analysis.audio_processing] Recording started.
2026-08-31 13:59:39,104 WARNING [pid=45788 Thread-3245 (_audio_worker) spectrum_analysis.audio_processing] Max recording length reached.
2026-08-31 13:59:39,406 INFO [pid=45788 gui-measure_auto dune_tension.tensiometer] Sample of wire 196: measured frequency 67.71 Hz {'length': 1.4317, 'frequency': 67.7088394165039, 'tension': 5.790355470214937} with confidence 1.00 (amp=0.0000, harm=0.0000)
2026-08-31 13:59:39,414 INFO [pid=45788 gui-measure_auto dune_tension.tensiometer] Result: wire 196 length 1431.7 mm tension 5.8 N frequency 67.7 Hz confidence 1.00 at 1635.401611328125,994.4569702148438 focus 6344. Took 1.36 seconds.
2026-08-31 13:59:39,623 INFO [pid=45788 gui-measure_auto dune_tension.tensiometer] Timing profile for list wire 196: total=4.92s stages=[wire_total_wall=4.92s, move_to_measurement_pose=2.45s, collect_samples=2.05s, acquire_audio=1.59s, strum=1.59s, wait_for_audio_trigger=0.49s, analyze_audio=0.38s, reset_plc_before_persist=0.35s, reset_plc_before_move=0.04s, reset_plc_after_collect=0.03s, optimizer_move=0.03s, append_result=0.01s, summary_refresh=0.00s, plan_measurement_pose=0.00s, merge_results=0.00s]
2026-08-31 13:59:39,624 INFO [pid=45788 gui-measure_auto dune_tension.tensiometer] Measuring wire 197 at 1635.0,1000.2009767211557 focus=6332
2026-08-31 13:59:41,083 INFO [pid=45788 Thread-3249 (_audio_worker) spectrum_analysis.audio_processing] Listening for audio events (RMS trigger)...
2026-08-31 13:59:41,232 INFO [pid=45788 Thread-3249 (_audio_worker) spectrum_analysis.audio_processing] Recording started.
2026-08-31 13:59:41,403 WARNING [pid=45788 Thread-3249 (_audio_worker) spectrum_analysis.audio_processing] Max recording length reached.
2026-08-31 13:59:41,432 INFO [pid=45788 gui-monitor-tension-logs dune_tension.gui.actions] Updated tension logs for APA-US-013 layer V
2026-08-31 13:59:41,827 INFO [pid=45788 gui-measure_auto dune_tension.tensiometer] Sample of wire 197: measured frequency 64.99 Hz {'length': 1.4317, 'frequency': 64.98881203787667, 'tension': 5.3344749884532465} with confidence 1.00 (amp=0.0000, harm=0.0000)
2026-08-31 13:59:41,864 INFO [pid=45788 gui-measure_auto dune_tension.tensiometer] Result: wire 197 length 1431.7 mm tension 5.3 N frequency 65.0 Hz confidence 1.00 at 1635.400146484375,1000.1956787109375 focus 6344. Took 0.80 seconds.
2026-08-31 13:59:41,885 INFO [pid=45788 gui-measure_auto dune_tension.tensiometer] Timing profile for list wire 197: total=2.26s stages=[wire_total_wall=2.26s, move_to_measurement_pose=1.37s, collect_samples=0.77s, acquire_audio=0.51s, strum=0.51s, analyze_audio=0.24s, wait_for_audio_trigger=0.17s, reset_plc_before_move=0.07s, reset_plc_after_collect=0.04s, reset_plc_before_persist=0.01s, append_result=0.01s, summary_refresh=0.00s, plan_measurement_pose=0.00s, merge_results=0.00s]
2026-08-31 13:59:41,885 INFO [pid=45788 gui-measure_auto dune_tension.tensiometer] Measuring wire 198 at 1635.0,1005.9453803418645 focus=6334
2026-08-31 13:59:42,954 INFO [pid=45788 Thread-3253 (_audio_worker) spectrum_analysis.audio_processing] Listening for audio events (RMS trigger)...
2026-08-31 13:59:43,087 INFO [pid=45788 Thread-3253 (_audio_worker) spectrum_analysis.audio_processing] Recording started.
2026-08-31 13:59:43,258 WARNING [pid=45788 Thread-3253 (_audio_worker) spectrum_analysis.audio_processing] Max recording length reached.
2026-08-31 13:59:43,486 INFO [pid=45788 gui-monitor-tension-logs dune_tension.gui.actions] Updated tension logs for APA-US-013 layer V
2026-08-31 13:59:43,695 INFO [pid=45788 gui-measure_auto dune_tension.tensiometer] Sample of wire 198: measured frequency 65.18 Hz {'length': 1.4317, 'frequency': 65.17668342590332, 'tension': 5.365361652644046} with confidence 1.00 (amp=0.0000, harm=0.4954)
2026-08-31 13:59:43,713 INFO [pid=45788 gui-measure_auto dune_tension.tensiometer] Result: wire 198 length 1431.7 mm tension 5.4 N frequency 65.2 Hz confidence 1.00 at 1634.9986572265625,1005.9451293945312 focus 6344. Took 0.80 seconds.
2026-08-31 13:59:43,843 INFO [pid=45788 gui-measure_auto dune_tension.tensiometer] Timing profile for list wire 198: total=1.96s stages=[wire_total_wall=1.96s, move_to_measurement_pose=1.02s, collect_samples=0.78s, acquire_audio=0.51s, strum=0.51s, analyze_audio=0.26s, wait_for_audio_trigger=0.17s, append_result=0.07s, reset_plc_before_persist=0.05s, reset_plc_after_collect=0.02s, reset_plc_before_move=0.01s, summary_refresh=0.01s, plan_measurement_pose=0.00s, merge_results=0.00s]
2026-08-31 13:59:43,844 INFO [pid=45788 gui-measure_auto dune_tension.tensiometer] Measuring wire 199 at 1635.0,1011.6898017412552 focus=6335
2026-08-31 13:59:45,808 INFO [pid=45788 gui-monitor-tension-logs dune_tension.gui.actions] Updated tension logs for APA-US-013 layer V
2026-08-31 13:59:46,392 INFO [pid=45788 Thread-3258 (_audio_worker) spectrum_analysis.audio_processing] Listening for audio events (RMS trigger)...
2026-08-31 13:59:46,544 INFO [pid=45788 Thread-3258 (_audio_worker) spectrum_analysis.audio_processing] Recording started.
2026-08-31 13:59:46,716 WARNING [pid=45788 Thread-3258 (_audio_worker) spectrum_analysis.audio_processing] Max recording length reached.
2026-08-31 13:59:46,974 INFO [pid=45788 gui-measure_auto dune_tension.tensiometer] Sample of wire 199: measured frequency 29.19 Hz {'length': 1.4317, 'frequency': 29.193314867569875, 'tension': 1.0764188870006755} with confidence 0.43 (amp=0.0000, harm=0.0000)
2026-08-31 13:59:46,974 INFO [pid=45788 gui-measure_auto dune_tension.tensiometer] Optimizer next pose: x=1624.9121839468294 y=1018.9404195294716 focus=6344
2026-08-31 13:59:47,120 INFO [pid=45788 Thread-3260 (_audio_worker) spectrum_analysis.audio_processing] Listening for audio events (RMS trigger)...
2026-08-31 13:59:47,440 INFO [pid=45788 Thread-3260 (_audio_worker) spectrum_analysis.audio_processing] Recording started.
2026-08-31 13:59:47,613 WARNING [pid=45788 Thread-3260 (_audio_worker) spectrum_analysis.audio_processing] Max recording length reached.
2026-08-31 13:59:47,871 INFO [pid=45788 gui-measure_auto dune_tension.tensiometer] Sample of wire 199: measured frequency 25.48 Hz {'length': 1.4317, 'frequency': 25.48030016269231, 'tension': 0.82001834071016} with confidence 0.58 (amp=0.0000, harm=0.4140)
2026-08-31 13:59:47,871 INFO [pid=45788 gui-measure_auto dune_tension.tensiometer] Optimizer next pose: x=1647.715273471997 y=1002.5506989332573 focus=6344
2026-08-31 13:59:48,219 INFO [pid=45788 Thread-3262 (_audio_worker) spectrum_analysis.audio_processing] Listening for audio events (RMS trigger)...
2026-08-31 13:59:48,357 INFO [pid=45788 Thread-3262 (_audio_worker) spectrum_analysis.audio_processing] Recording started.
2026-08-31 13:59:48,528 WARNING [pid=45788 Thread-3262 (_audio_worker) spectrum_analysis.audio_processing] Max recording length reached.
2026-08-31 13:59:48,792 INFO [pid=45788 gui-measure_auto dune_tension.tensiometer] Sample of wire 199: measured frequency 13.58 Hz {'length': 1.4317, 'frequency': 13.576404402475976, 'tension': 0.23280055872386318} with confidence 0.00 (amp=0.0000, harm=0.0000)
2026-08-31 13:59:48,792 INFO [pid=45788 gui-measure_auto dune_tension.tensiometer] Optimizer next pose: x=1630.102296095112 y=1015.2100264228934 focus=6344
2026-08-31 13:59:49,755 INFO [pid=45788 Thread-3264 (_audio_worker) spectrum_analysis.audio_processing] Listening for audio events (RMS trigger)...
2026-08-31 13:59:49,914 INFO [pid=45788 Thread-3264 (_audio_worker) spectrum_analysis.audio_processing] Recording started.
2026-08-31 13:59:50,086 WARNING [pid=45788 Thread-3264 (_audio_worker) spectrum_analysis.audio_processing] Max recording length reached.
2026-08-31 13:59:50,340 INFO [pid=45788 gui-measure_auto dune_tension.tensiometer] Sample of wire 199: measured frequency 32.45 Hz {'length': 1.4317, 'frequency': 32.44849466913726, 'tension': 1.3298528692527891} with confidence 0.50 (amp=0.0000, harm=0.0000)
2026-08-31 13:59:50,341 INFO [pid=45788 gui-measure_auto dune_tension.tensiometer] Optimizer next pose: x=1633.8296763881751 y=1012.5309718372544 focus=6344
2026-08-31 13:59:51,594 INFO [pid=45788 Thread-3266 (_audio_worker) spectrum_analysis.audio_processing] Listening for audio events (RMS trigger)...
2026-08-31 13:59:51,728 INFO [pid=45788 Thread-3266 (_audio_worker) spectrum_analysis.audio_processing] Recording started.
2026-08-31 13:59:51,899 WARNING [pid=45788 Thread-3266 (_audio_worker) spectrum_analysis.audio_processing] Max recording length reached.
2026-08-31 13:59:52,148 INFO [pid=45788 gui-measure_auto dune_tension.tensiometer] Sample of wire 199: measured frequency 64.87 Hz {'length': 1.4317, 'frequency': 64.86506748199463, 'tension': 5.314179686507268} with confidence 1.00 (amp=0.0000, harm=0.4281)
2026-08-31 13:59:52,181 INFO [pid=45788 gui-measure_auto dune_tension.tensiometer] Result: wire 199 length 1431.7 mm tension 5.3 N frequency 64.9 Hz confidence 1.00 at 1630.1016845703125,1015.201416015625 focus 6344. Took 5.83 seconds.
2026-08-31 13:59:52,198 INFO [pid=45788 gui-measure_auto dune_tension.tensiometer] Timing profile for list wire 199: total=8.35s stages=[wire_total_wall=8.35s, collect_samples=5.79s, acquire_audio=2.81s, strum=2.81s, optimizer_move=2.52s, move_to_measurement_pose=2.46s, wait_for_audio_trigger=1.08s, analyze_audio=0.38s, reset_plc_before_move=0.05s, reset_plc_after_collect=0.03s, reset_plc_before_persist=0.01s, append_result=0.00s, summary_refresh=0.00s, plan_measurement_pose=0.00s, merge_results=0.00s]
2026-08-31 13:59:52,199 INFO [pid=45788 gui-measure_auto dune_tension.tensiometer] Measuring wire 200 at 1635.0,1017.4342407043493 focus=6336
2026-08-31 13:59:52,388 INFO [pid=45788 MainThread dune_tension.gui.app] GUI heartbeat. measurement_active=True active_measurement=measure auto focus=6344 threads=5 vmsize=6447868 kB vmhwm=2307544 kB vmrss=1616348 kB
2026-08-31 13:59:54,119 INFO [pid=45788 gui-monitor-tension-logs dune_tension.gui.actions] Updated tension logs for APA-US-013 layer V
2026-08-31 13:59:54,703 INFO [pid=45788 Thread-3270 (_audio_worker) spectrum_analysis.audio_processing] Listening for audio events (RMS trigger)...
2026-08-31 13:59:54,865 INFO [pid=45788 Thread-3270 (_audio_worker) spectrum_analysis.audio_processing] Recording started.
2026-08-31 13:59:55,037 WARNING [pid=45788 Thread-3270 (_audio_worker) spectrum_analysis.audio_processing] Max recording length reached.
2026-08-31 13:59:55,291 INFO [pid=45788 gui-measure_auto dune_tension.tensiometer] Sample of wire 200: measured frequency 65.49 Hz {'length': 1.4317, 'frequency': 65.49179458618164, 'tension': 5.417367132014376} with confidence 1.00 (amp=0.0000, harm=0.4697)
2026-08-31 13:59:55,327 INFO [pid=45788 gui-measure_auto dune_tension.tensiometer] Result: wire 200 length 1431.7 mm tension 5.4 N frequency 65.5 Hz confidence 1.00 at 1635.39990234375,1017.4229125976562 focus 6344. Took 0.68 seconds.
2026-08-31 13:59:55,347 INFO [pid=45788 gui-measure_auto dune_tension.tensiometer] Timing profile for list wire 200: total=3.15s stages=[wire_total_wall=3.15s, move_to_measurement_pose=2.35s, collect_samples=0.64s, acquire_audio=0.55s, strum=0.55s, wait_for_audio_trigger=0.21s, reset_plc_before_move=0.10s, analyze_audio=0.07s, reset_plc_after_collect=0.04s, reset_plc_before_persist=0.01s, append_result=0.01s, summary_refresh=0.00s, plan_measurement_pose=0.00s, merge_results=0.00s]
2026-08-31 13:59:55,348 INFO [pid=45788 gui-measure_auto dune_tension.tensiometer] Measuring wire 201 at 1635.0,1023.1786970196205 focus=6337
2026-08-31 13:59:56,484 INFO [pid=45788 Thread-3273 (_audio_worker) spectrum_analysis.audio_processing] Listening for audio events (RMS trigger)...
2026-08-31 13:59:56,636 INFO [pid=45788 Thread-3273 (_audio_worker) spectrum_analysis.audio_processing] Recording started.
2026-08-31 13:59:56,806 WARNING [pid=45788 Thread-3273 (_audio_worker) spectrum_analysis.audio_processing] Max recording length reached.
2026-08-31 13:59:57,065 INFO [pid=45788 gui-measure_auto dune_tension.tensiometer] Sample of wire 201: measured frequency 67.41 Hz {'length': 1.4317, 'frequency': 67.40928584152068, 'tension': 5.739234086046215} with confidence 1.00 (amp=0.0000, harm=0.0000)
2026-08-31 13:59:57,078 INFO [pid=45788 gui-measure_auto dune_tension.tensiometer] Result: wire 201 length 1431.7 mm tension 5.7 N frequency 67.4 Hz confidence 1.00 at 1635.3997802734375,1023.185791015625 focus 6344. Took 0.62 seconds.
2026-08-31 13:59:57,091 WARNING [pid=45788 gui-measure_auto dune_tension.tensiometer] Wire 201 tension 5.74 N flagged as an outlier versus nearby wires; remeasuring and keeping only the second measurement.
2026-08-31 13:59:57,170 INFO [pid=45788 gui-monitor-tension-logs dune_tension.gui.actions] Updated tension logs for APA-US-013 layer V
2026-08-31 13:59:57,976 INFO [pid=45788 Thread-3276 (_audio_worker) spectrum_analysis.audio_processing] Listening for audio events (RMS trigger)...
2026-08-31 13:59:58,106 INFO [pid=45788 Thread-3276 (_audio_worker) spectrum_analysis.audio_processing] Recording started.
2026-08-31 13:59:58,277 WARNING [pid=45788 Thread-3276 (_audio_worker) spectrum_analysis.audio_processing] Max recording length reached.
2026-08-31 13:59:58,529 INFO [pid=45788 gui-measure_auto dune_tension.tensiometer] Sample of wire 201: measured frequency 67.41 Hz {'length': 1.4317, 'frequency': 67.40786838531494, 'tension': 5.738992723826191} with confidence 1.00 (amp=0.0000, harm=0.0000)
2026-08-31 13:59:58,557 INFO [pid=45788 gui-measure_auto dune_tension.tensiometer] Result: wire 201 length 1431.7 mm tension 5.7 N frequency 67.4 Hz confidence 1.00 at 1634.9990234375,1023.181396484375 focus 6344. Took 0.62 seconds.
2026-08-31 13:59:58,568 INFO [pid=45788 gui-measure_auto dune_tension.tensiometer] Timing profile for list wire 201: total=3.22s stages=[wire_total_wall=3.22s, move_to_measurement_pose=1.92s, collect_samples=1.20s, acquire_audio=1.01s, strum=1.01s, wait_for_audio_trigger=0.32s, analyze_audio=0.16s, reset_plc_after_collect=0.04s, reset_plc_before_move=0.04s, reset_plc_before_persist=0.02s, append_result=0.01s, summary_refresh=0.00s, plan_measurement_pose=0.00s, merge_results=0.00s]
2026-08-31 13:59:58,568 INFO [pid=45788 gui-measure_auto dune_tension.tensiometer] Measuring wire 202 at 1635.0,1028.9231704789254 focus=6339
2026-08-31 13:59:58,613 INFO [pid=45788 gui-monitor-tension-logs dune_tension.gui.actions] Updated tension logs for APA-US-013 layer V
2026-08-31 13:59:59,792 INFO [pid=45788 Thread-3279 (_audio_worker) spectrum_analysis.audio_processing] Listening for audio events (RMS trigger)...
2026-08-31 14:00:00,091 INFO [pid=45788 Thread-3279 (_audio_worker) spectrum_analysis.audio_processing] Recording started.
2026-08-31 14:00:00,151 WARNING [pid=45788 Thread-3279 (_audio_worker) spectrum_analysis.audio_processing] Max recording length reached.
2026-08-31 14:00:00,402 INFO [pid=45788 gui-measure_auto dune_tension.tensiometer] Sample of wire 202: measured frequency 67.57 Hz {'length': 1.4317, 'frequency': 67.57035827636719, 'tension': 5.766694304571824} with confidence 1.00 (amp=0.0000, harm=0.0000)
2026-08-31 14:00:00,430 INFO [pid=45788 gui-measure_auto dune_tension.tensiometer] Result: wire 202 length 1431.7 mm tension 5.8 N frequency 67.6 Hz confidence 1.00 at 1635.0013427734375,1028.917724609375 focus 6344. Took 0.67 seconds.
2026-08-31 14:00:00,445 WARNING [pid=45788 gui-measure_auto dune_tension.tensiometer] Wire 202 tension 5.77 N flagged as an outlier versus nearby wires; remeasuring and keeping only the second measurement.
2026-08-31 14:00:00,493 INFO [pid=45788 Thread-3281 (_audio_worker) spectrum_analysis.audio_processing] Listening for audio events (RMS trigger)...
2026-08-31 14:00:00,623 INFO [pid=45788 Thread-3281 (_audio_worker) spectrum_analysis.audio_processing] Recording started.
2026-08-31 14:00:00,794 WARNING [pid=45788 Thread-3281 (_audio_worker) spectrum_analysis.audio_processing] Max recording length reached.
2026-08-31 14:00:00,888 INFO [pid=45788 gui-monitor-tension-logs dune_tension.gui.actions] Updated tension logs for APA-US-013 layer V
2026-08-31 14:00:01,229 INFO [pid=45788 gui-measure_auto dune_tension.tensiometer] Sample of wire 202: measured frequency 67.81 Hz {'length': 1.4317, 'frequency': 67.81050872802734, 'tension': 5.807757731022895} with confidence 1.00 (amp=0.0000, harm=0.4178)
2026-08-31 14:00:01,280 INFO [pid=45788 gui-measure_auto dune_tension.tensiometer] Result: wire 202 length 1431.7 mm tension 5.8 N frequency 67.8 Hz confidence 1.00 at 1635.0,1028.9219970703125 focus 6344. Took 0.81 seconds.
2026-08-31 14:00:01,298 INFO [pid=45788 gui-measure_auto dune_tension.tensiometer] Timing profile for list wire 202: total=2.73s stages=[wire_total_wall=2.73s, collect_samples=1.41s, move_to_measurement_pose=1.20s, acquire_audio=1.02s, strum=1.02s, wait_for_audio_trigger=0.47s, analyze_audio=0.34s, reset_plc_after_collect=0.07s, reset_plc_before_persist=0.02s, reset_plc_before_move=0.02s, append_result=0.01s, summary_refresh=0.00s, plan_measurement_pose=0.00s, merge_results=0.00s]
2026-08-31 14:00:01,299 INFO [pid=45788 gui-measure_auto dune_tension.tensiometer] Measuring wire 203 at 1635.0,1034.6676608774358 focus=6340
2026-08-31 14:00:02,474 INFO [pid=45788 gui-monitor-tension-logs dune_tension.gui.actions] Updated tension logs for APA-US-013 layer V
2026-08-31 14:00:02,847 INFO [pid=45788 Thread-3285 (_audio_worker) spectrum_analysis.audio_processing] Listening for audio events (RMS trigger)...
2026-08-31 14:00:02,999 INFO [pid=45788 Thread-3285 (_audio_worker) spectrum_analysis.audio_processing] Recording started.
2026-08-31 14:00:03,167 WARNING [pid=45788 Thread-3285 (_audio_worker) spectrum_analysis.audio_processing] Max recording length reached.
2026-08-31 14:00:03,423 INFO [pid=45788 gui-measure_auto dune_tension.tensiometer] Sample of wire 203: measured frequency 66.29 Hz {'length': 1.4317, 'frequency': 66.2883809407552, 'tension': 5.549953059465073} with confidence 1.00 (amp=0.0000, harm=0.0000)
2026-08-31 14:00:03,471 INFO [pid=45788 gui-measure_auto dune_tension.tensiometer] Result: wire 203 length 1431.7 mm tension 5.5 N frequency 66.3 Hz confidence 1.00 at 1635.000732421875,1034.6676025390625 focus 6344. Took 0.66 seconds.
2026-08-31 14:00:03,612 INFO [pid=45788 gui-measure_auto dune_tension.tensiometer] Timing profile for list wire 203: total=2.31s stages=[wire_total_wall=2.31s, move_to_measurement_pose=1.50s, collect_samples=0.61s, acquire_audio=0.51s, strum=0.51s, wait_for_audio_trigger=0.18s, reset_plc_before_persist=0.10s, analyze_audio=0.08s, reset_plc_after_collect=0.05s, append_result=0.03s, reset_plc_before_move=0.01s, summary_refresh=0.01s, plan_measurement_pose=0.00s, merge_results=0.00s]
2026-08-31 14:00:03,613 INFO [pid=45788 gui-measure_auto dune_tension.tensiometer] Measuring wire 204 at 1635.0,1040.4121680135745 focus=6341
2026-08-31 14:00:04,749 INFO [pid=45788 Thread-3288 (_audio_worker) spectrum_analysis.audio_processing] Listening for audio events (RMS trigger)...
2026-08-31 14:00:04,800 INFO [pid=45788 gui-monitor-tension-logs dune_tension.gui.actions] Updated tension logs for APA-US-013 layer V
2026-08-31 14:00:04,989 INFO [pid=45788 Thread-3288 (_audio_worker) spectrum_analysis.audio_processing] Recording started.
2026-08-31 14:00:05,088 WARNING [pid=45788 Thread-3288 (_audio_worker) spectrum_analysis.audio_processing] Max recording length reached.
2026-08-31 14:00:05,373 INFO [pid=45788 gui-measure_auto dune_tension.tensiometer] Sample of wire 204: measured frequency 43.11 Hz {'length': 1.4317, 'frequency': 43.10971412619938, 'tension': 2.347279318778806} with confidence 0.00 (amp=0.0000, harm=0.0000)
2026-08-31 14:00:05,373 INFO [pid=45788 gui-measure_auto dune_tension.tensiometer] Optimizer next pose: x=1649.6383718527875 y=1030.175893894139 focus=6344
2026-08-31 14:00:05,443 INFO [pid=45788 Thread-3290 (_audio_worker) spectrum_analysis.audio_processing] Listening for audio events (RMS trigger)...
2026-08-31 14:00:05,607 INFO [pid=45788 Thread-3290 (_audio_worker) spectrum_analysis.audio_processing] Recording started.
2026-08-31 14:00:05,765 WARNING [pid=45788 Thread-3290 (_audio_worker) spectrum_analysis.audio_processing] Max recording length reached.
2026-08-31 14:00:05,995 INFO [pid=45788 gui-measure_auto dune_tension.tensiometer] Sample of wire 204: measured frequency 12.04 Hz {'length': 1.4317, 'frequency': 12.038737239259902, 'tension': 0.1830527920979503} with confidence 0.60 (amp=0.0000, harm=0.0000)
2026-08-31 14:00:05,995 INFO [pid=45788 gui-measure_auto dune_tension.tensiometer] Optimizer next pose: x=1642.6511485908204 y=1035.1979606136779 focus=6344
2026-08-31 14:00:06,976 INFO [pid=45788 Thread-3293 (_audio_worker) spectrum_analysis.audio_processing] Listening for audio events (RMS trigger)...
2026-08-31 14:00:07,109 INFO [pid=45788 Thread-3293 (_audio_worker) spectrum_analysis.audio_processing] Recording started.
2026-08-31 14:00:07,280 WARNING [pid=45788 Thread-3293 (_audio_worker) spectrum_analysis.audio_processing] Max recording length reached.
2026-08-31 14:00:07,389 INFO [pid=45788 MainThread dune_tension.gui.app] GUI heartbeat. measurement_active=True active_measurement=measure auto focus=6344 threads=6 vmsize=6513420 kB vmhwm=2307544 kB vmrss=1616396 kB
2026-08-31 14:00:07,547 INFO [pid=45788 gui-measure_auto dune_tension.tensiometer] Sample of wire 204: measured frequency 66.28 Hz {'length': 1.4317, 'frequency': 66.27890892216432, 'tension': 5.548367095168689} with confidence 1.00 (amp=0.0000, harm=0.0000)
2026-08-31 14:00:07,587 INFO [pid=45788 gui-measure_auto dune_tension.tensiometer] Result: wire 204 length 1431.7 mm tension 5.5 N frequency 66.3 Hz confidence 1.00 at 1650.0386962890625,1030.1695556640625 focus 6344. Took 2.86 seconds.
2026-08-31 14:00:07,616 INFO [pid=45788 gui-measure_auto dune_tension.tensiometer] Timing profile for list wire 204: total=4.00s stages=[wire_total_wall=4.00s, collect_samples=2.82s, acquire_audio=1.53s, strum=1.53s, move_to_measurement_pose=1.08s, optimizer_move=0.99s, wait_for_audio_trigger=0.60s, analyze_audio=0.27s, reset_plc_after_collect=0.04s, reset_plc_before_move=0.03s, append_result=0.02s, reset_plc_before_persist=0.01s, summary_refresh=0.00s, plan_measurement_pose=0.00s, merge_results=0.00s]
2026-08-31 14:00:07,621 INFO [pid=45788 gui-measure_auto dune_tension.tensiometer] Measuring wire 205 at 1635.0,1046.15669168895 focus=6342
2026-08-31 14:00:08,905 INFO [pid=45788 gui-monitor-tension-logs dune_tension.gui.actions] Updated tension logs for APA-US-013 layer V
2026-08-31 14:00:09,470 INFO [pid=45788 Thread-3297 (_audio_worker) spectrum_analysis.audio_processing] Listening for audio events (RMS trigger)...
2026-08-31 14:00:09,605 INFO [pid=45788 Thread-3297 (_audio_worker) spectrum_analysis.audio_processing] Recording started.
2026-08-31 14:00:09,777 WARNING [pid=45788 Thread-3297 (_audio_worker) spectrum_analysis.audio_processing] Max recording length reached.
2026-08-31 14:00:10,032 INFO [pid=45788 gui-measure_auto dune_tension.tensiometer] Sample of wire 205: measured frequency 15.67 Hz {'length': 1.4317, 'frequency': 15.670033560033769, 'tension': 0.31013754135981814} with confidence 0.55 (amp=0.0000, harm=0.0000)
2026-08-31 14:00:10,032 INFO [pid=45788 gui-measure_auto dune_tension.tensiometer] Optimizer next pose: x=1646.8042053239358 y=1037.6724191123712 focus=6344
2026-08-31 14:00:10,151 INFO [pid=45788 Thread-3299 (_audio_worker) spectrum_analysis.audio_processing] Listening for audio events (RMS trigger)...
2026-08-31 14:00:10,459 INFO [pid=45788 Thread-3299 (_audio_worker) spectrum_analysis.audio_processing] Timeout reached while waiting for audio event.
2026-08-31 14:00:11,092 INFO [pid=45788 gui-measure_auto dune_tension.tensiometer] Sample of wire 205: no audio detected.
2026-08-31 14:00:11,093 INFO [pid=45788 gui-measure_auto dune_tension.tensiometer] Optimizer next pose: x=1625.1160472624015 y=1053.260782719099 focus=6344
2026-08-31 14:00:11,806 INFO [pid=45788 Thread-3300 (_audio_worker) spectrum_analysis.audio_processing] Listening for audio events (RMS trigger)...
2026-08-31 14:00:11,952 INFO [pid=45788 Thread-3300 (_audio_worker) spectrum_analysis.audio_processing] Recording started.
2026-08-31 14:00:12,123 WARNING [pid=45788 Thread-3300 (_audio_worker) spectrum_analysis.audio_processing] Max recording length reached.
2026-08-31 14:00:12,364 INFO [pid=45788 gui-measure_auto dune_tension.tensiometer] Sample of wire 205: measured frequency 16.97 Hz {'length': 1.4317, 'frequency': 16.966786274959613, 'tension': 0.3635914523883956} with confidence 0.00 (amp=0.0000, harm=0.0000)
2026-08-31 14:00:12,364 INFO [pid=45788 gui-measure_auto dune_tension.tensiometer] Optimizer next pose: x=1647.213927792165 y=1037.3779310883315 focus=6344
2026-08-31 14:00:13,552 INFO [pid=45788 Thread-3302 (_audio_worker) spectrum_analysis.audio_processing] Listening for audio events (RMS trigger)...
2026-08-31 14:00:13,701 INFO [pid=45788 Thread-3302 (_audio_worker) spectrum_analysis.audio_processing] Recording started.
2026-08-31 14:00:13,872 WARNING [pid=45788 Thread-3302 (_audio_worker) spectrum_analysis.audio_processing] Max recording length reached.
2026-08-31 14:00:14,123 INFO [pid=45788 gui-measure_auto dune_tension.tensiometer] Sample of wire 205: measured frequency 64.71 Hz {'length': 1.4317, 'frequency': 64.71393632888794, 'tension': 5.289445187441358} with confidence 1.00 (amp=0.0000, harm=0.0000)
2026-08-31 14:00:14,138 INFO [pid=45788 gui-measure_auto dune_tension.tensiometer] Result: wire 205 length 1431.7 mm tension 5.3 N frequency 64.7 Hz confidence 1.00 at 1625.1171875,1053.2423095703125 focus 6344. Took 4.70 seconds.
2026-08-31 14:00:14,169 WARNING [pid=45788 gui-measure_auto dune_tension.tensiometer] Wire 205 tension 5.29 N flagged as an outlier versus nearby wires; remeasuring and keeping only the second measurement.
2026-08-31 14:00:15,823 INFO [pid=45788 gui-monitor-tension-logs dune_tension.gui.actions] Updated tension logs for APA-US-013 layer V
2026-08-31 14:00:16,788 INFO [pid=45788 Thread-3306 (_audio_worker) spectrum_analysis.audio_processing] Listening for audio events (RMS trigger)...
2026-08-31 14:00:16,944 INFO [pid=45788 Thread-3306 (_audio_worker) spectrum_analysis.audio_processing] Recording started.
2026-08-31 14:00:17,117 WARNING [pid=45788 Thread-3306 (_audio_worker) spectrum_analysis.audio_processing] Max recording length reached.
2026-08-31 14:00:17,362 INFO [pid=45788 gui-measure_auto dune_tension.tensiometer] Sample of wire 205: measured frequency 64.23 Hz {'length': 1.4317, 'frequency': 64.23415040969849, 'tension': 5.211304561232208} with confidence 1.00 (amp=0.0000, harm=0.4250)
2026-08-31 14:00:17,409 INFO [pid=45788 gui-measure_auto dune_tension.tensiometer] Result: wire 205 length 1431.7 mm tension 5.2 N frequency 64.2 Hz confidence 1.00 at 1635.0009765625,1046.1409912109375 focus 6344. Took 0.66 seconds.
2026-08-31 14:00:17,431 INFO [pid=45788 gui-measure_auto dune_tension.tensiometer] Timing profile for list wire 205: total=9.81s stages=[wire_total_wall=9.81s, collect_samples=5.30s, move_to_measurement_pose=4.30s, acquire_audio=3.06s, strum=3.06s, optimizer_move=1.90s, wait_for_audio_trigger=0.68s, analyze_audio=0.27s, reset_plc_before_move=0.09s, reset_plc_after_collect=0.06s, reset_plc_before_persist=0.03s, append_result=0.02s, summary_refresh=0.00s, plan_measurement_pose=0.00s, merge_results=0.00s]
2026-08-31 14:00:17,431 INFO [pid=45788 gui-measure_auto dune_tension.tensiometer] Measuring wire 206 at 1635.0,1051.9012317082925 focus=6344
2026-08-31 14:00:18,811 INFO [pid=45788 Thread-3309 (_audio_worker) spectrum_analysis.audio_processing] Listening for audio events (RMS trigger)...
2026-08-31 14:00:18,877 INFO [pid=45788 gui-monitor-tension-logs dune_tension.gui.actions] Updated tension logs for APA-US-013 layer V
2026-08-31 14:00:18,971 INFO [pid=45788 Thread-3309 (_audio_worker) spectrum_analysis.audio_processing] Recording started.
2026-08-31 14:00:19,146 WARNING [pid=45788 Thread-3309 (_audio_worker) spectrum_analysis.audio_processing] Max recording length reached.
2026-08-31 14:00:19,434 INFO [pid=45788 gui-measure_auto dune_tension.tensiometer] Sample of wire 206: measured frequency 64.71 Hz {'length': 1.4317, 'frequency': 64.70783138275146, 'tension': 5.288447249234186} with confidence 1.00 (amp=0.0000, harm=0.4059)
2026-08-31 14:00:19,488 INFO [pid=45788 gui-measure_auto dune_tension.tensiometer] Result: wire 206 length 1431.7 mm tension 5.3 N frequency 64.7 Hz confidence 1.00 at 1635.400390625,1051.9156494140625 focus 6344. Took 0.70 seconds.
2026-08-31 14:00:19,530 WARNING [pid=45788 gui-measure_auto dune_tension.tensiometer] Wire 206 tension 5.29 N flagged as an outlier versus nearby wires; remeasuring and keeping only the second measurement.
2026-08-31 14:00:19,697 INFO [pid=45788 Thread-3312 (_audio_worker) spectrum_analysis.audio_processing] Listening for audio events (RMS trigger)...
2026-08-31 14:00:19,836 INFO [pid=45788 Thread-3312 (_audio_worker) spectrum_analysis.audio_processing] Recording started.
2026-08-31 14:00:20,001 WARNING [pid=45788 Thread-3312 (_audio_worker) spectrum_analysis.audio_processing] Max recording length reached.
2026-08-31 14:00:20,387 INFO [pid=45788 gui-measure_auto dune_tension.tensiometer] Sample of wire 206: measured frequency 64.55 Hz {'length': 1.4317, 'frequency': 64.55278158187866, 'tension': 5.263133765972369} with confidence 1.00 (amp=0.0000, harm=0.0000)
2026-08-31 14:00:20,418 INFO [pid=45788 gui-measure_auto dune_tension.tensiometer] Result: wire 206 length 1431.7 mm tension 5.3 N frequency 64.6 Hz confidence 1.00 at 1635.3997802734375,1051.9022216796875 focus 6344. Took 0.75 seconds.
2026-08-31 14:00:20,465 INFO [pid=45788 gui-measure_auto dune_tension.tensiometer] Timing profile for list wire 206: total=3.01s stages=[wire_total_wall=3.01s, move_to_measurement_pose=1.38s, collect_samples=1.37s, acquire_audio=1.05s, strum=1.05s, wait_for_audio_trigger=0.35s, analyze_audio=0.27s, reset_plc_before_move=0.09s, reset_plc_after_collect=0.08s, append_result=0.04s, reset_plc_before_persist=0.04s, summary_refresh=0.01s, plan_measurement_pose=0.00s, merge_results=0.00s]
2026-08-31 14:00:20,466 INFO [pid=45788 gui-measure_auto dune_tension.tensiometer] Measuring wire 207 at 1635.0,1057.6457878793958 focus=6345
2026-08-31 14:00:21,139 INFO [pid=45788 gui-monitor-tension-logs dune_tension.gui.actions] Updated tension logs for APA-US-013 layer V
2026-08-31 14:00:21,746 INFO [pid=45788 Thread-3316 (_audio_worker) spectrum_analysis.audio_processing] Listening for audio events (RMS trigger)...
2026-08-31 14:00:21,988 INFO [pid=45788 Thread-3316 (_audio_worker) spectrum_analysis.audio_processing] Recording started.
2026-08-31 14:00:22,069 WARNING [pid=45788 Thread-3316 (_audio_worker) spectrum_analysis.audio_processing] Max recording length reached.
2026-08-31 14:00:22,394 INFO [pid=45788 MainThread dune_tension.gui.app] GUI heartbeat. measurement_active=True active_measurement=measure auto focus=6344 threads=7 vmsize=6456096 kB vmhwm=2307544 kB vmrss=1616392 kB
2026-08-31 14:00:22,410 INFO [pid=45788 gui-measure_auto dune_tension.tensiometer] Sample of wire 207: measured frequency 65.33 Hz {'length': 1.4317, 'frequency': 65.33379173278809, 'tension': 5.391259222052304} with confidence 1.00 (amp=0.0000, harm=0.4229)
2026-08-31 14:00:22,451 INFO [pid=45788 gui-measure_auto dune_tension.tensiometer] Result: wire 207 length 1431.7 mm tension 5.4 N frequency 65.3 Hz confidence 1.00 at 1635.399658203125,1057.6363525390625 focus 6344. Took 0.74 seconds.
2026-08-31 14:00:22,574 INFO [pid=45788 gui-measure_auto dune_tension.tensiometer] Timing profile for list wire 207: total=2.11s stages=[wire_total_wall=2.11s, move_to_measurement_pose=1.23s, collect_samples=0.70s, acquire_audio=0.53s, strum=0.53s, wait_for_audio_trigger=0.27s, analyze_audio=0.14s, reset_plc_before_persist=0.12s, reset_plc_after_collect=0.04s, reset_plc_before_move=0.01s, append_result=0.00s, plan_measurement_pose=0.00s, summary_refresh=0.00s, merge_results=0.00s]
2026-08-31 14:00:22,574 INFO [pid=45788 gui-measure_auto dune_tension.tensiometer] Measuring wire 208 at 1635.0,1063.3903600130548 focus=6346
2026-08-31 14:00:23,004 INFO [pid=45788 gui-monitor-tension-logs dune_tension.gui.actions] Updated tension logs for APA-US-013 layer V
2026-08-31 14:00:24,068 INFO [pid=45788 Thread-3320 (_audio_worker) spectrum_analysis.audio_processing] Listening for audio events (RMS trigger)...
2026-08-31 14:00:24,519 INFO [pid=45788 Thread-3320 (_audio_worker) spectrum_analysis.audio_processing] Recording started.
2026-08-31 14:00:24,690 WARNING [pid=45788 Thread-3320 (_audio_worker) spectrum_analysis.audio_processing] Max recording length reached.
2026-08-31 14:00:24,859 INFO [pid=45788 gui-monitor-tension-logs dune_tension.gui.actions] Updated tension logs for APA-US-013 layer V
2026-08-31 14:00:25,092 INFO [pid=45788 gui-measure_auto dune_tension.tensiometer] Sample of wire 208: measured frequency 64.19 Hz {'length': 1.4317, 'frequency': 64.1904125213623, 'tension': 5.204210084081047} with confidence 1.00 (amp=0.0000, harm=0.0000)
2026-08-31 14:00:25,125 INFO [pid=45788 gui-measure_auto dune_tension.tensiometer] Result: wire 208 length 1431.7 mm tension 5.2 N frequency 64.2 Hz confidence 1.00 at 1634.9991455078125,1063.386962890625 focus 6344. Took 1.18 seconds.
2026-08-31 14:00:25,285 WARNING [pid=45788 gui-measure_auto dune_tension.tensiometer] Wire 208 tension 5.20 N flagged as an outlier versus nearby wires; remeasuring and keeping only the second measurement.
2026-08-31 14:00:25,531 INFO [pid=45788 Thread-3323 (_audio_worker) spectrum_analysis.audio_processing] Listening for audio events (RMS trigger)...
2026-08-31 14:00:25,672 INFO [pid=45788 Thread-3323 (_audio_worker) spectrum_analysis.audio_processing] Recording started.
2026-08-31 14:00:25,847 WARNING [pid=45788 Thread-3323 (_audio_worker) spectrum_analysis.audio_processing] Max recording length reached.
2026-08-31 14:00:26,315 INFO [pid=45788 gui-measure_auto dune_tension.tensiometer] Sample of wire 208: measured frequency 63.78 Hz {'length': 1.4317, 'frequency': 63.78095626831055, 'tension': 5.1380288578646285} with confidence 1.00 (amp=0.0000, harm=0.0000)
2026-08-31 14:00:26,355 INFO [pid=45788 gui-measure_auto dune_tension.tensiometer] Result: wire 208 length 1431.7 mm tension 5.1 N frequency 63.8 Hz confidence 1.00 at 1635.001708984375,1063.3919677734375 focus 6344. Took 0.87 seconds.
2026-08-31 14:00:26,391 INFO [pid=45788 gui-measure_auto dune_tension.tensiometer] Timing profile for list wire 208: total=3.82s stages=[wire_total_wall=3.82s, collect_samples=1.98s, move_to_measurement_pose=1.54s, acquire_audio=1.43s, strum=1.43s, wait_for_audio_trigger=0.73s, analyze_audio=0.50s, reset_plc_before_persist=0.16s, reset_plc_after_collect=0.07s, reset_plc_before_move=0.02s, append_result=0.02s, summary_refresh=0.01s, plan_measurement_pose=0.00s, merge_results=0.00s]
2026-08-31 14:00:26,392 INFO [pid=45788 gui-measure_auto dune_tension.tensiometer] Measuring wire 209 at 1635.0,1069.134947923007 focus=6347
2026-08-31 14:00:27,022 INFO [pid=45788 gui-monitor-tension-logs dune_tension.gui.actions] Updated tension logs for APA-US-013 layer V
2026-08-31 14:00:27,992 INFO [pid=45788 Thread-3328 (_audio_worker) spectrum_analysis.audio_processing] Listening for audio events (RMS trigger)...
2026-08-31 14:00:28,147 INFO [pid=45788 Thread-3328 (_audio_worker) spectrum_analysis.audio_processing] Recording started.
2026-08-31 14:00:28,316 WARNING [pid=45788 Thread-3328 (_audio_worker) spectrum_analysis.audio_processing] Max recording length reached.
2026-08-31 14:00:28,575 INFO [pid=45788 gui-measure_auto dune_tension.tensiometer] Sample of wire 209: measured frequency 63.98 Hz {'length': 1.4317, 'frequency': 63.97727918624878, 'tension': 5.169708071428176} with confidence 1.00 (amp=0.0000, harm=0.0000)
2026-08-31 14:00:28,593 INFO [pid=45788 gui-measure_auto dune_tension.tensiometer] Result: wire 209 length 1431.7 mm tension 5.2 N frequency 64.0 Hz confidence 1.00 at 1634.999755859375,1069.1322021484375 focus 6344. Took 0.74 seconds.
2026-08-31 14:00:28,772 WARNING [pid=45788 gui-measure_auto dune_tension.tensiometer] Wire 209 tension 5.17 N flagged as an outlier versus nearby wires; remeasuring and keeping only the second measurement.
2026-08-31 14:00:29,814 INFO [pid=45788 Thread-3331 (_audio_worker) spectrum_analysis.audio_processing] Listening for audio events (RMS trigger)...
2026-08-31 14:00:29,957 INFO [pid=45788 Thread-3331 (_audio_worker) spectrum_analysis.audio_processing] Recording started.
2026-08-31 14:00:29,974 INFO [pid=45788 gui-monitor-tension-logs dune_tension.gui.actions] Updated tension logs for APA-US-013 layer V
2026-08-31 14:00:30,130 WARNING [pid=45788 Thread-3331 (_audio_worker) spectrum_analysis.audio_processing] Max recording length reached.
2026-08-31 14:00:30,520 INFO [pid=45788 gui-measure_auto dune_tension.tensiometer] Sample of wire 209: measured frequency 64.58 Hz {'length': 1.4317, 'frequency': 64.57530212402344, 'tension': 5.266806707662504} with confidence 1.00 (amp=0.0000, harm=0.0000)
2026-08-31 14:00:30,566 INFO [pid=45788 gui-measure_auto dune_tension.tensiometer] Result: wire 209 length 1431.7 mm tension 5.3 N frequency 64.6 Hz confidence 1.00 at 1635.39990234375,1069.1357421875 focus 6344. Took 0.77 seconds.
2026-08-31 14:00:30,669 INFO [pid=45788 gui-measure_auto dune_tension.tensiometer] Timing profile for list wire 209: total=4.28s stages=[wire_total_wall=4.28s, move_to_measurement_pose=2.40s, collect_samples=1.45s, acquire_audio=1.19s, strum=1.19s, wait_for_audio_trigger=0.43s, analyze_audio=0.21s, reset_plc_before_persist=0.17s, summary_refresh=0.07s, reset_plc_before_move=0.07s, reset_plc_after_collect=0.06s, append_result=0.04s, plan_measurement_pose=0.00s, merge_results=0.00s]
2026-08-31 14:00:30,673 INFO [pid=45788 gui-measure_auto dune_tension.tensiometer] Measuring wire 210 at 1635.0,1074.8797258008003 focus=6349
2026-08-31 14:00:31,718 INFO [pid=45788 Thread-3335 (_audio_worker) spectrum_analysis.audio_processing] Listening for audio events (RMS trigger)...
2026-08-31 14:00:31,877 INFO [pid=45788 Thread-3335 (_audio_worker) spectrum_analysis.audio_processing] Recording started.
2026-08-31 14:00:32,048 WARNING [pid=45788 Thread-3335 (_audio_worker) spectrum_analysis.audio_processing] Max recording length reached.
2026-08-31 14:00:32,289 INFO [pid=45788 gui-monitor-tension-logs dune_tension.gui.actions] Updated tension logs for APA-US-013 layer V
2026-08-31 14:00:32,399 INFO [pid=45788 gui-measure_auto dune_tension.tensiometer] Sample of wire 210: measured frequency 63.20 Hz {'length': 1.4317, 'frequency': 63.19572925567627, 'tension': 5.0441726859364096} with confidence 1.00 (amp=0.0000, harm=0.3992)
2026-08-31 14:00:32,414 INFO [pid=45788 gui-measure_auto dune_tension.tensiometer] Result: wire 210 length 1431.7 mm tension 5.0 N frequency 63.2 Hz confidence 1.00 at 1635.00146484375,1074.8800048828125 focus 6344. Took 0.73 seconds.
2026-08-31 14:00:32,469 WARNING [pid=45788 gui-measure_auto dune_tension.tensiometer] Wire 210 tension 5.04 N flagged as an outlier versus nearby wires; remeasuring and keeping only the second measurement.
2026-08-31 14:00:32,906 INFO [pid=45788 Thread-3339 (_audio_worker) spectrum_analysis.audio_processing] Listening for audio events (RMS trigger)...
2026-08-31 14:00:33,058 INFO [pid=45788 Thread-3339 (_audio_worker) spectrum_analysis.audio_processing] Recording started.
2026-08-31 14:00:33,236 WARNING [pid=45788 Thread-3339 (_audio_worker) spectrum_analysis.audio_processing] Max recording length reached.
2026-08-31 14:00:33,638 INFO [pid=45788 gui-measure_auto dune_tension.tensiometer] Sample of wire 210: measured frequency 64.28 Hz {'length': 1.4317, 'frequency': 64.28188848495483, 'tension': 5.21905340174996} with confidence 1.00 (amp=0.0000, harm=0.4277)
2026-08-31 14:00:33,680 INFO [pid=45788 gui-measure_auto dune_tension.tensiometer] Result: wire 210 length 1431.7 mm tension 5.2 N frequency 64.3 Hz confidence 1.00 at 1635.001220703125,1074.8824462890625 focus 6344. Took 0.80 seconds.
2026-08-31 14:00:33,703 INFO [pid=45788 gui-measure_auto dune_tension.tensiometer] Timing profile for list wire 210: total=3.03s stages=[wire_total_wall=3.03s, collect_samples=1.47s, move_to_measurement_pose=1.37s, acquire_audio=1.08s, strum=1.08s, wait_for_audio_trigger=0.36s, analyze_audio=0.35s, reset_plc_after_collect=0.06s, reset_plc_before_move=0.04s, append_result=0.03s, reset_plc_before_persist=0.03s, summary_refresh=0.01s, plan_measurement_pose=0.00s, merge_results=0.00s]
2026-08-31 14:00:33,704 INFO [pid=45788 gui-measure_auto dune_tension.tensiometer] Measuring wire 211 at 1635.0,1080.6273285192435 focus=6350
2026-08-31 14:00:34,250 INFO [pid=45788 gui-monitor-tension-logs dune_tension.gui.actions] Updated tension logs for APA-US-013 layer V
2026-08-31 14:00:35,184 INFO [pid=45788 Thread-3343 (_audio_worker) spectrum_analysis.audio_processing] Listening for audio events (RMS trigger)...
2026-08-31 14:00:35,335 INFO [pid=45788 Thread-3343 (_audio_worker) spectrum_analysis.audio_processing] Recording started.
2026-08-31 14:00:35,505 WARNING [pid=45788 Thread-3343 (_audio_worker) spectrum_analysis.audio_processing] Max recording length reached.
2026-08-31 14:00:35,757 INFO [pid=45788 gui-measure_auto dune_tension.tensiometer] Sample of wire 211: measured frequency 65.33 Hz {'length': 1.4317, 'frequency': 65.33379745483398, 'tension': 5.391260166403866} with confidence 1.00 (amp=0.0000, harm=0.3870)
2026-08-31 14:00:35,791 INFO [pid=45788 gui-measure_auto dune_tension.tensiometer] Result: wire 211 length 1431.7 mm tension 5.4 N frequency 65.3 Hz confidence 1.00 at 1635.400634765625,1080.630859375 focus 6344. Took 0.67 seconds.
2026-08-31 14:00:35,883 INFO [pid=45788 gui-measure_auto dune_tension.tensiometer] Timing profile for list wire 211: total=2.18s stages=[wire_total_wall=2.18s, move_to_measurement_pose=1.39s, collect_samples=0.63s, acquire_audio=0.54s, strum=0.54s, wait_for_audio_trigger=0.20s, append_result=0.08s, analyze_audio=0.07s, reset_plc_after_collect=0.03s, reset_plc_before_move=0.03s, reset_plc_before_persist=0.01s, summary_refresh=0.00s, plan_measurement_pose=0.00s, merge_results=0.00s]
2026-08-31 14:00:35,933 INFO [pid=45788 gui-measure_auto dune_tension.tensiometer] Measuring wire 212 at 1635.0,1086.3749235745831 focus=6351
2026-08-31 14:00:37,344 INFO [pid=45788 gui-monitor-tension-logs dune_tension.gui.actions] Updated tension logs for APA-US-013 layer V
2026-08-31 14:00:37,399 INFO [pid=45788 MainThread dune_tension.gui.app] GUI heartbeat. measurement_active=True active_measurement=measure auto focus=6344 threads=5 vmsize=6488892 kB vmhwm=2307544 kB vmrss=1665544 kB
2026-08-31 14:00:37,576 INFO [pid=45788 Thread-3347 (_audio_worker) spectrum_analysis.audio_processing] Listening for audio events (RMS trigger)...
2026-08-31 14:00:37,753 INFO [pid=45788 Thread-3347 (_audio_worker) spectrum_analysis.audio_processing] Recording started.
2026-08-31 14:00:37,898 WARNING [pid=45788 Thread-3347 (_audio_worker) spectrum_analysis.audio_processing] Max recording length reached.
2026-08-31 14:00:38,143 INFO [pid=45788 gui-measure_auto dune_tension.tensiometer] Sample of wire 212: measured frequency 17.95 Hz {'length': 1.4317, 'frequency': 17.95426856676319, 'tension': 0.4071457642559331} with confidence 0.56 (amp=0.0000, harm=0.0000)
2026-08-31 14:00:38,143 INFO [pid=45788 gui-measure_auto dune_tension.tensiometer] Optimizer next pose: x=1618.419766397427 y=1098.2919664764324 focus=6344
2026-08-31 14:00:38,341 INFO [pid=45788 Thread-3349 (_audio_worker) spectrum_analysis.audio_processing] Listening for audio events (RMS trigger)...
2026-08-31 14:00:38,491 INFO [pid=45788 Thread-3349 (_audio_worker) spectrum_analysis.audio_processing] Recording started.
2026-08-31 14:00:38,662 WARNING [pid=45788 Thread-3349 (_audio_worker) spectrum_analysis.audio_processing] Max recording length reached.
2026-08-31 14:00:38,915 INFO [pid=45788 gui-measure_auto dune_tension.tensiometer] Sample of wire 212: measured frequency 66.28 Hz {'length': 1.4317, 'frequency': 66.28178405761719, 'tension': 5.54884847463617} with confidence 1.00 (amp=0.0000, harm=0.0000)
2026-08-31 14:00:38,956 INFO [pid=45788 gui-measure_auto dune_tension.tensiometer] Result: wire 212 length 1431.7 mm tension 5.5 N frequency 66.3 Hz confidence 1.00 at 1634.9969482421875,1086.3765869140625 focus 6344. Took 1.41 seconds.
2026-08-31 14:00:39,093 INFO [pid=45788 gui-measure_auto dune_tension.tensiometer] Timing profile for list wire 212: total=3.16s stages=[wire_total_wall=3.16s, move_to_measurement_pose=1.58s, collect_samples=1.37s, acquire_audio=1.02s, strum=1.02s, wait_for_audio_trigger=0.37s, optimizer_move=0.15s, analyze_audio=0.14s, reset_plc_before_persist=0.11s, reset_plc_after_collect=0.04s, reset_plc_before_move=0.03s, plan_measurement_pose=0.02s, append_result=0.02s, summary_refresh=0.01s, merge_results=0.00s]
2026-08-31 14:00:39,101 INFO [pid=45788 gui-measure_auto dune_tension.tensiometer] Measuring wire 213 at 1635.0,1092.122511054959 focus=6352
2026-08-31 14:00:40,325 INFO [pid=45788 gui-monitor-tension-logs dune_tension.gui.actions] Updated tension logs for APA-US-013 layer V
2026-08-31 14:00:41,431 INFO [pid=45788 Thread-3353 (_audio_worker) spectrum_analysis.audio_processing] Listening for audio events (RMS trigger)...
2026-08-31 14:00:41,584 INFO [pid=45788 Thread-3353 (_audio_worker) spectrum_analysis.audio_processing] Recording started.
2026-08-31 14:00:41,757 WARNING [pid=45788 Thread-3353 (_audio_worker) spectrum_analysis.audio_processing] Max recording length reached.
2026-08-31 14:00:42,007 INFO [pid=45788 gui-measure_auto dune_tension.tensiometer] Sample of wire 213: measured frequency 64.77 Hz {'length': 1.4317, 'frequency': 64.76827621459961, 'tension': 5.298331944729027} with confidence 1.00 (amp=0.0000, harm=0.4931)
2026-08-31 14:00:42,046 INFO [pid=45788 gui-measure_auto dune_tension.tensiometer] Result: wire 213 length 1431.7 mm tension 5.3 N frequency 64.8 Hz confidence 1.00 at 1635.400390625,1092.108642578125 focus 6344. Took 0.66 seconds.
2026-08-31 14:00:42,080 INFO [pid=45788 gui-measure_auto dune_tension.tensiometer] Timing profile for list wire 213: total=2.98s stages=[wire_total_wall=2.98s, move_to_measurement_pose=2.27s, collect_samples=0.62s, acquire_audio=0.53s, strum=0.53s, wait_for_audio_trigger=0.19s, analyze_audio=0.07s, reset_plc_after_collect=0.04s, append_result=0.02s, reset_plc_before_persist=0.02s, reset_plc_before_move=0.01s, summary_refresh=0.00s, plan_measurement_pose=0.00s, merge_results=0.00s]
2026-08-31 14:00:42,080 INFO [pid=45788 gui-measure_auto dune_tension.tensiometer] Measuring wire 214 at 1635.0,1097.8700910471648 focus=6354
2026-08-31 14:00:43,175 INFO [pid=45788 Thread-3356 (_audio_worker) spectrum_analysis.audio_processing] Listening for audio events (RMS trigger)...
2026-08-31 14:00:43,333 INFO [pid=45788 Thread-3356 (_audio_worker) spectrum_analysis.audio_processing] Recording started.
2026-08-31 14:00:43,504 WARNING [pid=45788 Thread-3356 (_audio_worker) spectrum_analysis.audio_processing] Max recording length reached.
2026-08-31 14:00:43,643 INFO [pid=45788 gui-monitor-tension-logs dune_tension.gui.actions] Updated tension logs for APA-US-013 layer V
2026-08-31 14:00:43,907 INFO [pid=45788 gui-measure_auto dune_tension.tensiometer] Sample of wire 214: measured frequency 65.08 Hz {'length': 1.4317, 'frequency': 65.0783519744873, 'tension': 5.349184523321118} with confidence 1.00 (amp=0.0000, harm=0.4173)
2026-08-31 14:00:43,949 INFO [pid=45788 gui-measure_auto dune_tension.tensiometer] Result: wire 214 length 1431.7 mm tension 5.3 N frequency 65.1 Hz confidence 1.00 at 1634.9986572265625,1097.84375 focus 6344. Took 0.80 seconds.
2026-08-31 14:00:43,984 INFO [pid=45788 gui-measure_auto dune_tension.tensiometer] Timing profile for list wire 214: total=1.90s stages=[wire_total_wall=1.90s, move_to_measurement_pose=1.06s, collect_samples=0.76s, acquire_audio=0.54s, strum=0.54s, analyze_audio=0.20s, wait_for_audio_trigger=0.17s, reset_plc_after_collect=0.04s, reset_plc_before_persist=0.02s, append_result=0.01s, reset_plc_before_move=0.01s, summary_refresh=0.00s, plan_measurement_pose=0.00s, merge_results=0.00s]
2026-08-31 14:00:43,985 INFO [pid=45788 gui-measure_auto dune_tension.tensiometer] Measuring wire 215 at 1635.0,1103.617663636671 focus=6355
2026-08-31 14:00:45,333 INFO [pid=45788 Thread-3360 (_audio_worker) spectrum_analysis.audio_processing] Listening for audio events (RMS trigger)...
2026-08-31 14:00:45,488 INFO [pid=45788 Thread-3360 (_audio_worker) spectrum_analysis.audio_processing] Recording started.
2026-08-31 14:00:45,659 WARNING [pid=45788 Thread-3360 (_audio_worker) spectrum_analysis.audio_processing] Max recording length reached.
2026-08-31 14:00:45,897 INFO [pid=45788 gui-monitor-tension-logs dune_tension.gui.actions] Updated tension logs for APA-US-013 layer V
2026-08-31 14:00:45,906 INFO [pid=45788 gui-measure_auto dune_tension.tensiometer] Sample of wire 215: measured frequency 65.36 Hz {'length': 1.4317, 'frequency': 65.35545921325684, 'tension': 5.394835759437433} with confidence 1.00 (amp=0.0000, harm=0.0000)
2026-08-31 14:00:45,942 INFO [pid=45788 gui-measure_auto dune_tension.tensiometer] Result: wire 215 length 1431.7 mm tension 5.4 N frequency 65.4 Hz confidence 1.00 at 1635.4005126953125,1103.6285400390625 focus 6344. Took 0.76 seconds.
2026-08-31 14:00:46,041 INFO [pid=45788 gui-measure_auto dune_tension.tensiometer] Timing profile for list wire 215: total=2.06s stages=[wire_total_wall=2.06s, move_to_measurement_pose=1.19s, collect_samples=0.72s, acquire_audio=0.52s, strum=0.52s, wait_for_audio_trigger=0.17s, reset_plc_before_persist=0.09s, analyze_audio=0.07s, reset_plc_after_collect=0.04s, append_result=0.01s, reset_plc_before_move=0.01s, summary_refresh=0.00s, plan_measurement_pose=0.00s, merge_results=0.00s]
2026-08-31 14:00:46,042 INFO [pid=45788 gui-measure_auto dune_tension.tensiometer] Measuring wire 216 at 1635.0,1109.3652289076554 focus=6356
2026-08-31 14:00:47,197 INFO [pid=45788 Thread-3363 (_audio_worker) spectrum_analysis.audio_processing] Listening for audio events (RMS trigger)...
2026-08-31 14:00:47,344 INFO [pid=45788 Thread-3363 (_audio_worker) spectrum_analysis.audio_processing] Recording started.
2026-08-31 14:00:47,515 WARNING [pid=45788 Thread-3363 (_audio_worker) spectrum_analysis.audio_processing] Max recording length reached.
2026-08-31 14:00:47,678 INFO [pid=45788 gui-monitor-tension-logs dune_tension.gui.actions] Updated tension logs for APA-US-013 layer V
2026-08-31 14:00:47,756 INFO [pid=45788 gui-measure_auto dune_tension.tensiometer] Sample of wire 216: measured frequency 65.02 Hz {'length': 1.4317, 'frequency': 65.01779174804688, 'tension': 5.339233530788041} with confidence 1.00 (amp=0.0000, harm=0.0000)
2026-08-31 14:00:47,810 INFO [pid=45788 gui-measure_auto dune_tension.tensiometer] Result: wire 216 length 1431.7 mm tension 5.3 N frequency 65.0 Hz confidence 1.00 at 1634.9986572265625,1109.348876953125 focus 6344. Took 0.64 seconds.
2026-08-31 14:00:48,364 INFO [pid=45788 gui-measure_auto dune_tension.tensiometer] Timing profile for list wire 216: total=2.32s stages=[wire_total_wall=2.32s, move_to_measurement_pose=1.03s, collect_samples=0.58s, append_result=0.54s, acquire_audio=0.51s, strum=0.51s, wait_for_audio_trigger=0.16s, reset_plc_before_move=0.09s, analyze_audio=0.07s, reset_plc_after_collect=0.05s, reset_plc_before_persist=0.01s, summary_refresh=0.00s, plan_measurement_pose=0.00s, merge_results=0.00s]
2026-08-31 14:00:48,369 INFO [pid=45788 gui-measure_auto dune_tension.tensiometer] Measuring wire 217 at 1635.0,1115.1127869430222 focus=6357
2026-08-31 14:00:49,495 INFO [pid=45788 Thread-3367 (_audio_worker) spectrum_analysis.audio_processing] Listening for audio events (RMS trigger)...
2026-08-31 14:00:49,648 INFO [pid=45788 Thread-3367 (_audio_worker) spectrum_analysis.audio_processing] Recording started.
2026-08-31 14:00:49,811 INFO [pid=45788 gui-monitor-tension-logs dune_tension.gui.actions] Updated tension logs for APA-US-013 layer V
2026-08-31 14:00:49,823 WARNING [pid=45788 Thread-3367 (_audio_worker) spectrum_analysis.audio_processing] Max recording length reached.
2026-08-31 14:00:50,160 INFO [pid=45788 gui-measure_auto dune_tension.tensiometer] Sample of wire 217: measured frequency 66.12 Hz {'length': 1.4317, 'frequency': 66.11925411224365, 'tension': 5.521669112115179} with confidence 1.00 (amp=0.0000, harm=0.4508)
2026-08-31 14:00:50,208 INFO [pid=45788 gui-measure_auto dune_tension.tensiometer] Result: wire 217 length 1431.7 mm tension 5.5 N frequency 66.1 Hz confidence 1.00 at 1635.400390625,1115.10986328125 focus 6344. Took 0.74 seconds.
2026-08-31 14:00:50,349 WARNING [pid=45788 gui-measure_auto dune_tension.tensiometer] Wire 217 tension 5.52 N flagged as an outlier versus nearby wires; remeasuring and keeping only the second measurement.
2026-08-31 14:00:51,095 INFO [pid=45788 Thread-3371 (_audio_worker) spectrum_analysis.audio_processing] Listening for audio events (RMS trigger)...
2026-08-31 14:00:51,240 INFO [pid=45788 Thread-3371 (_audio_worker) spectrum_analysis.audio_processing] Recording started.
2026-08-31 14:00:51,398 WARNING [pid=45788 Thread-3371 (_audio_worker) spectrum_analysis.audio_processing] Max recording length reached.
2026-08-31 14:00:51,649 INFO [pid=45788 gui-measure_auto dune_tension.tensiometer] Sample of wire 217: measured frequency 65.82 Hz {'length': 1.4317, 'frequency': 65.81711006164551, 'tension': 5.471319857501097} with confidence 1.00 (amp=0.0000, harm=0.4462)
2026-08-31 14:00:51,665 INFO [pid=45788 gui-measure_auto dune_tension.tensiometer] Result: wire 217 length 1431.7 mm tension 5.5 N frequency 65.8 Hz confidence 1.00 at 1634.9974365234375,1115.11376953125 focus 6344. Took 0.72 seconds.
2026-08-31 14:00:51,693 INFO [pid=45788 gui-measure_auto dune_tension.tensiometer] Timing profile for list wire 217: total=3.32s stages=[wire_total_wall=3.32s, move_to_measurement_pose=1.66s, collect_samples=1.40s, acquire_audio=1.12s, strum=1.12s, wait_for_audio_trigger=0.45s, analyze_audio=0.23s, reset_plc_before_persist=0.15s, reset_plc_after_collect=0.06s, reset_plc_before_move=0.04s, append_result=0.01s, plan_measurement_pose=0.00s, summary_refresh=0.00s, merge_results=0.00s]
2026-08-31 14:00:51,694 INFO [pid=45788 gui-measure_auto dune_tension.tensiometer] Measuring wire 218 at 1635.0,1120.8603378244288 focus=6358
2026-08-31 14:00:51,909 INFO [pid=45788 gui-monitor-tension-logs dune_tension.gui.actions] Updated tension logs for APA-US-013 layer V
2026-08-31 14:00:52,408 INFO [pid=45788 MainThread dune_tension.gui.app] GUI heartbeat. measurement_active=True active_measurement=measure auto focus=6344 threads=6 vmsize=6595544 kB vmhwm=2307544 kB vmrss=1764004 kB
2026-08-31 14:00:53,031 INFO [pid=45788 Thread-3375 (_audio_worker) spectrum_analysis.audio_processing] Listening for audio events (RMS trigger)...
2026-08-31 14:00:53,216 INFO [pid=45788 Thread-3375 (_audio_worker) spectrum_analysis.audio_processing] Recording started.
2026-08-31 14:00:53,339 WARNING [pid=45788 Thread-3375 (_audio_worker) spectrum_analysis.audio_processing] Max recording length reached.
2026-08-31 14:00:53,606 INFO [pid=45788 gui-measure_auto dune_tension.tensiometer] Sample of wire 218: measured frequency 61.61 Hz {'length': 1.4317, 'frequency': 61.61379384994507, 'tension': 4.794798809400263} with confidence 1.00 (amp=0.0000, harm=0.0000)
2026-08-31 14:00:53,764 INFO [pid=45788 gui-measure_auto dune_tension.tensiometer] Result: wire 218 length 1431.7 mm tension 4.8 N frequency 61.6 Hz confidence 1.00 at 1634.99951171875,1120.8558349609375 focus 6344. Took 0.75 seconds.
2026-08-31 14:00:53,775 WARNING [pid=45788 gui-measure_auto dune_tension.tensiometer] Wire 218 tension 4.79 N flagged as an outlier versus nearby wires; remeasuring and keeping only the second measurement.
2026-08-31 14:00:53,827 INFO [pid=45788 Thread-3377 (_audio_worker) spectrum_analysis.audio_processing] Listening for audio events (RMS trigger)...
2026-08-31 14:00:53,957 INFO [pid=45788 Thread-3377 (_audio_worker) spectrum_analysis.audio_processing] Recording started.
2026-08-31 14:00:54,066 INFO [pid=45788 gui-monitor-tension-logs dune_tension.gui.actions] Updated tension logs for APA-US-013 layer V
2026-08-31 14:00:54,128 WARNING [pid=45788 Thread-3377 (_audio_worker) spectrum_analysis.audio_processing] Max recording length reached.
2026-08-31 14:00:54,569 INFO [pid=45788 gui-measure_auto dune_tension.tensiometer] Sample of wire 218: measured frequency 63.17 Hz {'length': 1.4317, 'frequency': 63.16961669921875, 'tension': 5.040005029895931} with confidence 1.00 (amp=0.0000, harm=0.0000)
2026-08-31 14:00:54,583 INFO [pid=45788 gui-measure_auto dune_tension.tensiometer] Result: wire 218 length 1431.7 mm tension 5.0 N frequency 63.2 Hz confidence 1.00 at 1635.0003662109375,1120.86181640625 focus 6344. Took 0.78 seconds.
2026-08-31 14:00:54,824 INFO [pid=45788 gui-measure_auto dune_tension.tensiometer] Timing profile for list wire 218: total=3.13s stages=[wire_total_wall=3.13s, collect_samples=1.36s, move_to_measurement_pose=1.32s, acquire_audio=1.00s, strum=1.00s, wait_for_audio_trigger=0.35s, analyze_audio=0.33s, reset_plc_before_persist=0.23s, reset_plc_after_collect=0.17s, reset_plc_before_move=0.02s, append_result=0.02s, summary_refresh=0.00s, plan_measurement_pose=0.00s, merge_results=0.00s]
2026-08-31 14:00:54,825 INFO [pid=45788 gui-measure_auto dune_tension.tensiometer] Measuring wire 219 at 1635.0,1126.607881632308 focus=6360
2026-08-31 14:00:56,297 INFO [pid=45788 Thread-3382 (_audio_worker) spectrum_analysis.audio_processing] Listening for audio events (RMS trigger)...
2026-08-31 14:00:56,454 INFO [pid=45788 Thread-3382 (_audio_worker) spectrum_analysis.audio_processing] Recording started.
2026-08-31 14:00:56,567 INFO [pid=45788 gui-monitor-tension-logs dune_tension.gui.actions] Updated tension logs for APA-US-013 layer V
2026-08-31 14:00:56,632 WARNING [pid=45788 Thread-3382 (_audio_worker) spectrum_analysis.audio_processing] Max recording length reached.
2026-08-31 14:00:57,174 INFO [pid=45788 gui-measure_auto dune_tension.tensiometer] Sample of wire 219: measured frequency 65.02 Hz {'length': 1.4317, 'frequency': 65.01779174804688, 'tension': 5.339233530788041} with confidence 1.00 (amp=0.0000, harm=0.4642)
2026-08-31 14:00:57,315 INFO [pid=45788 gui-measure_auto dune_tension.tensiometer] Result: wire 219 length 1431.7 mm tension 5.3 N frequency 65.0 Hz confidence 1.00 at 1634.9993896484375,1126.608642578125 focus 6344. Took 1.04 seconds.
2026-08-31 14:00:57,365 INFO [pid=45788 gui-measure_auto dune_tension.tensiometer] Timing profile for list wire 219: total=2.54s stages=[wire_total_wall=2.54s, move_to_measurement_pose=1.43s, collect_samples=0.90s, acquire_audio=0.52s, strum=0.52s, analyze_audio=0.37s, wait_for_audio_trigger=0.17s, reset_plc_after_collect=0.14s, append_result=0.02s, reset_plc_before_persist=0.02s, reset_plc_before_move=0.02s, summary_refresh=0.00s, plan_measurement_pose=0.00s, merge_results=0.00s]
2026-08-31 14:00:57,365 INFO [pid=45788 gui-measure_auto dune_tension.tensiometer] Measuring wire 220 at 1635.0,1132.3554184458926 focus=6361
2026-08-31 14:00:59,071 INFO [pid=45788 Thread-3386 (_audio_worker) spectrum_analysis.audio_processing] Listening for audio events (RMS trigger)...
2026-08-31 14:00:59,227 INFO [pid=45788 Thread-3386 (_audio_worker) spectrum_analysis.audio_processing] Recording started.
2026-08-31 14:00:59,279 INFO [pid=45788 gui-monitor-tension-logs dune_tension.gui.actions] Updated tension logs for APA-US-013 layer V
2026-08-31 14:00:59,399 WARNING [pid=45788 Thread-3386 (_audio_worker) spectrum_analysis.audio_processing] Max recording length reached.
2026-08-31 14:00:59,743 INFO [pid=45788 gui-measure_auto dune_tension.tensiometer] Sample of wire 220: measured frequency 64.09 Hz {'length': 1.4317, 'frequency': 64.0878963470459, 'tension': 5.1876004485311835} with confidence 1.00 (amp=0.0000, harm=0.0000)
2026-08-31 14:00:59,769 INFO [pid=45788 gui-measure_auto dune_tension.tensiometer] Result: wire 220 length 1431.7 mm tension 5.2 N frequency 64.1 Hz confidence 1.00 at 1635.400146484375,1132.3603515625 focus 6344. Took 0.72 seconds.
2026-08-31 14:00:59,784 WARNING [pid=45788 gui-measure_auto dune_tension.tensiometer] Wire 220 tension 5.19 N flagged as an outlier versus nearby wires; remeasuring and keeping only the second measurement.
2026-08-31 14:00:59,995 INFO [pid=45788 Thread-3389 (_audio_worker) spectrum_analysis.audio_processing] Listening for audio events (RMS trigger)...
2026-08-31 14:01:00,144 INFO [pid=45788 Thread-3389 (_audio_worker) spectrum_analysis.audio_processing] Recording started.
2026-08-31 14:01:00,323 WARNING [pid=45788 Thread-3389 (_audio_worker) spectrum_analysis.audio_processing] Max recording length reached.
2026-08-31 14:01:00,662 INFO [pid=45788 gui-measure_auto dune_tension.tensiometer] Sample of wire 220: measured frequency 65.02 Hz {'length': 1.4317, 'frequency': 65.01779174804688, 'tension': 5.339233530788041} with confidence 1.00 (amp=0.0000, harm=0.0000)
2026-08-31 14:01:00,722 INFO [pid=45788 gui-measure_auto dune_tension.tensiometer] Result: wire 220 length 1431.7 mm tension 5.3 N frequency 65.0 Hz confidence 1.00 at 1635.3994140625,1132.35595703125 focus 6344. Took 0.80 seconds.
2026-08-31 14:01:00,813 INFO [pid=45788 gui-measure_auto dune_tension.tensiometer] Timing profile for list wire 220: total=3.45s stages=[wire_total_wall=3.45s, move_to_measurement_pose=1.78s, collect_samples=1.43s, acquire_audio=1.09s, strum=1.09s, wait_for_audio_trigger=0.35s, analyze_audio=0.25s, reset_plc_after_collect=0.09s, reset_plc_before_persist=0.06s, reset_plc_before_move=0.04s, append_result=0.04s, summary_refresh=0.01s, plan_measurement_pose=0.00s, merge_results=0.00s]
2026-08-31 14:01:00,814 INFO [pid=45788 gui-measure_auto dune_tension.tensiometer] Measuring wire 221 at 1635.0,1138.1029483432349 focus=6362
2026-08-31 14:01:01,517 INFO [pid=45788 gui-monitor-tension-logs dune_tension.gui.actions] Updated tension logs for APA-US-013 layer V
2026-08-31 14:01:02,276 INFO [pid=45788 Thread-3393 (_audio_worker) spectrum_analysis.audio_processing] Listening for audio events (RMS trigger)...
2026-08-31 14:01:02,427 INFO [pid=45788 Thread-3393 (_audio_worker) spectrum_analysis.audio_processing] Recording started.
2026-08-31 14:01:02,600 WARNING [pid=45788 Thread-3393 (_audio_worker) spectrum_analysis.audio_processing] Max recording length reached.
2026-08-31 14:01:02,855 INFO [pid=45788 gui-measure_auto dune_tension.tensiometer] Sample of wire 221: measured frequency 65.26 Hz {'length': 1.4317, 'frequency': 65.25932025909424, 'tension': 5.378975649207921} with confidence 1.00 (amp=0.0000, harm=0.0000)
2026-08-31 14:01:02,866 INFO [pid=45788 gui-measure_auto dune_tension.tensiometer] Result: wire 221 length 1431.7 mm tension 5.4 N frequency 65.3 Hz confidence 1.00 at 1635.3995361328125,1138.0943603515625 focus 6344. Took 0.63 seconds.
2026-08-31 14:01:02,878 INFO [pid=45788 gui-measure_auto dune_tension.tensiometer] Timing profile for list wire 221: total=2.06s stages=[wire_total_wall=2.06s, move_to_measurement_pose=1.28s, collect_samples=0.62s, acquire_audio=0.52s, strum=0.52s, wait_for_audio_trigger=0.18s, reset_plc_before_move=0.14s, analyze_audio=0.08s, reset_plc_after_collect=0.01s, reset_plc_before_persist=0.01s, append_result=0.00s, summary_refresh=0.00s, plan_measurement_pose=0.00s, merge_results=0.00s]
2026-08-31 14:01:02,879 INFO [pid=45788 gui-measure_auto dune_tension.tensiometer] Measuring wire 222 at 1635.0,1143.850471401231 focus=6363
2026-08-31 14:01:03,098 INFO [pid=45788 gui-monitor-tension-logs dune_tension.gui.actions] Updated tension logs for APA-US-013 layer V
2026-08-31 14:01:04,436 INFO [pid=45788 Thread-3397 (_audio_worker) spectrum_analysis.audio_processing] Listening for audio events (RMS trigger)...
2026-08-31 14:01:04,585 INFO [pid=45788 Thread-3397 (_audio_worker) spectrum_analysis.audio_processing] Recording started.
2026-08-31 14:01:04,753 WARNING [pid=45788 Thread-3397 (_audio_worker) spectrum_analysis.audio_processing] Max recording length reached.
2026-08-31 14:01:05,012 INFO [pid=45788 gui-measure_auto dune_tension.tensiometer] Sample of wire 222: measured frequency 64.58 Hz {'length': 1.4317, 'frequency': 64.57522535324097, 'tension': 5.266794184712757} with confidence 1.00 (amp=0.0000, harm=0.0000)
2026-08-31 14:01:05,032 INFO [pid=45788 gui-measure_auto dune_tension.tensiometer] Result: wire 222 length 1431.7 mm tension 5.3 N frequency 64.6 Hz confidence 1.00 at 1635.0001220703125,1143.850341796875 focus 6344. Took 0.66 seconds.
2026-08-31 14:01:05,046 INFO [pid=45788 gui-measure_auto dune_tension.tensiometer] Timing profile for list wire 222: total=2.17s stages=[wire_total_wall=2.17s, move_to_measurement_pose=1.48s, collect_samples=0.64s, acquire_audio=0.52s, strum=0.52s, wait_for_audio_trigger=0.18s, analyze_audio=0.08s, reset_plc_after_collect=0.02s, reset_plc_before_persist=0.01s, reset_plc_before_move=0.01s, append_result=0.00s, summary_refresh=0.00s, plan_measurement_pose=0.00s, merge_results=0.00s]
2026-08-31 14:01:05,046 INFO [pid=45788 gui-measure_auto dune_tension.tensiometer] Measuring wire 223 at 1635.0,1149.5979876956415 focus=6365
2026-08-31 14:01:05,240 INFO [pid=45788 gui-monitor-tension-logs dune_tension.gui.actions] Updated tension logs for APA-US-013 layer V
2026-08-31 14:01:06,371 INFO [pid=45788 Thread-3401 (_audio_worker) spectrum_analysis.audio_processing] Listening for audio events (RMS trigger)...
2026-08-31 14:01:06,503 INFO [pid=45788 Thread-3401 (_audio_worker) spectrum_analysis.audio_processing] Recording started.
2026-08-31 14:01:06,672 WARNING [pid=45788 Thread-3401 (_audio_worker) spectrum_analysis.audio_processing] Max recording length reached.
2026-08-31 14:01:06,936 INFO [pid=45788 gui-measure_auto dune_tension.tensiometer] Sample of wire 223: measured frequency 63.79 Hz {'length': 1.4317, 'frequency': 63.78628492355347, 'tension': 5.1388874190938765} with confidence 1.00 (amp=0.0000, harm=0.0000)
2026-08-31 14:01:06,947 INFO [pid=45788 gui-measure_auto dune_tension.tensiometer] Result: wire 223 length 1431.7 mm tension 5.1 N frequency 63.8 Hz confidence 1.00 at 1635.4005126953125,1149.6004638671875 focus 6344. Took 0.64 seconds.
2026-08-31 14:01:06,960 WARNING [pid=45788 gui-measure_auto dune_tension.tensiometer] Wire 223 tension 5.14 N flagged as an outlier versus nearby wires; remeasuring and keeping only the second measurement.
2026-08-31 14:01:07,177 INFO [pid=45788 gui-monitor-tension-logs dune_tension.gui.actions] Updated tension logs for APA-US-013 layer V
2026-08-31 14:01:07,633 INFO [pid=45788 MainThread dune_tension.gui.app] GUI heartbeat. measurement_active=True active_measurement=measure auto focus=6344 threads=7 vmsize=6497120 kB vmhwm=2307544 kB vmrss=1665576 kB
2026-08-31 14:01:07,712 INFO [pid=45788 Thread-3405 (_audio_worker) spectrum_analysis.audio_processing] Listening for audio events (RMS trigger)...
2026-08-31 14:01:07,908 INFO [pid=45788 Thread-3405 (_audio_worker) spectrum_analysis.audio_processing] Recording started.
2026-08-31 14:01:08,041 WARNING [pid=45788 Thread-3405 (_audio_worker) spectrum_analysis.audio_processing] Max recording length reached.
2026-08-31 14:01:08,361 INFO [pid=45788 gui-measure_auto dune_tension.tensiometer] Sample of wire 223: measured frequency 64.24 Hz {'length': 1.4317, 'frequency': 64.24332571029663, 'tension': 5.21279344839132} with confidence 1.00 (amp=0.0000, harm=0.4440)
2026-08-31 14:01:08,397 INFO [pid=45788 gui-measure_auto dune_tension.tensiometer] Result: wire 223 length 1431.7 mm tension 5.2 N frequency 64.2 Hz confidence 1.00 at 1634.9991455078125,1149.5997314453125 focus 6344. Took 0.72 seconds.
2026-08-31 14:01:08,497 INFO [pid=45788 gui-measure_auto dune_tension.tensiometer] Timing profile for list wire 223: total=3.45s stages=[wire_total_wall=3.45s, move_to_measurement_pose=1.94s, collect_samples=1.32s, acquire_audio=1.06s, strum=1.06s, wait_for_audio_trigger=0.44s, analyze_audio=0.22s, reset_plc_before_persist=0.10s, reset_plc_after_collect=0.05s, reset_plc_before_move=0.03s, append_result=0.01s, summary_refresh=0.00s, plan_measurement_pose=0.00s, merge_results=0.00s]
2026-08-31 14:01:08,497 INFO [pid=45788 gui-measure_auto dune_tension.tensiometer] Measuring wire 224 at 1635.0,1155.3454973011112 focus=6366
2026-08-31 14:01:09,690 INFO [pid=45788 Thread-3408 (_audio_worker) spectrum_analysis.audio_processing] Listening for audio events (RMS trigger)...
2026-08-31 14:01:09,829 INFO [pid=45788 Thread-3408 (_audio_worker) spectrum_analysis.audio_processing] Recording started.
2026-08-31 14:01:10,001 WARNING [pid=45788 Thread-3408 (_audio_worker) spectrum_analysis.audio_processing] Max recording length reached.
2026-08-31 14:01:10,248 INFO [pid=45788 gui-monitor-tension-logs dune_tension.gui.actions] Updated tension logs for APA-US-013 layer V
2026-08-31 14:01:10,268 INFO [pid=45788 gui-measure_auto dune_tension.tensiometer] Sample of wire 224: measured frequency 65.02 Hz {'length': 1.4317, 'frequency': 65.01779174804688, 'tension': 5.339233530788041} with confidence 1.00 (amp=0.0000, harm=0.4145)
2026-08-31 14:01:10,396 INFO [pid=45788 gui-measure_auto dune_tension.tensiometer] Result: wire 224 length 1431.7 mm tension 5.3 N frequency 65.0 Hz confidence 1.00 at 1635.400146484375,1155.3433837890625 focus 6344. Took 0.74 seconds.
2026-08-31 14:01:10,453 INFO [pid=45788 gui-measure_auto dune_tension.tensiometer] Timing profile for list wire 224: total=1.96s stages=[wire_total_wall=1.96s, move_to_measurement_pose=1.13s, collect_samples=0.61s, acquire_audio=0.51s, strum=0.51s, wait_for_audio_trigger=0.17s, reset_plc_after_collect=0.13s, analyze_audio=0.09s, reset_plc_before_persist=0.03s, reset_plc_before_move=0.03s, append_result=0.02s, summary_refresh=0.01s, plan_measurement_pose=0.00s, merge_results=0.00s]
2026-08-31 14:01:10,454 INFO [pid=45788 gui-measure_auto dune_tension.tensiometer] Measuring wire 225 at 1635.0,1161.0930002911914 focus=6367
2026-08-31 14:01:11,512 INFO [pid=45788 Thread-3411 (_audio_worker) spectrum_analysis.audio_processing] Listening for audio events (RMS trigger)...
2026-08-31 14:01:11,674 INFO [pid=45788 Thread-3411 (_audio_worker) spectrum_analysis.audio_processing] Recording started.
2026-08-31 14:01:11,844 WARNING [pid=45788 Thread-3411 (_audio_worker) spectrum_analysis.audio_processing] Max recording length reached.
2026-08-31 14:01:12,094 INFO [pid=45788 gui-measure_auto dune_tension.tensiometer] Sample of wire 225: measured frequency 65.02 Hz {'length': 1.4317, 'frequency': 65.01779569678719, 'tension': 5.339234179325826} with confidence 0.96 (amp=0.0000, harm=0.0000)
2026-08-31 14:01:12,109 INFO [pid=45788 gui-measure_auto dune_tension.tensiometer] Result: wire 225 length 1431.7 mm tension 5.3 N frequency 65.0 Hz confidence 0.96 at 1634.9989013671875,1161.1002197265625 focus 6344. Took 0.65 seconds.
2026-08-31 14:01:12,124 INFO [pid=45788 gui-measure_auto dune_tension.tensiometer] Timing profile for list wire 225: total=1.67s stages=[wire_total_wall=1.67s, move_to_measurement_pose=0.95s, collect_samples=0.63s, acquire_audio=0.53s, strum=0.53s, wait_for_audio_trigger=0.19s, analyze_audio=0.08s, reset_plc_before_move=0.05s, reset_plc_after_collect=0.01s, reset_plc_before_persist=0.01s, append_result=0.00s, summary_refresh=0.00s, plan_measurement_pose=0.00s, merge_results=0.00s]
2026-08-31 14:01:12,125 INFO [pid=45788 gui-measure_auto dune_tension.tensiometer] Measuring wire 226 at 1635.0,1166.84049673836 focus=6368
2026-08-31 14:01:12,403 INFO [pid=45788 gui-monitor-tension-logs dune_tension.gui.actions] Updated tension logs for APA-US-013 layer V
2026-08-31 14:01:13,757 INFO [pid=45788 Thread-3414 (_audio_worker) spectrum_analysis.audio_processing] Listening for audio events (RMS trigger)...
2026-08-31 14:01:13,905 INFO [pid=45788 Thread-3414 (_audio_worker) spectrum_analysis.audio_processing] Recording started.
2026-08-31 14:01:14,076 WARNING [pid=45788 Thread-3414 (_audio_worker) spectrum_analysis.audio_processing] Max recording length reached.
2026-08-31 14:01:14,325 INFO [pid=45788 gui-measure_auto dune_tension.tensiometer] Sample of wire 226: measured frequency 66.76 Hz {'length': 1.4317, 'frequency': 66.76325702667236, 'tension': 5.629755286545182} with confidence 1.00 (amp=0.0000, harm=0.0000)
2026-08-31 14:01:14,353 INFO [pid=45788 gui-measure_auto dune_tension.tensiometer] Result: wire 226 length 1431.7 mm tension 5.6 N frequency 66.8 Hz confidence 1.00 at 1635.39990234375,1166.8385009765625 focus 6344. Took 0.63 seconds.
2026-08-31 14:01:14,366 WARNING [pid=45788 gui-measure_auto dune_tension.tensiometer] Wire 226 tension 5.63 N flagged as an outlier versus nearby wires; remeasuring and keeping only the second measurement.
2026-08-31 14:01:14,435 INFO [pid=45788 Thread-3415 (_audio_worker) spectrum_analysis.audio_processing] Listening for audio events (RMS trigger)...
2026-08-31 14:01:14,483 WARNING [pid=45788 MainThread dune_tension.gui.live_plots] waveform canvas.draw skipped: figure lock busy (>2.0s)
2026-08-31 14:01:14,579 INFO [pid=45788 Thread-3415 (_audio_worker) spectrum_analysis.audio_processing] Recording started.
2026-08-31 14:01:14,738 WARNING [pid=45788 Thread-3415 (_audio_worker) spectrum_analysis.audio_processing] Max recording length reached.
2026-08-31 14:01:15,097 INFO [pid=45788 gui-measure_auto dune_tension.tensiometer] Sample of wire 226: measured frequency 65.81 Hz {'length': 1.4317, 'frequency': 65.8077917098999, 'tension': 5.469770714010119} with confidence 1.00 (amp=0.0000, harm=0.0000)
2026-08-31 14:01:15,128 INFO [pid=45788 gui-measure_auto dune_tension.tensiometer] Result: wire 226 length 1431.7 mm tension 5.5 N frequency 65.8 Hz confidence 1.00 at 1635.39990234375,1166.8426513671875 focus 6344. Took 0.72 seconds.
2026-08-31 14:01:15,328 INFO [pid=45788 gui-measure_auto dune_tension.tensiometer] Timing profile for list wire 226: total=3.20s stages=[wire_total_wall=3.20s, move_to_measurement_pose=1.62s, collect_samples=1.29s, strum=1.02s, acquire_audio=1.02s, wait_for_audio_trigger=0.33s, analyze_audio=0.22s, append_result=0.15s, reset_plc_after_collect=0.06s, reset_plc_before_persist=0.03s, reset_plc_before_move=0.02s, summary_refresh=0.02s, plan_measurement_pose=0.00s, merge_results=0.00s]
2026-08-31 14:01:15,329 INFO [pid=45788 gui-measure_auto dune_tension.tensiometer] Measuring wire 227 at 1635.0,1172.5879867140368 focus=6370
2026-08-31 14:01:16,316 INFO [pid=45788 gui-monitor-tension-logs dune_tension.gui.actions] Updated tension logs for APA-US-013 layer V
2026-08-31 14:01:16,719 INFO [pid=45788 Thread-3420 (_audio_worker) spectrum_analysis.audio_processing] Listening for audio events (RMS trigger)...
2026-08-31 14:01:16,874 INFO [pid=45788 Thread-3420 (_audio_worker) spectrum_analysis.audio_processing] Recording started.
2026-08-31 14:01:17,068 WARNING [pid=45788 Thread-3420 (_audio_worker) spectrum_analysis.audio_processing] Max recording length reached.
2026-08-31 14:01:17,460 INFO [pid=45788 gui-measure_auto dune_tension.tensiometer] Sample of wire 227: measured frequency 65.02 Hz {'length': 1.4317, 'frequency': 65.01779174804688, 'tension': 5.339233530788041} with confidence 1.00 (amp=0.0000, harm=0.4117)
2026-08-31 14:01:17,498 INFO [pid=45788 gui-measure_auto dune_tension.tensiometer] Result: wire 227 length 1431.7 mm tension 5.3 N frequency 65.0 Hz confidence 1.00 at 1635.399658203125,1172.583251953125 focus 6344. Took 0.81 seconds.
2026-08-31 14:01:17,516 INFO [pid=45788 gui-measure_auto dune_tension.tensiometer] Timing profile for list wire 227: total=2.18s stages=[wire_total_wall=2.18s, move_to_measurement_pose=1.29s, collect_samples=0.77s, acquire_audio=0.52s, strum=0.52s, analyze_audio=0.23s, wait_for_audio_trigger=0.18s, reset_plc_before_move=0.07s, reset_plc_after_collect=0.04s, reset_plc_before_persist=0.01s, append_result=0.00s, summary_refresh=0.00s, plan_measurement_pose=0.00s, merge_results=0.00s]
2026-08-31 14:01:17,517 INFO [pid=45788 gui-measure_auto dune_tension.tensiometer] Measuring wire 228 at 1635.0,1178.3354702886081 focus=6371
2026-08-31 14:01:19,283 INFO [pid=45788 gui-monitor-tension-logs dune_tension.gui.actions] Updated tension logs for APA-US-013 layer V
2026-08-31 14:01:19,296 INFO [pid=45788 Thread-3424 (_audio_worker) spectrum_analysis.audio_processing] Listening for audio events (RMS trigger)...
2026-08-31 14:01:19,451 INFO [pid=45788 Thread-3424 (_audio_worker) spectrum_analysis.audio_processing] Recording started.
2026-08-31 14:01:19,720 WARNING [pid=45788 Thread-3424 (_audio_worker) spectrum_analysis.audio_processing] Max recording length reached.
2026-08-31 14:01:19,952 INFO [pid=45788 gui-measure_auto dune_tension.tensiometer] Sample of wire 228: measured frequency 64.36 Hz {'length': 1.4317, 'frequency': 64.36292505264282, 'tension': 5.232220431185975} with confidence 1.00 (amp=0.0000, harm=0.0000)
2026-08-31 14:01:19,981 INFO [pid=45788 gui-measure_auto dune_tension.tensiometer] Result: wire 228 length 1431.7 mm tension 5.2 N frequency 64.4 Hz confidence 1.00 at 1635.399658203125,1178.338134765625 focus 6344. Took 0.71 seconds.
2026-08-31 14:01:20,049 INFO [pid=45788 gui-measure_auto dune_tension.tensiometer] Timing profile for list wire 228: total=2.53s stages=[wire_total_wall=2.53s, move_to_measurement_pose=1.74s, collect_samples=0.68s, acquire_audio=0.53s, strum=0.53s, wait_for_audio_trigger=0.17s, analyze_audio=0.13s, append_result=0.04s, reset_plc_after_collect=0.03s, reset_plc_before_persist=0.02s, reset_plc_before_move=0.01s, summary_refresh=0.01s, plan_measurement_pose=0.00s, merge_results=0.00s]
2026-08-31 14:01:20,049 INFO [pid=45788 gui-measure_auto dune_tension.tensiometer] Measuring wire 229 at 1635.0,1184.082947531444 focus=6372
2026-08-31 14:01:21,481 INFO [pid=45788 Thread-3428 (_audio_worker) spectrum_analysis.audio_processing] Listening for audio events (RMS trigger)...
2026-08-31 14:01:21,627 INFO [pid=45788 Thread-3428 (_audio_worker) spectrum_analysis.audio_processing] Recording started.
2026-08-31 14:01:21,798 WARNING [pid=45788 Thread-3428 (_audio_worker) spectrum_analysis.audio_processing] Max recording length reached.
2026-08-31 14:01:21,866 INFO [pid=45788 gui-monitor-tension-logs dune_tension.gui.actions] Updated tension logs for APA-US-013 layer V
2026-08-31 14:01:22,097 INFO [pid=45788 gui-measure_auto dune_tension.tensiometer] Sample of wire 229: measured frequency 64.55 Hz {'length': 1.4317, 'frequency': 64.54518985748291, 'tension': 5.261895897967186} with confidence 1.00 (amp=0.0000, harm=0.0000)
2026-08-31 14:01:22,108 INFO [pid=45788 gui-measure_auto dune_tension.tensiometer] Result: wire 229 length 1431.7 mm tension 5.3 N frequency 64.5 Hz confidence 1.00 at 1635.00048828125,1184.08837890625 focus 6344. Took 0.66 seconds.
2026-08-31 14:01:22,148 INFO [pid=45788 gui-measure_auto dune_tension.tensiometer] Timing profile for list wire 229: total=2.10s stages=[wire_total_wall=2.10s, move_to_measurement_pose=1.37s, collect_samples=0.65s, acquire_audio=0.51s, strum=0.51s, wait_for_audio_trigger=0.17s, analyze_audio=0.12s, reset_plc_before_persist=0.03s, reset_plc_before_move=0.03s, reset_plc_after_collect=0.01s, summary_refresh=0.01s, append_result=0.00s, plan_measurement_pose=0.00s, merge_results=0.00s]
2026-08-31 14:01:22,152 INFO [pid=45788 gui-measure_auto dune_tension.tensiometer] Measuring wire 230 at 1635.0,1189.8304185109137 focus=6373
2026-08-31 14:01:22,653 INFO [pid=45788 MainThread dune_tension.gui.app] GUI heartbeat. measurement_active=True active_measurement=measure auto focus=6344 threads=5 vmsize=6439672 kB vmhwm=2307544 kB vmrss=1617884 kB
2026-08-31 14:01:23,402 INFO [pid=45788 Thread-3432 (_audio_worker) spectrum_analysis.audio_processing] Listening for audio events (RMS trigger)...
2026-08-31 14:01:23,549 INFO [pid=45788 Thread-3432 (_audio_worker) spectrum_analysis.audio_processing] Recording started.
2026-08-31 14:01:23,718 WARNING [pid=45788 Thread-3432 (_audio_worker) spectrum_analysis.audio_processing] Max recording length reached.
2026-08-31 14:01:23,975 INFO [pid=45788 gui-measure_auto dune_tension.tensiometer] Sample of wire 230: measured frequency 64.85 Hz {'length': 1.4317, 'frequency': 64.84971284866333, 'tension': 5.311664075994622} with confidence 1.00 (amp=0.0000, harm=0.0000)
2026-08-31 14:01:24,007 INFO [pid=45788 gui-measure_auto dune_tension.tensiometer] Result: wire 230 length 1431.7 mm tension 5.3 N frequency 64.8 Hz confidence 1.00 at 1635.40087890625,1189.8250732421875 focus 6344. Took 0.64 seconds.
2026-08-31 14:01:24,021 INFO [pid=45788 gui-measure_auto dune_tension.tensiometer] Timing profile for list wire 230: total=1.87s stages=[wire_total_wall=1.87s, move_to_measurement_pose=1.15s, collect_samples=0.61s, acquire_audio=0.51s, strum=0.51s, wait_for_audio_trigger=0.17s, analyze_audio=0.08s, reset_plc_before_move=0.06s, reset_plc_after_collect=0.03s, reset_plc_before_persist=0.01s, append_result=0.00s, summary_refresh=0.00s, plan_measurement_pose=0.00s, merge_results=0.00s]
2026-08-31 14:01:24,021 INFO [pid=45788 gui-measure_auto dune_tension.tensiometer] Measuring wire 231 at 1635.0,1195.577883294407 focus=6375
2026-08-31 14:01:24,101 INFO [pid=45788 gui-monitor-tension-logs dune_tension.gui.actions] Updated tension logs for APA-US-013 layer V
2026-08-31 14:01:25,238 INFO [pid=45788 Thread-3435 (_audio_worker) spectrum_analysis.audio_processing] Listening for audio events (RMS trigger)...
2026-08-31 14:01:25,377 INFO [pid=45788 Thread-3435 (_audio_worker) spectrum_analysis.audio_processing] Recording started.
2026-08-31 14:01:25,531 WARNING [pid=45788 Thread-3435 (_audio_worker) spectrum_analysis.audio_processing] Max recording length reached.
2026-08-31 14:01:25,791 INFO [pid=45788 gui-measure_auto dune_tension.tensiometer] Sample of wire 231: measured frequency 65.67 Hz {'length': 1.4317, 'frequency': 65.66749681745257, 'tension': 5.446473688270196} with confidence 1.00 (amp=0.0000, harm=0.0000)
2026-08-31 14:01:25,823 INFO [pid=45788 gui-measure_auto dune_tension.tensiometer] Result: wire 231 length 1431.7 mm tension 5.4 N frequency 65.7 Hz confidence 1.00 at 1635.00048828125,1195.5672607421875 focus 6344. Took 0.63 seconds.
2026-08-31 14:01:25,837 WARNING [pid=45788 gui-measure_auto dune_tension.tensiometer] Wire 231 tension 5.45 N flagged as an outlier versus nearby wires; remeasuring and keeping only the second measurement.
2026-08-31 14:01:25,965 INFO [pid=45788 gui-monitor-tension-logs dune_tension.gui.actions] Updated tension logs for APA-US-013 layer V
2026-08-31 14:01:25,974 INFO [pid=45788 Thread-3438 (_audio_worker) spectrum_analysis.audio_processing] Listening for audio events (RMS trigger)...
2026-08-31 14:01:26,132 INFO [pid=45788 Thread-3438 (_audio_worker) spectrum_analysis.audio_processing] Recording started.
2026-08-31 14:01:26,321 WARNING [pid=45788 Thread-3438 (_audio_worker) spectrum_analysis.audio_processing] Max recording length reached.
2026-08-31 14:01:26,847 INFO [pid=45788 gui-measure_auto dune_tension.tensiometer] Sample of wire 231: measured frequency 65.33 Hz {'length': 1.4317, 'frequency': 65.33379173278809, 'tension': 5.391259222052304} with confidence 1.00 (amp=0.0000, harm=0.4211)
2026-08-31 14:01:26,894 INFO [pid=45788 gui-measure_auto dune_tension.tensiometer] Result: wire 231 length 1431.7 mm tension 5.4 N frequency 65.3 Hz confidence 1.00 at 1635.000244140625,1195.578125 focus 6344. Took 0.96 seconds.
2026-08-31 14:01:26,938 INFO [pid=45788 gui-measure_auto dune_tension.tensiometer] Timing profile for list wire 231: total=2.92s stages=[wire_total_wall=2.92s, collect_samples=1.51s, move_to_measurement_pose=1.22s, acquire_audio=1.09s, strum=1.09s, analyze_audio=0.38s, wait_for_audio_trigger=0.36s, reset_plc_after_collect=0.08s, reset_plc_before_move=0.05s, reset_plc_before_persist=0.03s, append_result=0.03s, summary_refresh=0.00s, plan_measurement_pose=0.00s, merge_results=0.00s]
2026-08-31 14:01:27,082 INFO [pid=45788 gui-measure_auto dune_tension.tensiometer] Timing profile summary for list measurement: requested=81 measured=81 skipped=[] planning=0.14s avg_wire=4.13s total=334.74s stage_totals=[wire_total_wall=334.60s, collect_samples=177.90s, move_to_measurement_pose=142.08s, acquire_audio=94.74s, strum=94.74s, optimizer_move=58.49s, wait_for_audio_trigger=33.26s, analyze_audio=19.84s, reset_plc_after_collect=4.74s, reset_plc_before_persist=3.99s, reset_plc_before_move=2.92s, append_result=2.36s, summary_refresh=0.46s, plan_measurement_pose=0.05s, merge_results=0.00s]
2026-08-31 14:01:27,127 INFO [pid=45788 gui-measure_auto dune_tension.gui.actions] Worker thread finished: measure auto
2026-08-31 14:01:27,908 INFO [pid=45788 gui-monitor-tension-logs dune_tension.gui.actions] Updated tension logs for APA-US-013 layer V
2026-08-31 14:01:37,653 INFO [pid=45788 MainThread dune_tension.gui.app] GUI heartbeat. measurement_active=False active_measurement=idle focus=6344 threads=3 vmsize=6406856 kB vmhwm=2307544 kB vmrss=1617760 kB
2026-08-31 14:01:51,472 INFO [pid=45788 gui-measure_condition dune_tension.gui.actions] Worker thread starting: measure condition measurement=True
2026-08-31 14:01:51,574 INFO [pid=45788 gui-measure_condition dune_tension.layer_calibration] Layer V calibration cache is current at /home/dune/dune-monorepo/config/APA/V_Calibration.json (file=V_Calibration.json hash=299c28f9fc2dbe681fa857f30bb022d038ed343f100cd17bb1e2abac17e8e5ef).
2026-08-31 14:01:51,575 INFO [pid=45788 gui-measure_condition dune_tension.gui.actions] Measuring wires [181, 261, 273, 279, 291, 292, 293, 294, 299, 307, 308, 314, 327, 333, 336, 337, 356, 358, 367, 374, 376, 377, 391, 395, 397, 412, 416, 418, 419, 423, 424, 426, 427, 431, 1032, 1052, 1054, 1056, 1057, 1058, 1059, 1061, 1062, 1063, 1064, 1065, 1066, 1067, 1068, 1069, 1070, 1071, 1072, 1073, 1074, 1075, 1076, 1078, 1079, 1080, 1081, 1084, 1085, 1086, 1088, 1089, 1090, 1091, 1092, 1093, 1094, 1096, 1097, 1098, 1100, 1104, 1105, 1106, 1107, 1109, 1110, 1114, 1116, 1118, 1132, 1133, 1136, 1138, 1139, 1140, 1141, 1142, 1143, 1144, 1145, 1146] matching 't<4'
2026-08-31 14:01:51,575 INFO [pid=45788 gui-measure_condition dune_tension.tensiometer_functions] Loading wire coordinates...
2026-08-31 14:01:51,580 INFO [pid=45788 gui-measure_condition dune_tension.tensiometer_functions] Getting current position...
2026-08-31 14:01:51,592 INFO [pid=45788 gui-measure_condition dune_tension.tensiometer_functions] Reordering wires...
2026-08-31 14:01:51,593 INFO [pid=45788 gui-measure_condition dune_tension.tensiometer] Timing profile started for list measurement of 96 wire(s): [181, 261, 273, 279, 291, 292, 293, 294, 299, 307, 308, 314, 327, 333, 336, 337, 356, 358, 367, 374, 376, 377, 391, 395, 397, 412, 416, 418, 419, 423, 424, 426, 427, 431, 1032, 1052, 1054, 1056, 1057, 1058, 1059, 1061, 1062, 1063, 1064, 1065, 1066, 1067, 1068, 1069, 1070, 1071, 1072, 1073, 1074, 1075, 1076, 1078, 1079, 1080, 1081, 1084, 1085, 1086, 1088, 1089, 1090, 1091, 1092, 1093, 1094, 1096, 1097, 1098, 1100, 1104, 1105, 1106, 1107, 1109, 1110, 1114, 1116, 1118, 1132, 1133, 1136, 1138, 1139, 1140, 1141, 1142, 1143, 1144, 1145, 1146]
2026-08-31 14:01:51,594 INFO [pid=45788 gui-measure_condition dune_tension.tensiometer] Measuring wire 181 at 1635.0,908.0462076754006 focus=6312
2026-08-31 14:01:52,654 INFO [pid=45788 MainThread dune_tension.gui.app] GUI heartbeat. measurement_active=True active_measurement=measure condition focus=6344 threads=4 vmsize=6406872 kB vmhwm=2307544 kB vmrss=1617772 kB
2026-08-31 14:01:54,659 INFO [pid=45788 Thread-3443 (_audio_worker) spectrum_analysis.audio_processing] Listening for audio events (RMS trigger)...
2026-08-31 14:01:54,801 INFO [pid=45788 Thread-3443 (_audio_worker) spectrum_analysis.audio_processing] Recording started.
2026-08-31 14:01:54,974 WARNING [pid=45788 Thread-3443 (_audio_worker) spectrum_analysis.audio_processing] Max recording length reached.
2026-08-31 14:01:55,263 INFO [pid=45788 gui-measure_condition dune_tension.tensiometer] Sample of wire 181: measured frequency 16.40 Hz {'length': 1.4317, 'frequency': 16.399272205235825, 'tension': 0.33967504039730145} with confidence 0.00 (amp=0.0000, harm=0.0000)
2026-08-31 14:01:55,264 INFO [pid=45788 gui-measure_condition dune_tension.tensiometer] Optimizer next pose: x=1650.834284973868 y=896.6653153504329 focus=6344
2026-08-31 14:01:55,439 INFO [pid=45788 Thread-3445 (_audio_worker) spectrum_analysis.audio_processing] Listening for audio events (RMS trigger)...
2026-08-31 14:01:55,602 INFO [pid=45788 Thread-3445 (_audio_worker) spectrum_analysis.audio_processing] Recording started.
2026-08-31 14:01:55,762 WARNING [pid=45788 Thread-3445 (_audio_worker) spectrum_analysis.audio_processing] Max recording length reached.
2026-08-31 14:01:56,020 INFO [pid=45788 gui-measure_condition dune_tension.tensiometer] Sample of wire 181: measured frequency 34.21 Hz {'length': 1.4317, 'frequency': 34.20762943409447, 'tension': 1.4779523905658327} with confidence 0.99 (amp=0.0000, harm=0.0000)
2026-08-31 14:01:56,020 INFO [pid=45788 gui-measure_condition dune_tension.tensiometer] Optimizer next pose: x=1613.0761921270905 y=923.8039445840543 focus=6344
2026-08-31 14:01:56,767 INFO [pid=45788 Thread-3447 (_audio_worker) spectrum_analysis.audio_processing] Listening for audio events (RMS trigger)...
2026-08-31 14:01:56,912 INFO [pid=45788 Thread-3447 (_audio_worker) spectrum_analysis.audio_processing] Recording started.
2026-08-31 14:01:57,084 WARNING [pid=45788 Thread-3447 (_audio_worker) spectrum_analysis.audio_processing] Max recording length reached.
2026-08-31 14:01:57,346 INFO [pid=45788 gui-measure_condition dune_tension.tensiometer] Sample of wire 181: measured frequency 37.26 Hz {'length': 1.4317, 'frequency': 37.25825325007347, 'tension': 1.7533130576107474} with confidence 0.00 (amp=0.0000, harm=0.0000)
2026-08-31 14:01:57,346 INFO [pid=45788 gui-measure_condition dune_tension.tensiometer] Optimizer next pose: x=1632.5698631986224 y=909.7928685013908 focus=6344
2026-08-31 14:01:58,397 INFO [pid=45788 Thread-3449 (_audio_worker) spectrum_analysis.audio_processing] Listening for audio events (RMS trigger)...
2026-08-31 14:01:58,555 INFO [pid=45788 Thread-3449 (_audio_worker) spectrum_analysis.audio_processing] Recording started.
2026-08-31 14:01:58,727 WARNING [pid=45788 Thread-3449 (_audio_worker) spectrum_analysis.audio_processing] Max recording length reached.
2026-08-31 14:01:58,985 INFO [pid=45788 gui-measure_condition dune_tension.tensiometer] Sample of wire 181: measured frequency 32.50 Hz {'length': 1.4317, 'frequency': 32.49619184848134, 'tension': 1.333765337341845} with confidence 0.00 (amp=0.0000, harm=0.0000)
2026-08-31 14:01:58,985 INFO [pid=45788 gui-measure_condition dune_tension.tensiometer] Optimizer next pose: x=1619.4010205624772 y=919.2579741461201 focus=6344
2026-08-31 14:02:00,377 INFO [pid=45788 Thread-3451 (_audio_worker) spectrum_analysis.audio_processing] Listening for audio events (RMS trigger)...
2026-08-31 14:02:00,711 INFO [pid=45788 Thread-3451 (_audio_worker) spectrum_analysis.audio_processing] Timeout reached while waiting for audio event.
2026-08-31 14:02:01,348 INFO [pid=45788 gui-measure_condition dune_tension.tensiometer] Sample of wire 181: no audio detected.
2026-08-31 14:02:01,348 INFO [pid=45788 gui-measure_condition dune_tension.tensiometer] Optimizer next pose: x=1634.9756806912 y=908.0636871786006 focus=6344
2026-08-31 14:02:01,885 INFO [pid=45788 Thread-3452 (_audio_worker) spectrum_analysis.audio_processing] Listening for audio events (RMS trigger)...
2026-08-31 14:02:02,032 INFO [pid=45788 Thread-3452 (_audio_worker) spectrum_analysis.audio_processing] Recording started.
2026-08-31 14:02:02,204 WARNING [pid=45788 Thread-3452 (_audio_worker) spectrum_analysis.audio_processing] Max recording length reached.
2026-08-31 14:02:02,462 INFO [pid=45788 gui-measure_condition dune_tension.tensiometer] Sample of wire 181: measured frequency 35.15 Hz {'length': 1.4317, 'frequency': 35.15411078714237, 'tension': 1.560869953550736} with confidence 0.00 (amp=0.0000, harm=0.0000)
2026-08-31 14:02:02,462 INFO [pid=45788 gui-measure_condition dune_tension.tensiometer] Optimizer next pose: x=1627.7074121451978 y=913.2877551960397 focus=6344
2026-08-31 14:02:03,363 INFO [pid=45788 Thread-3454 (_audio_worker) spectrum_analysis.audio_processing] Listening for audio events (RMS trigger)...
2026-08-31 14:02:03,504 INFO [pid=45788 Thread-3454 (_audio_worker) spectrum_analysis.audio_processing] Recording started.
2026-08-31 14:02:03,676 WARNING [pid=45788 Thread-3454 (_audio_worker) spectrum_analysis.audio_processing] Max recording length reached.
2026-08-31 14:02:03,924 INFO [pid=45788 gui-measure_condition dune_tension.tensiometer] Sample of wire 181: measured frequency 15.09 Hz {'length': 1.4317, 'frequency': 15.09022817959914, 'tension': 0.2876114026409471} with confidence 0.00 (amp=0.0000, harm=0.0000)
2026-08-31 14:02:03,924 INFO [pid=45788 gui-measure_condition dune_tension.tensiometer] Optimizer next pose: x=1631.7133380252271 y=910.4084959697686 focus=6344
2026-08-31 14:02:05,517 INFO [pid=45788 Thread-3456 (_audio_worker) spectrum_analysis.audio_processing] Listening for audio events (RMS trigger)...
2026-08-31 14:02:05,681 INFO [pid=45788 Thread-3456 (_audio_worker) spectrum_analysis.audio_processing] Recording started.
2026-08-31 14:02:05,852 WARNING [pid=45788 Thread-3456 (_audio_worker) spectrum_analysis.audio_processing] Max recording length reached.
2026-08-31 14:02:06,094 INFO [pid=45788 gui-measure_condition dune_tension.tensiometer] Sample of wire 181: measured frequency 42.35 Hz {'length': 1.4317, 'frequency': 42.351154461106056, 'tension': 2.26540050631529} with confidence 0.00 (amp=0.0000, harm=0.0000)
2026-08-31 14:02:06,094 INFO [pid=45788 gui-measure_condition dune_tension.tensiometer] Optimizer next pose: x=1633.4263740360786 y=909.1752827057579 focus=6344
2026-08-31 14:02:06,890 INFO [pid=45788 gui-measure_condition dune_tension.tensiometer_functions] tension measurement interrupted!
2026-08-31 14:02:06,898 INFO [pid=45788 gui-measure_condition dune_tension.tensiometer] Timing profile for list wire 181: total=33.21s stages=[collect_samples=12.26s, optimizer_move=6.89s, acquire_audio=4.63s, strum=4.63s, move_to_measurement_pose=3.03s, wait_for_audio_trigger=1.23s, analyze_audio=0.52s, reset_plc_before_move=0.01s, reset_plc_after_collect=0.01s, plan_measurement_pose=0.00s]
2026-08-31 14:02:06,898 INFO [pid=45788 gui-measure_condition dune_tension.tensiometer_functions] Measurement interrupted.
2026-08-31 14:02:06,902 INFO [pid=45788 gui-measure_condition dune_tension.tensiometer] Timing profile summary for list measurement: requested=96 measured=1 skipped=[] planning=0.02s avg_wire=33.21s total=33.23s stage_totals=[collect_samples=12.26s, optimizer_move=6.89s, acquire_audio=4.63s, strum=4.63s, move_to_measurement_pose=3.03s, wait_for_audio_trigger=1.23s, analyze_audio=0.52s, reset_plc_before_move=0.01s, reset_plc_after_collect=0.01s, plan_measurement_pose=0.00s]
2026-08-31 14:02:06,911 INFO [pid=45788 gui-measure_condition dune_tension.gui.actions] Worker thread finished: measure condition
2026-08-31 14:02:07,655 INFO [pid=45788 MainThread dune_tension.gui.app] GUI heartbeat. measurement_active=False active_measurement=idle focus=6344 threads=3 vmsize=6406856 kB vmhwm=2307544 kB vmrss=1617760 kB
2026-08-31 14:02:08,617 INFO [pid=45788 gui-monitor-tension-logs dune_tension.gui.actions] Updated tension logs for APA-US-013 layer V
2026-08-31 14:02:17,823 INFO [pid=45788 gui-measure_condition dune_tension.gui.actions] Worker thread starting: measure condition measurement=True
2026-08-31 14:02:17,939 INFO [pid=45788 gui-measure_condition dune_tension.layer_calibration] Layer V calibration cache is current at /home/dune/dune-monorepo/config/APA/V_Calibration.json (file=V_Calibration.json hash=299c28f9fc2dbe681fa857f30bb022d038ed343f100cd17bb1e2abac17e8e5ef).
2026-08-31 14:02:17,939 INFO [pid=45788 gui-measure_condition dune_tension.gui.actions] Measuring wires [181, 261, 273, 279, 291, 292, 293, 294, 299, 307, 308, 314, 327, 333, 336, 337, 356, 358, 367, 374, 376, 377, 391, 395, 397, 412, 416, 418, 419, 423, 424, 426, 427, 431, 1032, 1052, 1054, 1056, 1057, 1058, 1059, 1061, 1062, 1063, 1064, 1065, 1066, 1067, 1068, 1069, 1070, 1071, 1072, 1073, 1074, 1075, 1076, 1078, 1079, 1080, 1081, 1084, 1085, 1086, 1088, 1089, 1090, 1091, 1092, 1093, 1094, 1096, 1097, 1098, 1100, 1104, 1105, 1106, 1107, 1109, 1110, 1114, 1116, 1118, 1132, 1133, 1136, 1138, 1139, 1140, 1141, 1142, 1143, 1144, 1145, 1146] matching 't<4'
2026-08-31 14:02:17,939 INFO [pid=45788 gui-measure_condition dune_tension.tensiometer_functions] Loading wire coordinates...
2026-08-31 14:02:17,944 INFO [pid=45788 gui-measure_condition dune_tension.tensiometer_functions] Getting current position...
2026-08-31 14:02:17,950 INFO [pid=45788 gui-measure_condition dune_tension.tensiometer_functions] Reordering wires...
2026-08-31 14:02:17,950 INFO [pid=45788 gui-measure_condition dune_tension.tensiometer] Timing profile started for list measurement of 96 wire(s): [181, 261, 273, 279, 291, 292, 293, 294, 299, 307, 308, 314, 327, 333, 336, 337, 356, 358, 367, 374, 376, 377, 391, 395, 397, 412, 416, 418, 419, 423, 424, 426, 427, 431, 1032, 1052, 1054, 1056, 1057, 1058, 1059, 1061, 1062, 1063, 1064, 1065, 1066, 1067, 1068, 1069, 1070, 1071, 1072, 1073, 1074, 1075, 1076, 1078, 1079, 1080, 1081, 1084, 1085, 1086, 1088, 1089, 1090, 1091, 1092, 1093, 1094, 1096, 1097, 1098, 1100, 1104, 1105, 1106, 1107, 1109, 1110, 1114, 1116, 1118, 1132, 1133, 1136, 1138, 1139, 1140, 1141, 1142, 1143, 1144, 1145, 1146]
2026-08-31 14:02:17,951 INFO [pid=45788 gui-measure_condition dune_tension.tensiometer] Measuring wire 181 at 1635.0,908.0462076754006 focus=6312
2026-08-31 14:02:19,747 INFO [pid=45788 Thread-3459 (_audio_worker) spectrum_analysis.audio_processing] Listening for audio events (RMS trigger)...
2026-08-31 14:02:19,889 INFO [pid=45788 Thread-3459 (_audio_worker) spectrum_analysis.audio_processing] Recording started.
2026-08-31 14:02:20,062 WARNING [pid=45788 Thread-3459 (_audio_worker) spectrum_analysis.audio_processing] Max recording length reached.
2026-08-31 14:02:20,314 INFO [pid=45788 gui-measure_condition dune_tension.tensiometer] Sample of wire 181: measured frequency 15.68 Hz {'length': 1.4317, 'frequency': 15.681703462319739, 'tension': 0.3105996491754067} with confidence 0.00 (amp=0.0000, harm=0.0000)
2026-08-31 14:02:20,315 INFO [pid=45788 gui-measure_condition dune_tension.tensiometer] Optimizer next pose: x=1646.4843237825735 y=899.791849956676 focus=6354
2026-08-31 14:02:21,268 INFO [pid=45788 Thread-3461 (_audio_worker) spectrum_analysis.audio_processing] Listening for audio events (RMS trigger)...
2026-08-31 14:02:21,404 INFO [pid=45788 Thread-3461 (_audio_worker) spectrum_analysis.audio_processing] Recording started.
2026-08-31 14:02:21,575 WARNING [pid=45788 Thread-3461 (_audio_worker) spectrum_analysis.audio_processing] Max recording length reached.
2026-08-31 14:02:21,826 INFO [pid=45788 gui-measure_condition dune_tension.tensiometer] Sample of wire 181: measured frequency 13.56 Hz {'length': 1.4317, 'frequency': 13.55761832265915, 'tension': 0.2321567381748401} with confidence 0.00 (amp=0.0000, harm=0.0000)
2026-08-31 14:02:21,826 INFO [pid=45788 gui-measure_condition dune_tension.tensiometer] Optimizer next pose: x=1626.5339799292296 y=914.1311596012669 focus=6284
2026-08-31 14:02:22,656 INFO [pid=45788 MainThread dune_tension.gui.app] GUI heartbeat. measurement_active=True active_measurement=measure condition focus=6344 threads=4 vmsize=6480680 kB vmhwm=2307544 kB vmrss=1667092 kB
2026-08-31 14:02:23,942 INFO [pid=45788 Thread-3463 (_audio_worker) spectrum_analysis.audio_processing] Listening for audio events (RMS trigger)...
2026-08-31 14:02:24,092 INFO [pid=45788 Thread-3463 (_audio_worker) spectrum_analysis.audio_processing] Recording started.
2026-08-31 14:02:24,264 WARNING [pid=45788 Thread-3463 (_audio_worker) spectrum_analysis.audio_processing] Max recording length reached.
2026-08-31 14:02:24,548 INFO [pid=45788 gui-measure_condition dune_tension.tensiometer] Sample of wire 181: measured frequency 26.73 Hz {'length': 1.4317, 'frequency': 26.726325087127147, 'tension': 0.9021795525989378} with confidence 0.00 (amp=0.0000, harm=0.0000)
2026-08-31 14:02:24,549 INFO [pid=45788 gui-measure_condition dune_tension.tensiometer] Optimizer next pose: x=1625.4999924022597 y=914.8743381362765 focus=6381
2026-08-31 14:02:26,638 INFO [pid=45788 Thread-3465 (_audio_worker) spectrum_analysis.audio_processing] Listening for audio events (RMS trigger)...
2026-08-31 14:02:26,801 INFO [pid=45788 Thread-3465 (_audio_worker) spectrum_analysis.audio_processing] Recording started.
2026-08-31 14:02:26,973 WARNING [pid=45788 Thread-3465 (_audio_worker) spectrum_analysis.audio_processing] Max recording length reached.
2026-08-31 14:02:27,264 INFO [pid=45788 gui-measure_condition dune_tension.tensiometer] Sample of wire 181: measured frequency 64.97 Hz {'length': 1.4317, 'frequency': 64.96679735183716, 'tension': 5.33086153876043} with confidence 1.00 (amp=0.0000, harm=0.4331)
2026-08-31 14:02:27,289 INFO [pid=45788 gui-measure_condition dune_tension.tensiometer] Result: wire 181 length 1431.7 mm tension 5.3 N frequency 65.0 Hz confidence 1.00 at 1629.2998046875,912.6276245117188 focus 6381. Took 7.57 seconds.
2026-08-31 14:02:27,309 INFO [pid=45788 gui-measure_condition dune_tension.tensiometer] Timing profile for list wire 181: total=9.36s stages=[wire_total_wall=9.36s, collect_samples=7.54s, optimizer_move=5.06s, acquire_audio=2.06s, strum=2.06s, move_to_measurement_pose=1.75s, wait_for_audio_trigger=0.67s, analyze_audio=0.28s, reset_plc_after_collect=0.02s, reset_plc_before_move=0.02s, reset_plc_before_persist=0.01s, append_result=0.01s, summary_refresh=0.00s, plan_measurement_pose=0.00s, merge_results=0.00s]
2026-08-31 14:02:27,309 INFO [pid=45788 gui-measure_condition dune_tension.tensiometer] Measuring wire 261 at 2654.552639739961,634.3041070197651 focus=6253
2026-08-31 14:02:28,969 INFO [pid=45788 gui-monitor-tension-logs dune_tension.gui.actions] Updated tension logs for APA-US-013 layer V
2026-08-31 14:02:37,657 INFO [pid=45788 MainThread dune_tension.gui.app] GUI heartbeat. measurement_active=True active_measurement=measure condition focus=6344 threads=4 vmsize=6480680 kB vmhwm=2307544 kB vmrss=1667092 kB
2026-08-31 14:02:43,728 INFO [pid=45788 Thread-3469 (_audio_worker) spectrum_analysis.audio_processing] Listening for audio events (RMS trigger)...
2026-08-31 14:02:43,868 INFO [pid=45788 Thread-3469 (_audio_worker) spectrum_analysis.audio_processing] Recording started.
2026-08-31 14:02:44,040 WARNING [pid=45788 Thread-3469 (_audio_worker) spectrum_analysis.audio_processing] Max recording length reached.
2026-08-31 14:02:44,751 INFO [pid=45788 gui-measure_condition dune_tension.tensiometer] Sample of wire 261: measured frequency 26.58 Hz {'length': 1.1102, 'frequency': 26.58201026916504, 'tension': 0.5366467770499712} with confidence 0.00 (amp=0.0000, harm=0.0000)
2026-08-31 14:02:44,752 INFO [pid=45788 gui-measure_condition dune_tension.tensiometer] Optimizer next pose: x=2630.566909226777 y=651.5438508261158 focus=6218
2026-08-31 14:02:44,916 INFO [pid=45788 Thread-3471 (_audio_worker) spectrum_analysis.audio_processing] Listening for audio events (RMS trigger)...
2026-08-31 14:02:45,075 INFO [pid=45788 Thread-3471 (_audio_worker) spectrum_analysis.audio_processing] Recording started.
2026-08-31 14:02:45,234 WARNING [pid=45788 Thread-3471 (_audio_worker) spectrum_analysis.audio_processing] Max recording length reached.
2026-08-31 14:02:45,489 INFO [pid=45788 gui-measure_condition dune_tension.tensiometer] Sample of wire 261: measured frequency 70.86 Hz {'length': 1.1102, 'frequency': 70.86147238991477, 'tension': 3.8135832082097454} with confidence 1.00 (amp=0.0000, harm=0.0000)
2026-08-31 14:02:45,630 WARNING [pid=45788 gui-measure_condition dune_tension.tensiometer] Tension failed for wire number 261.
2026-08-31 14:02:45,630 INFO [pid=45788 gui-measure_condition dune_tension.tensiometer] Result: wire 261 length 1110.2 mm tension 3.8 N frequency 70.9 Hz confidence 1.00 at 2654.552978515625,634.3051147460938 focus 6218. Took 1.94 seconds.
2026-08-31 14:02:45,683 INFO [pid=45788 gui-measure_condition dune_tension.tensiometer] Timing profile for list wire 261: total=18.37s stages=[wire_total_wall=18.37s, move_to_measurement_pose=16.37s, collect_samples=1.80s, acquire_audio=1.07s, strum=1.07s, analyze_audio=0.60s, wait_for_audio_trigger=0.40s, reset_plc_after_collect=0.14s, optimizer_move=0.10s, reset_plc_before_persist=0.04s, reset_plc_before_move=0.01s, append_result=0.01s, summary_refresh=0.00s, plan_measurement_pose=0.00s, merge_results=0.00s]
2026-08-31 14:02:45,685 INFO [pid=45788 gui-measure_condition dune_tension.tensiometer] Measuring wire 273 at 2702.4612267318544,668.5973407010738 focus=6261
2026-08-31 14:02:47,194 INFO [pid=45788 gui-monitor-tension-logs dune_tension.gui.actions] Updated tension logs for APA-US-013 layer V
2026-08-31 14:02:50,080 INFO [pid=45788 Thread-3475 (_audio_worker) spectrum_analysis.audio_processing] Listening for audio events (RMS trigger)...
2026-08-31 14:02:50,226 INFO [pid=45788 Thread-3475 (_audio_worker) spectrum_analysis.audio_processing] Recording started.
2026-08-31 14:02:50,398 WARNING [pid=45788 Thread-3475 (_audio_worker) spectrum_analysis.audio_processing] Max recording length reached.
2026-08-31 14:02:51,199 INFO [pid=45788 gui-measure_condition dune_tension.tensiometer] Sample of wire 273: measured frequency 62.64 Hz {'length': 1.2284000000000002, 'frequency': 62.63647037082248, 'tension': 3.6479141216515374} with confidence 1.00 (amp=0.0000, harm=0.0000)
2026-08-31 14:02:51,221 WARNING [pid=45788 gui-measure_condition dune_tension.tensiometer] Tension failed for wire number 273.
2026-08-31 14:02:51,221 INFO [pid=45788 gui-measure_condition dune_tension.tensiometer] Result: wire 273 length 1228.4 mm tension 3.6 N frequency 62.6 Hz confidence 1.00 at 2702.86279296875,668.5606079101562 focus 6261. Took 1.18 seconds.
2026-08-31 14:02:51,239 INFO [pid=45788 gui-measure_condition dune_tension.tensiometer] Timing profile for list wire 273: total=5.55s stages=[wire_total_wall=5.55s, move_to_measurement_pose=4.33s, collect_samples=1.16s, analyze_audio=0.59s, acquire_audio=0.53s, strum=0.53s, wait_for_audio_trigger=0.18s, reset_plc_after_collect=0.02s, reset_plc_before_move=0.02s, reset_plc_before_persist=0.01s, append_result=0.01s, summary_refresh=0.00s, plan_measurement_pose=0.00s, merge_results=0.00s]
2026-08-31 14:02:51,240 INFO [pid=45788 gui-measure_condition dune_tension.tensiometer] Measuring wire 279 at 2726.4155171724924,685.7401159025959 focus=6264
2026-08-31 14:02:52,678 INFO [pid=45788 MainThread dune_tension.gui.app] GUI heartbeat. measurement_active=True active_measurement=measure condition focus=6344 threads=5 vmsize=6688508 kB vmhwm=2365204 kB vmrss=1817708 kB
2026-08-31 14:02:53,157 INFO [pid=45788 gui-monitor-tension-logs dune_tension.gui.actions] Updated tension logs for APA-US-013 layer V
2026-08-31 14:02:55,187 INFO [pid=45788 Thread-3479 (_audio_worker) spectrum_analysis.audio_processing] Listening for audio events (RMS trigger)...
2026-08-31 14:02:55,346 INFO [pid=45788 Thread-3479 (_audio_worker) spectrum_analysis.audio_processing] Recording started.
2026-08-31 14:02:55,518 WARNING [pid=45788 Thread-3479 (_audio_worker) spectrum_analysis.audio_processing] Max recording length reached.
2026-08-31 14:02:56,316 INFO [pid=45788 gui-measure_condition dune_tension.tensiometer] Sample of wire 279: measured frequency 73.86 Hz {'length': 1.2875, 'frequency': 73.86455874972873, 'tension': 5.572847099117755} with confidence 1.00 (amp=0.0000, harm=0.0000)
2026-08-31 14:02:56,330 INFO [pid=45788 gui-measure_condition dune_tension.tensiometer] Result: wire 279 length 1287.5 mm tension 5.6 N frequency 73.9 Hz confidence 1.00 at 2726.815185546875,685.7490234375 focus 6264. Took 1.18 seconds.
2026-08-31 14:02:56,374 INFO [pid=45788 gui-measure_condition dune_tension.tensiometer] Timing profile for list wire 279: total=5.13s stages=[wire_total_wall=5.13s, move_to_measurement_pose=3.88s, collect_samples=1.17s, analyze_audio=0.60s, acquire_audio=0.54s, strum=0.54s, wait_for_audio_trigger=0.19s, reset_plc_before_persist=0.03s, reset_plc_before_move=0.02s, reset_plc_after_collect=0.01s, append_result=0.01s, summary_refresh=0.00s, plan_measurement_pose=0.00s, merge_results=0.00s]
2026-08-31 14:02:56,375 INFO [pid=45788 gui-measure_condition dune_tension.tensiometer] Measuring wire 291 at 2774.3243439998396,720.1303601848481 focus=6272
2026-08-31 14:02:58,183 INFO [pid=45788 gui-monitor-tension-logs dune_tension.gui.actions] Updated tension logs for APA-US-013 layer V
2026-08-31 14:03:00,202 INFO [pid=45788 Thread-3483 (_audio_worker) spectrum_analysis.audio_processing] Listening for audio events (RMS trigger)...
2026-08-31 14:03:00,359 INFO [pid=45788 Thread-3483 (_audio_worker) spectrum_analysis.audio_processing] Recording started.
2026-08-31 14:03:00,532 WARNING [pid=45788 Thread-3483 (_audio_worker) spectrum_analysis.audio_processing] Max recording length reached.
2026-08-31 14:03:01,350 INFO [pid=45788 gui-measure_condition dune_tension.tensiometer] Sample of wire 291: measured frequency 63.47 Hz {'length': 1.4057, 'frequency': 63.473694271511505, 'tension': 4.905499972536183} with confidence 1.00 (amp=0.0000, harm=0.0000)
2026-08-31 14:03:01,379 INFO [pid=45788 gui-measure_condition dune_tension.tensiometer] Result: wire 291 length 1405.7 mm tension 4.9 N frequency 63.5 Hz confidence 1.00 at 2774.7236328125,720.1298217773438 focus 6272. Took 1.21 seconds.
2026-08-31 14:03:01,540 INFO [pid=45788 gui-measure_condition dune_tension.tensiometer] Timing profile for list wire 291: total=5.17s stages=[wire_total_wall=5.17s, move_to_measurement_pose=3.68s, collect_samples=1.18s, analyze_audio=0.61s, acquire_audio=0.53s, strum=0.53s, wait_for_audio_trigger=0.18s, reset_plc_before_persist=0.15s, reset_plc_before_move=0.11s, reset_plc_after_collect=0.03s, append_result=0.01s, summary_refresh=0.00s, plan_measurement_pose=0.00s, merge_results=0.00s]
2026-08-31 14:03:01,541 INFO [pid=45788 gui-measure_condition dune_tension.tensiometer] Measuring wire 292 at 2778.3167544044277,723.0005211549128 focus=6272
2026-08-31 14:03:02,648 INFO [pid=45788 Thread-3486 (_audio_worker) spectrum_analysis.audio_processing] Listening for audio events (RMS trigger)...
2026-08-31 14:03:02,793 INFO [pid=45788 Thread-3486 (_audio_worker) spectrum_analysis.audio_processing] Recording started.
2026-08-31 14:03:02,964 WARNING [pid=45788 Thread-3486 (_audio_worker) spectrum_analysis.audio_processing] Max recording length reached.
2026-08-31 14:03:03,494 INFO [pid=45788 gui-monitor-tension-logs dune_tension.gui.actions] Updated tension logs for APA-US-013 layer V
2026-08-31 14:03:03,994 INFO [pid=45788 gui-measure_condition dune_tension.tensiometer] Sample of wire 292: measured frequency 55.99 Hz {'length': 1.4156, 'frequency': 55.991131676567925, 'tension': 3.8710611816083627} with confidence 1.00 (amp=0.0000, harm=0.4244)
2026-08-31 14:03:04,030 WARNING [pid=45788 gui-measure_condition dune_tension.tensiometer] Tension failed for wire number 292.
2026-08-31 14:03:04,031 INFO [pid=45788 gui-measure_condition dune_tension.tensiometer] Result: wire 292 length 1415.6 mm tension 3.9 N frequency 56.0 Hz confidence 1.00 at 2778.717529296875,722.9967041015625 focus 6272. Took 1.43 seconds.
2026-08-31 14:03:04,061 INFO [pid=45788 gui-measure_condition dune_tension.tensiometer] Timing profile for list wire 292: total=2.52s stages=[wire_total_wall=2.52s, collect_samples=1.39s, move_to_measurement_pose=1.04s, analyze_audio=0.85s, acquire_audio=0.52s, strum=0.52s, wait_for_audio_trigger=0.18s, reset_plc_after_collect=0.04s, reset_plc_before_move=0.02s, reset_plc_before_persist=0.01s, summary_refresh=0.01s, append_result=0.01s, plan_measurement_pose=0.00s, merge_results=0.00s]
2026-08-31 14:03:04,062 INFO [pid=45788 gui-measure_condition dune_tension.tensiometer] Measuring wire 293 at 2782.3091648193003,725.8706566970745 focus=6273
2026-08-31 14:03:05,705 INFO [pid=45788 gui-monitor-tension-logs dune_tension.gui.actions] Updated tension logs for APA-US-013 layer V
2026-08-31 14:03:06,253 INFO [pid=45788 Thread-3491 (_audio_worker) spectrum_analysis.audio_processing] Listening for audio events (RMS trigger)...
2026-08-31 14:03:06,396 INFO [pid=45788 Thread-3491 (_audio_worker) spectrum_analysis.audio_processing] Recording started.
2026-08-31 14:03:06,569 WARNING [pid=45788 Thread-3491 (_audio_worker) spectrum_analysis.audio_processing] Max recording length reached.
2026-08-31 14:03:07,364 INFO [pid=45788 gui-measure_condition dune_tension.tensiometer] Sample of wire 293: measured frequency 52.58 Hz {'length': 1.4254, 'frequency': 52.58152559068468, 'tension': 3.461388213247972} with confidence 1.00 (amp=0.0000, harm=0.0000)
2026-08-31 14:03:07,402 WARNING [pid=45788 gui-measure_condition dune_tension.tensiometer] Tension failed for wire number 293.
2026-08-31 14:03:07,403 INFO [pid=45788 gui-measure_condition dune_tension.tensiometer] Result: wire 293 length 1425.4 mm tension 3.5 N frequency 52.6 Hz confidence 1.00 at 2782.708984375,725.8703002929688 focus 6273. Took 1.18 seconds.
2026-08-31 14:03:07,512 INFO [pid=45788 gui-measure_condition dune_tension.tensiometer] Timing profile for list wire 293: total=3.45s stages=[wire_total_wall=3.45s, move_to_measurement_pose=2.14s, collect_samples=1.14s, analyze_audio=0.62s, acquire_audio=0.51s, strum=0.51s, wait_for_audio_trigger=0.16s, append_result=0.06s, reset_plc_before_persist=0.05s, reset_plc_after_collect=0.04s, reset_plc_before_move=0.02s, summary_refresh=0.00s, plan_measurement_pose=0.00s, merge_results=0.00s]
2026-08-31 14:03:07,520 INFO [pid=45788 gui-measure_condition dune_tension.tensiometer] Measuring wire 294 at 2786.3015752443707,728.7407670339401 focus=6274
2026-08-31 14:03:07,739 INFO [pid=45788 MainThread dune_tension.gui.app] GUI heartbeat. measurement_active=True active_measurement=measure condition focus=6344 threads=4 vmsize=6844348 kB vmhwm=2461420 kB vmrss=2012692 kB
2026-08-31 14:03:09,120 INFO [pid=45788 gui-monitor-tension-logs dune_tension.gui.actions] Updated tension logs for APA-US-013 layer V
2026-08-31 14:03:10,097 INFO [pid=45788 Thread-3495 (_audio_worker) spectrum_analysis.audio_processing] Listening for audio events (RMS trigger)...
2026-08-31 14:03:10,258 INFO [pid=45788 Thread-3495 (_audio_worker) spectrum_analysis.audio_processing] Recording started.
2026-08-31 14:03:10,430 WARNING [pid=45788 Thread-3495 (_audio_worker) spectrum_analysis.audio_processing] Max recording length reached.
2026-08-31 14:03:11,245 INFO [pid=45788 gui-measure_condition dune_tension.tensiometer] Sample of wire 294: measured frequency 51.50 Hz {'length': 1.4353, 'frequency': 51.49725818634033, 'tension': 3.3663868388530145} with confidence 1.00 (amp=0.0000, harm=0.0000)
2026-08-31 14:03:11,280 WARNING [pid=45788 gui-measure_condition dune_tension.tensiometer] Tension failed for wire number 294.
2026-08-31 14:03:11,280 INFO [pid=45788 gui-measure_condition dune_tension.tensiometer] Result: wire 294 length 1435.3 mm tension 3.4 N frequency 51.5 Hz confidence 1.00 at 2786.700927734375,728.7479248046875 focus 6274. Took 1.21 seconds.
2026-08-31 14:03:11,454 INFO [pid=45788 gui-measure_condition dune_tension.tensiometer] Timing profile for list wire 294: total=3.93s stages=[wire_total_wall=3.93s, move_to_measurement_pose=2.53s, collect_samples=1.18s, analyze_audio=0.64s, acquire_audio=0.53s, strum=0.53s, wait_for_audio_trigger=0.18s, reset_plc_before_persist=0.11s, summary_refresh=0.05s, reset_plc_after_collect=0.03s, reset_plc_before_move=0.02s, append_result=0.01s, plan_measurement_pose=0.00s, merge_results=0.00s]
2026-08-31 14:03:11,456 INFO [pid=45788 gui-measure_condition dune_tension.tensiometer] Measuring wire 299 at 2806.26362751958,743.0909482507111 focus=6277
2026-08-31 14:03:12,966 INFO [pid=45788 gui-monitor-tension-logs dune_tension.gui.actions] Updated tension logs for APA-US-013 layer V
2026-08-31 14:03:14,977 INFO [pid=45788 Thread-3499 (_audio_worker) spectrum_analysis.audio_processing] Listening for audio events (RMS trigger)...
2026-08-31 14:03:15,122 INFO [pid=45788 Thread-3499 (_audio_worker) spectrum_analysis.audio_processing] Recording started.
2026-08-31 14:03:15,295 WARNING [pid=45788 Thread-3499 (_audio_worker) spectrum_analysis.audio_processing] Max recording length reached.
2026-08-31 14:03:16,109 INFO [pid=45788 gui-measure_condition dune_tension.tensiometer] Sample of wire 299: measured frequency 55.00 Hz {'length': 1.4581, 'frequency': 54.99541664123535, 'tension': 3.962215108325792} with confidence 1.00 (amp=0.0000, harm=0.0000)
2026-08-31 14:03:16,146 WARNING [pid=45788 gui-measure_condition dune_tension.tensiometer] Tension failed for wire number 299.
2026-08-31 14:03:16,146 INFO [pid=45788 gui-measure_condition dune_tension.tensiometer] Result: wire 299 length 1458.1 mm tension 4.0 N frequency 55.0 Hz confidence 1.00 at 2806.663330078125,743.0872802734375 focus 6277. Took 1.21 seconds.
2026-08-31 14:03:16,252 INFO [pid=45788 gui-measure_condition dune_tension.tensiometer] Timing profile for list wire 299: total=4.80s stages=[wire_total_wall=4.80s, move_to_measurement_pose=3.46s, collect_samples=1.18s, analyze_audio=0.63s, acquire_audio=0.52s, strum=0.52s, wait_for_audio_trigger=0.18s, summary_refresh=0.05s, append_result=0.05s, reset_plc_after_collect=0.04s, reset_plc_before_move=0.02s, reset_plc_before_persist=0.01s, plan_measurement_pose=0.00s, merge_results=0.00s]
2026-08-31 14:03:16,253 INFO [pid=45788 gui-measure_condition dune_tension.tensiometer] Measuring wire 307 at 2810.0,786.3276463983665 focus=6286
2026-08-31 14:03:17,885 INFO [pid=45788 gui-monitor-tension-logs dune_tension.gui.actions] Updated tension logs for APA-US-013 layer V
2026-08-31 14:03:19,358 INFO [pid=45788 Thread-3503 (_audio_worker) spectrum_analysis.audio_processing] Listening for audio events (RMS trigger)...
2026-08-31 14:03:19,516 INFO [pid=45788 Thread-3503 (_audio_worker) spectrum_analysis.audio_processing] Recording started.
2026-08-31 14:03:19,689 WARNING [pid=45788 Thread-3503 (_audio_worker) spectrum_analysis.audio_processing] Max recording length reached.
2026-08-31 14:03:19,983 INFO [pid=45788 gui-measure_condition dune_tension.tensiometer] Sample of wire 307: measured frequency 17.71 Hz {'length': 1.4581, 'frequency': 17.706179355862083, 'tension': 0.4107095248035917} with confidence 0.00 (amp=0.0000, harm=0.0000)
2026-08-31 14:03:19,984 INFO [pid=45788 gui-measure_condition dune_tension.tensiometer] Optimizer next pose: x=2820.4321767380184 y=778.8295193679157 focus=6257
2026-08-31 14:03:21,476 INFO [pid=45788 Thread-3505 (_audio_worker) spectrum_analysis.audio_processing] Listening for audio events (RMS trigger)...
2026-08-31 14:03:21,607 INFO [pid=45788 Thread-3505 (_audio_worker) spectrum_analysis.audio_processing] Recording started.
2026-08-31 14:03:21,778 WARNING [pid=45788 Thread-3505 (_audio_worker) spectrum_analysis.audio_processing] Max recording length reached.
2026-08-31 14:03:22,034 INFO [pid=45788 gui-measure_condition dune_tension.tensiometer] Sample of wire 307: measured frequency 19.43 Hz {'length': 1.4581, 'frequency': 19.432769788160442, 'tension': 0.49471430457300125} with confidence 0.54 (amp=0.0000, harm=0.0000)
2026-08-31 14:03:22,035 INFO [pid=45788 gui-measure_condition dune_tension.tensiometer] Optimizer next pose: x=2822.3934661677135 y=777.4198425903223 focus=6268
2026-08-31 14:03:22,740 INFO [pid=45788 MainThread dune_tension.gui.app] GUI heartbeat. measurement_active=True active_measurement=measure condition focus=6344 threads=4 vmsize=6745908 kB vmhwm=2461420 kB vmrss=1887856 kB
2026-08-31 14:03:23,638 INFO [pid=45788 Thread-3507 (_audio_worker) spectrum_analysis.audio_processing] Listening for audio events (RMS trigger)...
2026-08-31 14:03:23,783 INFO [pid=45788 Thread-3507 (_audio_worker) spectrum_analysis.audio_processing] Recording started.
2026-08-31 14:03:23,955 WARNING [pid=45788 Thread-3507 (_audio_worker) spectrum_analysis.audio_processing] Max recording length reached.
2026-08-31 14:03:24,196 INFO [pid=45788 gui-measure_condition dune_tension.tensiometer] Sample of wire 307: measured frequency 40.22 Hz {'length': 1.4581, 'frequency': 40.217079162597656, 'tension': 2.118878764529184} with confidence 1.00 (amp=0.0000, harm=0.0000)
2026-08-31 14:03:24,238 WARNING [pid=45788 gui-measure_condition dune_tension.tensiometer] Tension failed for wire number 307.
2026-08-31 14:03:24,239 INFO [pid=45788 gui-measure_condition dune_tension.tensiometer] Result: wire 307 length 1458.1 mm tension 2.1 N frequency 40.2 Hz confidence 1.00 at 2821.60009765625,778.611328125 focus 6268. Took 4.92 seconds.
2026-08-31 14:03:24,252 INFO [pid=45788 gui-measure_condition dune_tension.tensiometer] Timing profile for list wire 307: total=8.00s stages=[wire_total_wall=8.00s, collect_samples=4.88s, move_to_measurement_pose=3.02s, optimizer_move=3.01s, strum=1.58s, acquire_audio=1.58s, wait_for_audio_trigger=0.54s, analyze_audio=0.21s, reset_plc_after_collect=0.04s, reset_plc_before_move=0.04s, reset_plc_before_persist=0.01s, append_result=0.00s, plan_measurement_pose=0.00s, summary_refresh=0.00s, merge_results=0.00s]
2026-08-31 14:03:24,253 INFO [pid=45788 gui-measure_condition dune_tension.tensiometer] Measuring wire 308 at 2810.0,792.0677743714049 focus=6287
2026-08-31 14:03:25,928 INFO [pid=45788 gui-monitor-tension-logs dune_tension.gui.actions] Updated tension logs for APA-US-013 layer V
2026-08-31 14:03:27,298 INFO [pid=45788 Thread-3511 (_audio_worker) spectrum_analysis.audio_processing] Listening for audio events (RMS trigger)...
2026-08-31 14:03:27,453 INFO [pid=45788 Thread-3511 (_audio_worker) spectrum_analysis.audio_processing] Recording started.
2026-08-31 14:03:27,625 WARNING [pid=45788 Thread-3511 (_audio_worker) spectrum_analysis.audio_processing] Max recording length reached.
2026-08-31 14:03:27,870 INFO [pid=45788 gui-measure_condition dune_tension.tensiometer] Sample of wire 308: measured frequency 27.22 Hz {'length': 1.4581, 'frequency': 27.216256459554035, 'tension': 0.9703799930252549} with confidence 0.00 (amp=0.0000, harm=0.0000)
2026-08-31 14:03:27,871 INFO [pid=45788 gui-measure_condition dune_tension.tensiometer] Optimizer next pose: x=2819.257987640569 y=785.413595754746 focus=6290
2026-08-31 14:03:28,298 INFO [pid=45788 Thread-3513 (_audio_worker) spectrum_analysis.audio_processing] Listening for audio events (RMS trigger)...
2026-08-31 14:03:28,434 INFO [pid=45788 Thread-3513 (_audio_worker) spectrum_analysis.audio_processing] Recording started.
2026-08-31 14:03:28,605 WARNING [pid=45788 Thread-3513 (_audio_worker) spectrum_analysis.audio_processing] Max recording length reached.
2026-08-31 14:03:28,857 INFO [pid=45788 gui-measure_condition dune_tension.tensiometer] Sample of wire 308: measured frequency 55.53 Hz {'length': 1.4581, 'frequency': 55.527507305145264, 'tension': 4.039256312310365} with confidence 1.00 (amp=0.0000, harm=0.3231)
2026-08-31 14:03:28,887 INFO [pid=45788 gui-measure_condition dune_tension.tensiometer] Result: wire 308 length 1458.1 mm tension 4.0 N frequency 55.5 Hz confidence 1.00 at 2810.000732421875,792.0667114257812 focus 6290. Took 1.62 seconds.
2026-08-31 14:03:28,929 INFO [pid=45788 gui-measure_condition dune_tension.tensiometer] Timing profile for list wire 308: total=4.68s stages=[wire_total_wall=4.68s, move_to_measurement_pose=3.00s, collect_samples=1.59s, acquire_audio=1.03s, strum=1.03s, optimizer_move=0.40s, wait_for_audio_trigger=0.33s, analyze_audio=0.14s, reset_plc_after_collect=0.03s, reset_plc_before_persist=0.03s, append_result=0.01s, reset_plc_before_move=0.01s, summary_refresh=0.00s, plan_measurement_pose=0.00s, merge_results=0.00s]
2026-08-31 14:03:28,930 INFO [pid=45788 gui-measure_condition dune_tension.tensiometer] Measuring wire 314 at 2810.0,826.3944493943219 focus=6295
2026-08-31 14:03:30,229 INFO [pid=45788 gui-monitor-tension-logs dune_tension.gui.actions] Updated tension logs for APA-US-013 layer V
2026-08-31 14:03:33,203 INFO [pid=45788 Thread-3517 (_audio_worker) spectrum_analysis.audio_processing] Listening for audio events (RMS trigger)...
2026-08-31 14:03:33,362 INFO [pid=45788 Thread-3517 (_audio_worker) spectrum_analysis.audio_processing] Recording started.
2026-08-31 14:03:33,535 WARNING [pid=45788 Thread-3517 (_audio_worker) spectrum_analysis.audio_processing] Max recording length reached.
2026-08-31 14:03:33,814 INFO [pid=45788 gui-measure_condition dune_tension.tensiometer] Sample of wire 314: measured frequency 54.99 Hz {'length': 1.4581, 'frequency': 54.993173599243164, 'tension': 3.961891909260421} with confidence 1.00 (amp=0.0000, harm=0.0000)
2026-08-31 14:03:33,960 WARNING [pid=45788 gui-measure_condition dune_tension.tensiometer] Tension failed for wire number 314.
2026-08-31 14:03:33,961 INFO [pid=45788 gui-measure_condition dune_tension.tensiometer] Result: wire 314 length 1458.1 mm tension 4.0 N frequency 55.0 Hz confidence 1.00 at 2810.000244140625,826.3928833007812 focus 6295. Took 0.80 seconds.
2026-08-31 14:03:34,004 INFO [pid=45788 gui-measure_condition dune_tension.tensiometer] Timing profile for list wire 314: total=5.07s stages=[wire_total_wall=5.07s, move_to_measurement_pose=4.22s, collect_samples=0.65s, strum=0.54s, acquire_audio=0.54s, wait_for_audio_trigger=0.19s, reset_plc_after_collect=0.15s, analyze_audio=0.07s, reset_plc_before_persist=0.03s, reset_plc_before_move=0.01s, append_result=0.01s, summary_refresh=0.00s, plan_measurement_pose=0.00s, merge_results=0.00s]
2026-08-31 14:03:34,007 INFO [pid=45788 gui-measure_condition dune_tension.tensiometer] Measuring wire 327 at 2810.0,901.1456893527358 focus=6311
2026-08-31 14:03:35,642 INFO [pid=45788 gui-monitor-tension-logs dune_tension.gui.actions] Updated tension logs for APA-US-013 layer V
2026-08-31 14:03:37,219 INFO [pid=45788 Thread-3521 (_audio_worker) spectrum_analysis.audio_processing] Listening for audio events (RMS trigger)...
2026-08-31 14:03:37,351 INFO [pid=45788 Thread-3521 (_audio_worker) spectrum_analysis.audio_processing] Recording started.
2026-08-31 14:03:37,524 WARNING [pid=45788 Thread-3521 (_audio_worker) spectrum_analysis.audio_processing] Max recording length reached.
2026-08-31 14:03:37,741 INFO [pid=45788 MainThread dune_tension.gui.app] GUI heartbeat. measurement_active=True active_measurement=measure condition focus=6344 threads=4 vmsize=6874936 kB vmhwm=2461420 kB vmrss=2020368 kB
2026-08-31 14:03:37,769 INFO [pid=45788 gui-measure_condition dune_tension.tensiometer] Sample of wire 327: measured frequency 54.45 Hz {'length': 1.4581, 'frequency': 54.45386559622629, 'tension': 3.884565839154075} with confidence 1.00 (amp=0.0000, harm=0.0000)
2026-08-31 14:03:37,805 WARNING [pid=45788 gui-measure_condition dune_tension.tensiometer] Tension failed for wire number 327.
2026-08-31 14:03:37,805 INFO [pid=45788 gui-measure_condition dune_tension.tensiometer] Result: wire 327 length 1458.1 mm tension 3.9 N frequency 54.5 Hz confidence 1.00 at 2809.99951171875,901.1464233398438 focus 6311. Took 0.63 seconds.
2026-08-31 14:03:37,883 INFO [pid=45788 gui-measure_condition dune_tension.tensiometer] Timing profile for list wire 327: total=3.88s stages=[wire_total_wall=3.88s, move_to_measurement_pose=3.16s, collect_samples=0.59s, acquire_audio=0.51s, strum=0.51s, wait_for_audio_trigger=0.17s, analyze_audio=0.06s, reset_plc_after_collect=0.04s, append_result=0.03s, summary_refresh=0.03s, reset_plc_before_persist=0.02s, reset_plc_before_move=0.01s, plan_measurement_pose=0.00s, merge_results=0.00s]
2026-08-31 14:03:37,884 INFO [pid=45788 gui-measure_condition dune_tension.tensiometer] Measuring wire 333 at 2810.0,935.5882050968247 focus=6318
2026-08-31 14:03:39,668 INFO [pid=45788 gui-monitor-tension-logs dune_tension.gui.actions] Updated tension logs for APA-US-013 layer V
2026-08-31 14:03:40,591 INFO [pid=45788 Thread-3525 (_audio_worker) spectrum_analysis.audio_processing] Listening for audio events (RMS trigger)...
2026-08-31 14:03:40,743 INFO [pid=45788 Thread-3525 (_audio_worker) spectrum_analysis.audio_processing] Recording started.
2026-08-31 14:03:40,916 WARNING [pid=45788 Thread-3525 (_audio_worker) spectrum_analysis.audio_processing] Max recording length reached.
2026-08-31 14:03:41,155 INFO [pid=45788 gui-measure_condition dune_tension.tensiometer] Sample of wire 333: measured frequency 54.45 Hz {'length': 1.4581, 'frequency': 54.45014429092407, 'tension': 3.8840349250911124} with confidence 1.00 (amp=0.0000, harm=0.0000)
2026-08-31 14:03:41,166 WARNING [pid=45788 gui-measure_condition dune_tension.tensiometer] Tension failed for wire number 333.
2026-08-31 14:03:41,166 INFO [pid=45788 gui-measure_condition dune_tension.tensiometer] Result: wire 333 length 1458.1 mm tension 3.9 N frequency 54.5 Hz confidence 1.00 at 2809.998779296875,935.5961303710938 focus 6318. Took 0.61 seconds.
2026-08-31 14:03:41,192 INFO [pid=45788 gui-measure_condition dune_tension.tensiometer] Timing profile for list wire 333: total=3.28s stages=[wire_total_wall=3.28s, move_to_measurement_pose=2.61s, collect_samples=0.60s, strum=0.52s, acquire_audio=0.52s, wait_for_audio_trigger=0.18s, analyze_audio=0.06s, reset_plc_before_move=0.04s, reset_plc_before_persist=0.01s, append_result=0.01s, reset_plc_after_collect=0.01s, summary_refresh=0.00s, plan_measurement_pose=0.00s, merge_results=0.00s]
2026-08-31 14:03:41,192 INFO [pid=45788 gui-measure_condition dune_tension.tensiometer] Measuring wire 336 at 2810.0,952.8099478762624 focus=6322
2026-08-31 14:03:42,800 INFO [pid=45788 Thread-3528 (_audio_worker) spectrum_analysis.audio_processing] Listening for audio events (RMS trigger)...
2026-08-31 14:03:42,962 INFO [pid=45788 Thread-3528 (_audio_worker) spectrum_analysis.audio_processing] Recording started.
2026-08-31 14:03:43,133 WARNING [pid=45788 Thread-3528 (_audio_worker) spectrum_analysis.audio_processing] Max recording length reached.
2026-08-31 14:03:43,153 INFO [pid=45788 gui-monitor-tension-logs dune_tension.gui.actions] Updated tension logs for APA-US-013 layer V
2026-08-31 14:03:43,530 INFO [pid=45788 gui-measure_condition dune_tension.tensiometer] Sample of wire 336: measured frequency 57.01 Hz {'length': 1.4581, 'frequency': 57.01350736618042, 'tension': 4.2583423546710675} with confidence 1.00 (amp=0.0000, harm=0.0000)
2026-08-31 14:03:43,566 INFO [pid=45788 gui-measure_condition dune_tension.tensiometer] Result: wire 336 length 1458.1 mm tension 4.3 N frequency 57.0 Hz confidence 1.00 at 2809.999755859375,952.7979736328125 focus 6322. Took 0.79 seconds.
2026-08-31 14:03:43,593 INFO [pid=45788 gui-measure_condition dune_tension.tensiometer] Timing profile for list wire 336: total=2.40s stages=[wire_total_wall=2.40s, move_to_measurement_pose=1.57s, collect_samples=0.75s, acquire_audio=0.53s, strum=0.53s, analyze_audio=0.21s, wait_for_audio_trigger=0.18s, reset_plc_after_collect=0.04s, reset_plc_before_persist=0.02s, reset_plc_before_move=0.02s, append_result=0.00s, summary_refresh=0.00s, plan_measurement_pose=0.00s, merge_results=0.00s]
2026-08-31 14:03:43,596 INFO [pid=45788 gui-measure_condition dune_tension.tensiometer] Measuring wire 337 at 2810.0,958.550598778216 focus=6323
2026-08-31 14:03:44,968 INFO [pid=45788 Thread-3532 (_audio_worker) spectrum_analysis.audio_processing] Listening for audio events (RMS trigger)...
2026-08-31 14:03:45,116 INFO [pid=45788 Thread-3532 (_audio_worker) spectrum_analysis.audio_processing] Recording started.
2026-08-31 14:03:45,156 INFO [pid=45788 gui-monitor-tension-logs dune_tension.gui.actions] Updated tension logs for APA-US-013 layer V
2026-08-31 14:03:45,290 WARNING [pid=45788 Thread-3532 (_audio_worker) spectrum_analysis.audio_processing] Max recording length reached.
2026-08-31 14:03:45,647 INFO [pid=45788 gui-measure_condition dune_tension.tensiometer] Sample of wire 337: measured frequency 32.87 Hz {'length': 1.4581, 'frequency': 32.872469902038574, 'tension': 1.4156299077134618} with confidence 0.00 (amp=0.0000, harm=0.0000)
2026-08-31 14:03:45,648 INFO [pid=45788 gui-measure_condition dune_tension.tensiometer] Optimizer next pose: x=2809.739949565916 y=958.7375100277138 focus=6363
2026-08-31 14:03:47,410 INFO [pid=45788 Thread-3535 (_audio_worker) spectrum_analysis.audio_processing] Listening for audio events (RMS trigger)...
2026-08-31 14:03:47,570 INFO [pid=45788 Thread-3535 (_audio_worker) spectrum_analysis.audio_processing] Recording started.
2026-08-31 14:03:47,742 WARNING [pid=45788 Thread-3535 (_audio_worker) spectrum_analysis.audio_processing] Max recording length reached.
2026-08-31 14:03:47,984 INFO [pid=45788 gui-measure_condition dune_tension.tensiometer] Sample of wire 337: measured frequency 54.61 Hz {'length': 1.4581, 'frequency': 54.613895416259766, 'tension': 3.9074314270081643} with confidence 1.00 (amp=0.0000, harm=0.0000)
2026-08-31 14:03:48,016 WARNING [pid=45788 gui-measure_condition dune_tension.tensiometer] Tension failed for wire number 337.
2026-08-31 14:03:48,016 INFO [pid=45788 gui-measure_condition dune_tension.tensiometer] Result: wire 337 length 1458.1 mm tension 3.9 N frequency 54.6 Hz confidence 1.00 at 2810.500732421875,958.5524291992188 focus 6363. Took 3.07 seconds.
2026-08-31 14:03:48,035 INFO [pid=45788 gui-measure_condition dune_tension.tensiometer] Timing profile for list wire 337: total=4.44s stages=[wire_total_wall=4.44s, collect_samples=3.04s, optimizer_move=1.74s, move_to_measurement_pose=1.33s, strum=1.03s, acquire_audio=1.03s, wait_for_audio_trigger=0.34s, analyze_audio=0.24s, reset_plc_after_collect=0.03s, reset_plc_before_move=0.02s, reset_plc_before_persist=0.01s, append_result=0.01s, summary_refresh=0.00s, plan_measurement_pose=0.00s, merge_results=0.00s]
2026-08-31 14:03:48,036 INFO [pid=45788 gui-measure_condition dune_tension.tensiometer] Measuring wire 356 at 2810.0,1067.8611069974515 focus=6347
2026-08-31 14:03:49,907 INFO [pid=45788 gui-monitor-tension-logs dune_tension.gui.actions] Updated tension logs for APA-US-013 layer V
2026-08-31 14:03:52,742 INFO [pid=45788 MainThread dune_tension.gui.app] GUI heartbeat. measurement_active=True active_measurement=measure condition focus=6344 threads=4 vmsize=6698736 kB vmhwm=2461420 kB vmrss=1861144 kB
2026-08-31 14:03:53,393 INFO [pid=45788 Thread-3539 (_audio_worker) spectrum_analysis.audio_processing] Listening for audio events (RMS trigger)...
2026-08-31 14:03:53,543 INFO [pid=45788 Thread-3539 (_audio_worker) spectrum_analysis.audio_processing] Recording started.
2026-08-31 14:03:53,716 WARNING [pid=45788 Thread-3539 (_audio_worker) spectrum_analysis.audio_processing] Max recording length reached.
2026-08-31 14:03:53,975 INFO [pid=45788 gui-measure_condition dune_tension.tensiometer] Sample of wire 356: measured frequency 28.50 Hz {'length': 1.4581, 'frequency': 28.502923148018972, 'tension': 1.0642995049910877} with confidence 1.00 (amp=0.0000, harm=0.0000)
2026-08-31 14:03:53,976 INFO [pid=45788 gui-measure_condition dune_tension.tensiometer] Optimizer next pose: x=2821.435887060116 y=1059.6415631729933 focus=6351
2026-08-31 14:03:54,896 INFO [pid=45788 Thread-3541 (_audio_worker) spectrum_analysis.audio_processing] Listening for audio events (RMS trigger)...
2026-08-31 14:03:55,036 INFO [pid=45788 Thread-3541 (_audio_worker) spectrum_analysis.audio_processing] Recording started.
2026-08-31 14:03:55,207 WARNING [pid=45788 Thread-3541 (_audio_worker) spectrum_analysis.audio_processing] Max recording length reached.
2026-08-31 14:03:55,458 INFO [pid=45788 gui-measure_condition dune_tension.tensiometer] Sample of wire 356: measured frequency 55.12 Hz {'length': 1.4581, 'frequency': 55.12259483337402, 'tension': 3.9805617282423627} with confidence 1.00 (amp=0.0000, harm=0.0000)
2026-08-31 14:03:55,487 WARNING [pid=45788 gui-measure_condition dune_tension.tensiometer] Tension failed for wire number 356.
2026-08-31 14:03:55,487 INFO [pid=45788 gui-measure_condition dune_tension.tensiometer] Result: wire 356 length 1458.1 mm tension 4.0 N frequency 55.1 Hz confidence 1.00 at 2810.400390625,1067.8636474609375 focus 6351. Took 2.14 seconds.
2026-08-31 14:03:55,544 INFO [pid=45788 gui-measure_condition dune_tension.tensiometer] Timing profile for list wire 356: total=7.51s stages=[wire_total_wall=7.51s, move_to_measurement_pose=5.30s, collect_samples=2.11s, acquire_audio=1.04s, strum=1.04s, optimizer_move=0.90s, wait_for_audio_trigger=0.35s, analyze_audio=0.14s, append_result=0.03s, reset_plc_after_collect=0.03s, reset_plc_before_persist=0.03s, reset_plc_before_move=0.02s, plan_measurement_pose=0.00s, summary_refresh=0.00s, merge_results=0.00s]
2026-08-31 14:03:55,547 INFO [pid=45788 gui-measure_condition dune_tension.tensiometer] Measuring wire 358 at 2810.0,1079.523983369285 focus=6350
2026-08-31 14:03:57,208 INFO [pid=45788 gui-monitor-tension-logs dune_tension.gui.actions] Updated tension logs for APA-US-013 layer V
2026-08-31 14:03:58,579 INFO [pid=45788 Thread-3545 (_audio_worker) spectrum_analysis.audio_processing] Listening for audio events (RMS trigger)...
2026-08-31 14:03:58,728 INFO [pid=45788 Thread-3545 (_audio_worker) spectrum_analysis.audio_processing] Recording started.
2026-08-31 14:03:58,900 WARNING [pid=45788 Thread-3545 (_audio_worker) spectrum_analysis.audio_processing] Max recording length reached.
2026-08-31 14:03:59,154 INFO [pid=45788 gui-measure_condition dune_tension.tensiometer] Sample of wire 358: measured frequency 24.76 Hz {'length': 1.4581, 'frequency': 24.756652719075266, 'tension': 0.8029137688738446} with confidence 0.00 (amp=0.0000, harm=0.0000)
2026-08-31 14:03:59,155 INFO [pid=45788 gui-measure_condition dune_tension.tensiometer] Optimizer next pose: x=2824.828184066479 y=1068.8662260715032 focus=6354
2026-08-31 14:04:01,812 INFO [pid=45788 Thread-3547 (_audio_worker) spectrum_analysis.audio_processing] Listening for audio events (RMS trigger)...
2026-08-31 14:04:01,970 INFO [pid=45788 Thread-3547 (_audio_worker) spectrum_analysis.audio_processing] Recording started.
2026-08-31 14:04:02,142 WARNING [pid=45788 Thread-3547 (_audio_worker) spectrum_analysis.audio_processing] Max recording length reached.
2026-08-31 14:04:02,403 INFO [pid=45788 gui-measure_condition dune_tension.tensiometer] Sample of wire 358: measured frequency 18.00 Hz {'length': 1.4581, 'frequency': 18.003392696380615, 'tension': 0.4246134685196697} with confidence 0.00 (amp=0.0000, harm=0.0000)
2026-08-31 14:04:02,403 INFO [pid=45788 gui-measure_condition dune_tension.tensiometer] Optimizer next pose: x=2802.966098355538 y=1084.579600176242 focus=6439
2026-08-31 14:04:04,432 INFO [pid=45788 Thread-3549 (_audio_worker) spectrum_analysis.audio_processing] Listening for audio events (RMS trigger)...
2026-08-31 14:04:04,594 INFO [pid=45788 Thread-3549 (_audio_worker) spectrum_analysis.audio_processing] Recording started.
2026-08-31 14:04:04,766 WARNING [pid=45788 Thread-3549 (_audio_worker) spectrum_analysis.audio_processing] Max recording length reached.
2026-08-31 14:04:05,018 INFO [pid=45788 gui-measure_condition dune_tension.tensiometer] Sample of wire 358: measured frequency 54.61 Hz {'length': 1.4581, 'frequency': 54.607774098714195, 'tension': 3.9065555587725096} with confidence 1.00 (amp=0.0000, harm=0.0000)
2026-08-31 14:04:05,072 WARNING [pid=45788 gui-measure_condition dune_tension.tensiometer] Tension failed for wire number 358.
2026-08-31 14:04:05,072 INFO [pid=45788 gui-measure_condition dune_tension.tensiometer] Result: wire 358 length 1458.1 mm tension 3.9 N frequency 54.6 Hz confidence 1.00 at 2824.800537109375,1069.2742919921875 focus 6439. Took 6.52 seconds.
2026-08-31 14:04:05,213 INFO [pid=45788 gui-measure_condition dune_tension.tensiometer] Timing profile for list wire 358: total=9.67s stages=[wire_total_wall=9.67s, collect_samples=6.47s, optimizer_move=4.62s, move_to_measurement_pose=2.93s, acquire_audio=1.58s, strum=1.58s, wait_for_audio_trigger=0.54s, analyze_audio=0.23s, reset_plc_before_persist=0.14s, reset_plc_before_move=0.07s, reset_plc_after_collect=0.05s, append_result=0.00s, plan_measurement_pose=0.00s, summary_refresh=0.00s, merge_results=0.00s]
2026-08-31 14:04:05,214 INFO [pid=45788 gui-measure_condition dune_tension.tensiometer] Measuring wire 367 at 2810.0,1131.300479618983 focus=6361
2026-08-31 14:04:06,363 INFO [pid=45788 gui-monitor-tension-logs dune_tension.gui.actions] Updated tension logs for APA-US-013 layer V
2026-08-31 14:04:07,743 INFO [pid=45788 MainThread dune_tension.gui.app] GUI heartbeat. measurement_active=True active_measurement=measure condition focus=6344 threads=4 vmsize=6649516 kB vmhwm=2461420 kB vmrss=1812676 kB
2026-08-31 14:04:09,243 INFO [pid=45788 Thread-3553 (_audio_worker) spectrum_analysis.audio_processing] Listening for audio events (RMS trigger)...
2026-08-31 14:04:09,394 INFO [pid=45788 Thread-3553 (_audio_worker) spectrum_analysis.audio_processing] Recording started.
2026-08-31 14:04:09,567 WARNING [pid=45788 Thread-3553 (_audio_worker) spectrum_analysis.audio_processing] Max recording length reached.
2026-08-31 14:04:09,873 INFO [pid=45788 gui-measure_condition dune_tension.tensiometer] Sample of wire 367: measured frequency 47.77 Hz {'length': 1.4581, 'frequency': 47.77245585123698, 'tension': 2.9897866062591913} with confidence 1.00 (amp=0.0000, harm=0.0000)
2026-08-31 14:04:09,911 WARNING [pid=45788 gui-measure_condition dune_tension.tensiometer] Tension failed for wire number 367.
2026-08-31 14:04:09,911 INFO [pid=45788 gui-measure_condition dune_tension.tensiometer] Result: wire 367 length 1458.1 mm tension 3.0 N frequency 47.8 Hz confidence 1.00 at 2810.39990234375,1131.29248046875 focus 6361. Took 0.71 seconds.
2026-08-31 14:04:09,932 INFO [pid=45788 gui-measure_condition dune_tension.tensiometer] Timing profile for list wire 367: total=4.72s stages=[wire_total_wall=4.72s, move_to_measurement_pose=3.98s, collect_samples=0.67s, acquire_audio=0.53s, strum=0.53s, wait_for_audio_trigger=0.18s, analyze_audio=0.09s, reset_plc_after_collect=0.04s, reset_plc_before_move=0.01s, reset_plc_before_persist=0.01s, append_result=0.01s, summary_refresh=0.00s, plan_measurement_pose=0.00s, merge_results=0.00s]
2026-08-31 14:04:09,932 INFO [pid=45788 gui-measure_condition dune_tension.tensiometer] Measuring wire 374 at 2810.0,1171.5713570375322 focus=6369
2026-08-31 14:04:11,384 INFO [pid=45788 gui-monitor-tension-logs dune_tension.gui.actions] Updated tension logs for APA-US-013 layer V
2026-08-31 14:04:13,006 INFO [pid=45788 Thread-3557 (_audio_worker) spectrum_analysis.audio_processing] Listening for audio events (RMS trigger)...
2026-08-31 14:04:13,149 INFO [pid=45788 Thread-3557 (_audio_worker) spectrum_analysis.audio_processing] Recording started.
2026-08-31 14:04:13,321 WARNING [pid=45788 Thread-3557 (_audio_worker) spectrum_analysis.audio_processing] Max recording length reached.
2026-08-31 14:04:13,571 INFO [pid=45788 gui-measure_condition dune_tension.tensiometer] Sample of wire 374: measured frequency 53.13 Hz {'length': 1.4581, 'frequency': 53.12679672241211, 'tension': 3.6975352107002646} with confidence 1.00 (amp=0.0000, harm=0.0000)
2026-08-31 14:04:13,610 WARNING [pid=45788 gui-measure_condition dune_tension.tensiometer] Tension failed for wire number 374.
2026-08-31 14:04:13,610 INFO [pid=45788 gui-measure_condition dune_tension.tensiometer] Result: wire 374 length 1458.1 mm tension 3.7 N frequency 53.1 Hz confidence 1.00 at 2809.99951171875,1171.5782470703125 focus 6369. Took 0.64 seconds.
2026-08-31 14:04:13,658 INFO [pid=45788 gui-measure_condition dune_tension.tensiometer] Timing profile for list wire 374: total=3.72s stages=[wire_total_wall=3.72s, move_to_measurement_pose=3.01s, collect_samples=0.60s, acquire_audio=0.52s, strum=0.52s, wait_for_audio_trigger=0.17s, analyze_audio=0.07s, reset_plc_after_collect=0.04s, append_result=0.04s, reset_plc_before_move=0.02s, reset_plc_before_persist=0.01s, summary_refresh=0.00s, plan_measurement_pose=0.00s, merge_results=0.00s]
2026-08-31 14:04:13,684 INFO [pid=45788 gui-measure_condition dune_tension.tensiometer] Measuring wire 376 at 2810.0,1183.076762415694 focus=6372
2026-08-31 14:04:15,284 INFO [pid=45788 Thread-3560 (_audio_worker) spectrum_analysis.audio_processing] Listening for audio events (RMS trigger)...
2026-08-31 14:04:15,409 INFO [pid=45788 gui-monitor-tension-logs dune_tension.gui.actions] Updated tension logs for APA-US-013 layer V
2026-08-31 14:04:15,431 INFO [pid=45788 Thread-3560 (_audio_worker) spectrum_analysis.audio_processing] Recording started.
2026-08-31 14:04:15,610 WARNING [pid=45788 Thread-3560 (_audio_worker) spectrum_analysis.audio_processing] Max recording length reached.
2026-08-31 14:04:15,899 INFO [pid=45788 gui-measure_condition dune_tension.tensiometer] Sample of wire 376: measured frequency 34.18 Hz {'length': 1.4581, 'frequency': 34.179342905680336, 'tension': 1.5304264922885649} with confidence 0.00 (amp=0.0000, harm=0.0000)
2026-08-31 14:04:15,900 INFO [pid=45788 gui-measure_condition dune_tension.tensiometer] Optimizer next pose: x=2820.2099363613825 y=1175.7383706559503 focus=6338
2026-08-31 14:04:16,664 INFO [pid=45788 Thread-3563 (_audio_worker) spectrum_analysis.audio_processing] Listening for audio events (RMS trigger)...
2026-08-31 14:04:16,818 INFO [pid=45788 Thread-3563 (_audio_worker) spectrum_analysis.audio_processing] Recording started.
2026-08-31 14:04:16,989 WARNING [pid=45788 Thread-3563 (_audio_worker) spectrum_analysis.audio_processing] Max recording length reached.
2026-08-31 14:04:17,241 INFO [pid=45788 gui-measure_condition dune_tension.tensiometer] Sample of wire 376: measured frequency 53.94 Hz {'length': 1.4581, 'frequency': 53.94423770904541, 'tension': 3.8121956138690827} with confidence 0.00 (amp=0.0000, harm=0.0000)
2026-08-31 14:04:17,241 INFO [pid=45788 gui-measure_condition dune_tension.tensiometer] Optimizer next pose: x=2813.2204325565244 y=1180.6886328866192 focus=6364
2026-08-31 14:04:18,564 INFO [pid=45788 Thread-3565 (_audio_worker) spectrum_analysis.audio_processing] Listening for audio events (RMS trigger)...
2026-08-31 14:04:18,717 INFO [pid=45788 Thread-3565 (_audio_worker) spectrum_analysis.audio_processing] Recording started.
2026-08-31 14:04:18,888 WARNING [pid=45788 Thread-3565 (_audio_worker) spectrum_analysis.audio_processing] Max recording length reached.
2026-08-31 14:04:19,131 INFO [pid=45788 gui-measure_condition dune_tension.tensiometer] Sample of wire 376: measured frequency 29.42 Hz {'length': 1.4581, 'frequency': 29.419218063354492, 'tension': 1.1338283381677932} with confidence 0.00 (amp=0.0000, harm=0.0000)
2026-08-31 14:04:19,132 INFO [pid=45788 gui-measure_condition dune_tension.tensiometer] Optimizer next pose: x=2820.1386154920406 y=1175.716188901717 focus=6274
2026-08-31 14:04:20,830 INFO [pid=45788 Thread-3567 (_audio_worker) spectrum_analysis.audio_processing] Listening for audio events (RMS trigger)...
2026-08-31 14:04:20,978 INFO [pid=45788 Thread-3567 (_audio_worker) spectrum_analysis.audio_processing] Recording started.
2026-08-31 14:04:21,150 WARNING [pid=45788 Thread-3567 (_audio_worker) spectrum_analysis.audio_processing] Max recording length reached.
2026-08-31 14:04:21,396 INFO [pid=45788 gui-measure_condition dune_tension.tensiometer] Sample of wire 376: measured frequency 50.66 Hz {'length': 1.4581, 'frequency': 50.66169548034668, 'tension': 3.3623622159784814} with confidence 0.00 (amp=0.0000, harm=0.0000)
2026-08-31 14:04:21,397 INFO [pid=45788 gui-measure_condition dune_tension.tensiometer] Optimizer next pose: x=2819.123835562746 y=1176.4455619758974 focus=6304
2026-08-31 14:04:22,744 INFO [pid=45788 MainThread dune_tension.gui.app] GUI heartbeat. measurement_active=True active_measurement=measure condition focus=6344 threads=4 vmsize=6698736 kB vmhwm=2461420 kB vmrss=1861896 kB
2026-08-31 14:04:22,825 INFO [pid=45788 Thread-3569 (_audio_worker) spectrum_analysis.audio_processing] Listening for audio events (RMS trigger)...
2026-08-31 14:04:22,983 INFO [pid=45788 Thread-3569 (_audio_worker) spectrum_analysis.audio_processing] Recording started.
2026-08-31 14:04:23,155 WARNING [pid=45788 Thread-3569 (_audio_worker) spectrum_analysis.audio_processing] Max recording length reached.
2026-08-31 14:04:23,416 INFO [pid=45788 gui-measure_condition dune_tension.tensiometer] Sample of wire 376: measured frequency 32.07 Hz {'length': 1.4581, 'frequency': 32.07449548371309, 'tension': 1.3477356743116888} with confidence 1.00 (amp=0.0000, harm=0.0000)
2026-08-31 14:04:23,416 INFO [pid=45788 gui-measure_condition dune_tension.tensiometer] Optimizer next pose: x=2794.447139013704 y=1194.1819376205212 focus=6341
2026-08-31 14:04:24,832 INFO [pid=45788 Thread-3571 (_audio_worker) spectrum_analysis.audio_processing] Listening for audio events (RMS trigger)...
2026-08-31 14:04:24,989 INFO [pid=45788 Thread-3571 (_audio_worker) spectrum_analysis.audio_processing] Recording started.
2026-08-31 14:04:25,160 WARNING [pid=45788 Thread-3571 (_audio_worker) spectrum_analysis.audio_processing] Max recording length reached.
2026-08-31 14:04:25,426 INFO [pid=45788 gui-measure_condition dune_tension.tensiometer] Sample of wire 376: measured frequency 47.86 Hz {'length': 1.4581, 'frequency': 47.85992940266927, 'tension': 3.0007455022166933} with confidence 0.00 (amp=0.0000, harm=0.0000)
2026-08-31 14:04:25,426 INFO [pid=45788 gui-measure_condition dune_tension.tensiometer] Optimizer next pose: x=2815.560002616566 y=1179.0070669059642 focus=6277
2026-08-31 14:04:27,864 INFO [pid=45788 Thread-3573 (_audio_worker) spectrum_analysis.audio_processing] Listening for audio events (RMS trigger)...
2026-08-31 14:04:28,019 INFO [pid=45788 Thread-3573 (_audio_worker) spectrum_analysis.audio_processing] Recording started.
2026-08-31 14:04:28,191 WARNING [pid=45788 Thread-3573 (_audio_worker) spectrum_analysis.audio_processing] Max recording length reached.
2026-08-31 14:04:28,444 INFO [pid=45788 gui-measure_condition dune_tension.tensiometer] Sample of wire 376: measured frequency 29.56 Hz {'length': 1.4581, 'frequency': 29.56307077407837, 'tension': 1.1449437287544881} with confidence 0.00 (amp=0.0000, harm=0.0000)
2026-08-31 14:04:28,445 INFO [pid=45788 gui-measure_condition dune_tension.tensiometer] Optimizer next pose: x=2790.283292205417 y=1197.1747025139775 focus=6342
2026-08-31 14:04:29,689 INFO [pid=45788 Thread-3575 (_audio_worker) spectrum_analysis.audio_processing] Listening for audio events (RMS trigger)...
2026-08-31 14:04:29,831 INFO [pid=45788 Thread-3575 (_audio_worker) spectrum_analysis.audio_processing] Recording started.
2026-08-31 14:04:30,003 WARNING [pid=45788 Thread-3575 (_audio_worker) spectrum_analysis.audio_processing] Max recording length reached.
2026-08-31 14:04:30,255 INFO [pid=45788 gui-measure_condition dune_tension.tensiometer] Sample of wire 376: measured frequency 28.55 Hz {'length': 1.4581, 'frequency': 28.554913838684048, 'tension': 1.0681857121477394} with confidence 0.00 (amp=0.0000, harm=0.0000)
2026-08-31 14:04:30,255 INFO [pid=45788 gui-measure_condition dune_tension.tensiometer] Optimizer next pose: x=2811.456469937997 y=1181.9564810186857 focus=6304
2026-08-31 14:04:33,556 INFO [pid=45788 Thread-3577 (_audio_worker) spectrum_analysis.audio_processing] Listening for audio events (RMS trigger)...
2026-08-31 14:04:33,715 INFO [pid=45788 Thread-3577 (_audio_worker) spectrum_analysis.audio_processing] Recording started.
2026-08-31 14:04:33,887 WARNING [pid=45788 Thread-3577 (_audio_worker) spectrum_analysis.audio_processing] Max recording length reached.
2026-08-31 14:04:34,175 INFO [pid=45788 gui-measure_condition dune_tension.tensiometer] Sample of wire 376: measured frequency 29.25 Hz {'length': 1.4581, 'frequency': 29.247507095336914, 'tension': 1.1206313466017328} with confidence 0.00 (amp=0.0000, harm=0.0000)
2026-08-31 14:04:34,175 INFO [pid=45788 gui-measure_condition dune_tension.tensiometer] Optimizer next pose: x=2808.487773698571 y=1184.0902314407733 focus=6359
2026-08-31 14:04:36,571 INFO [pid=45788 Thread-3579 (_audio_worker) spectrum_analysis.audio_processing] Listening for audio events (RMS trigger)...
2026-08-31 14:04:36,722 INFO [pid=45788 Thread-3579 (_audio_worker) spectrum_analysis.audio_processing] Recording started.
2026-08-31 14:04:36,895 WARNING [pid=45788 Thread-3579 (_audio_worker) spectrum_analysis.audio_processing] Max recording length reached.
2026-08-31 14:04:37,145 INFO [pid=45788 gui-measure_condition dune_tension.tensiometer] Sample of wire 376: measured frequency 51.78 Hz {'length': 1.4581, 'frequency': 51.78090000152588, 'tension': 3.5125639981149392} with confidence 1.00 (amp=0.0000, harm=0.0000)
2026-08-31 14:04:37,194 WARNING [pid=45788 gui-measure_condition dune_tension.tensiometer] Tension failed for wire number 376.
2026-08-31 14:04:37,194 INFO [pid=45788 gui-measure_condition dune_tension.tensiometer] Result: wire 376 length 1458.1 mm tension 3.5 N frequency 51.8 Hz confidence 1.00 at 2807.101318359375,1185.5162353515625 focus 6359. Took 21.93 seconds.
2026-08-31 14:04:37,223 INFO [pid=45788 gui-measure_condition dune_tension.tensiometer] Timing profile for list wire 376: total=23.54s stages=[wire_total_wall=23.54s, collect_samples=21.88s, optimizer_move=15.47s, acquire_audio=5.21s, strum=5.21s, wait_for_audio_trigger=1.76s, move_to_measurement_pose=1.57s, analyze_audio=0.78s, reset_plc_after_collect=0.05s, reset_plc_before_persist=0.02s, reset_plc_before_move=0.01s, append_result=0.01s, summary_refresh=0.00s, plan_measurement_pose=0.00s, merge_results=0.00s]
2026-08-31 14:04:37,224 INFO [pid=45788 gui-measure_condition dune_tension.tensiometer] Measuring wire 377 at 2810.0,1188.8299203329327 focus=6373
2026-08-31 14:04:37,824 INFO [pid=45788 MainThread dune_tension.gui.app] GUI heartbeat. measurement_active=True active_measurement=measure condition focus=6344 threads=4 vmsize=6698736 kB vmhwm=2461420 kB vmrss=1861896 kB
2026-08-31 14:04:38,833 INFO [pid=45788 gui-monitor-tension-logs dune_tension.gui.actions] Updated tension logs for APA-US-013 layer V
2026-08-31 14:04:39,865 INFO [pid=45788 Thread-3583 (_audio_worker) spectrum_analysis.audio_processing] Listening for audio events (RMS trigger)...
2026-08-31 14:04:40,029 INFO [pid=45788 Thread-3583 (_audio_worker) spectrum_analysis.audio_processing] Recording started.
2026-08-31 14:04:40,201 WARNING [pid=45788 Thread-3583 (_audio_worker) spectrum_analysis.audio_processing] Max recording length reached.
2026-08-31 14:04:40,442 INFO [pid=45788 gui-measure_condition dune_tension.tensiometer] Sample of wire 377: measured frequency 52.17 Hz {'length': 1.4581, 'frequency': 52.16715383529663, 'tension': 3.5651626026447722} with confidence 1.00 (amp=0.0000, harm=0.2770)
2026-08-31 14:04:40,459 WARNING [pid=45788 gui-measure_condition dune_tension.tensiometer] Tension failed for wire number 377.
2026-08-31 14:04:40,467 INFO [pid=45788 gui-measure_condition dune_tension.tensiometer] Result: wire 377 length 1458.1 mm tension 3.6 N frequency 52.2 Hz confidence 1.00 at 2810.39990234375,1188.819580078125 focus 6373. Took 0.64 seconds.
2026-08-31 14:04:40,485 INFO [pid=45788 gui-measure_condition dune_tension.tensiometer] Timing profile for list wire 377: total=3.26s stages=[wire_total_wall=3.26s, move_to_measurement_pose=2.48s, collect_samples=0.61s, acquire_audio=0.54s, strum=0.54s, wait_for_audio_trigger=0.20s, reset_plc_before_move=0.12s, analyze_audio=0.06s, reset_plc_after_collect=0.02s, reset_plc_before_persist=0.01s, append_result=0.00s, summary_refresh=0.00s, plan_measurement_pose=0.00s, merge_results=0.00s]
2026-08-31 14:04:40,485 INFO [pid=45788 gui-measure_condition dune_tension.tensiometer] Measuring wire 391 at 3763.668270941269,583.6597691529163 focus=6242
2026-08-31 14:04:42,249 INFO [pid=45788 gui-monitor-tension-logs dune_tension.gui.actions] Updated tension logs for APA-US-013 layer V
2026-08-31 14:04:52,825 INFO [pid=45788 MainThread dune_tension.gui.app] GUI heartbeat. measurement_active=True active_measurement=measure condition focus=6344 threads=4 vmsize=6701808 kB vmhwm=2461420 kB vmrss=1866484 kB
2026-08-31 14:04:57,244 INFO [pid=45788 Thread-3587 (_audio_worker) spectrum_analysis.audio_processing] Listening for audio events (RMS trigger)...
2026-08-31 14:04:57,395 INFO [pid=45788 Thread-3587 (_audio_worker) spectrum_analysis.audio_processing] Recording started.
2026-08-31 14:04:57,567 WARNING [pid=45788 Thread-3587 (_audio_worker) spectrum_analysis.audio_processing] Max recording length reached.
2026-08-31 14:04:58,262 INFO [pid=45788 gui-measure_condition dune_tension.tensiometer] Sample of wire 391: measured frequency 85.25 Hz {'length': 0.9328, 'frequency': 85.25366719563802, 'tension': 3.896849650097829} with confidence 1.00 (amp=0.0000, harm=0.0000)
2026-08-31 14:04:58,296 WARNING [pid=45788 gui-measure_condition dune_tension.tensiometer] Tension failed for wire number 391.
2026-08-31 14:04:58,296 INFO [pid=45788 gui-measure_condition dune_tension.tensiometer] Result: wire 391 length 932.8 mm tension 3.9 N frequency 85.3 Hz confidence 1.00 at 3763.666748046875,583.6265258789062 focus 6242. Took 1.08 seconds.
2026-08-31 14:04:58,335 INFO [pid=45788 gui-measure_condition dune_tension.tensiometer] Timing profile for list wire 391: total=17.85s stages=[wire_total_wall=17.85s, move_to_measurement_pose=16.72s, collect_samples=1.04s, acquire_audio=0.52s, strum=0.52s, analyze_audio=0.51s, wait_for_audio_trigger=0.17s, reset_plc_after_collect=0.03s, reset_plc_before_persist=0.03s, reset_plc_before_move=0.01s, append_result=0.01s, summary_refresh=0.00s, plan_measurement_pose=0.00s, merge_results=0.00s]
2026-08-31 14:04:58,336 INFO [pid=45788 gui-measure_condition dune_tension.tensiometer] Measuring wire 395 at 3779.6379671632108,594.7475111113682 focus=6245
2026-08-31 14:04:59,587 INFO [pid=45788 gui-monitor-tension-logs dune_tension.gui.actions] Updated tension logs for APA-US-013 layer V
2026-08-31 14:05:01,147 INFO [pid=45788 Thread-3591 (_audio_worker) spectrum_analysis.audio_processing] Listening for audio events (RMS trigger)...
2026-08-31 14:05:01,299 INFO [pid=45788 Thread-3591 (_audio_worker) spectrum_analysis.audio_processing] Recording started.
2026-08-31 14:05:01,471 WARNING [pid=45788 Thread-3591 (_audio_worker) spectrum_analysis.audio_processing] Max recording length reached.
2026-08-31 14:05:02,161 INFO [pid=45788 gui-measure_condition dune_tension.tensiometer] Sample of wire 395: measured frequency 34.10 Hz {'length': 0.9722000000000001, 'frequency': 34.09891754320506, 'tension': 0.6771780234614452} with confidence 0.00 (amp=0.0000, harm=0.0000)
2026-08-31 14:05:02,162 INFO [pid=45788 gui-measure_condition dune_tension.tensiometer] Optimizer next pose: x=3778.1852196182886 y=595.7916734092811 focus=6261
2026-08-31 14:05:03,436 INFO [pid=45788 Thread-3593 (_audio_worker) spectrum_analysis.audio_processing] Listening for audio events (RMS trigger)...
2026-08-31 14:05:03,581 INFO [pid=45788 Thread-3593 (_audio_worker) spectrum_analysis.audio_processing] Recording started.
2026-08-31 14:05:03,753 WARNING [pid=45788 Thread-3593 (_audio_worker) spectrum_analysis.audio_processing] Max recording length reached.
2026-08-31 14:05:04,008 INFO [pid=45788 gui-measure_condition dune_tension.tensiometer] Sample of wire 395: measured frequency 37.52 Hz {'length': 0.9722000000000001, 'frequency': 37.5208994547526, 'tension': 0.819913716013985} with confidence 0.00 (amp=0.0000, harm=0.0000)
2026-08-31 14:05:04,019 INFO [pid=45788 gui-measure_condition dune_tension.tensiometer] Optimizer next pose: x=3756.934925159696 y=611.0653225513945 focus=6287
2026-08-31 14:05:05,276 INFO [pid=45788 Thread-3595 (_audio_worker) spectrum_analysis.audio_processing] Listening for audio events (RMS trigger)...
2026-08-31 14:05:05,437 INFO [pid=45788 Thread-3595 (_audio_worker) spectrum_analysis.audio_processing] Recording started.
2026-08-31 14:05:05,609 WARNING [pid=45788 Thread-3595 (_audio_worker) spectrum_analysis.audio_processing] Max recording length reached.
2026-08-31 14:05:05,858 INFO [pid=45788 gui-measure_condition dune_tension.tensiometer] Sample of wire 395: measured frequency 79.66 Hz {'length': 0.9722000000000001, 'frequency': 79.65907986958821, 'tension': 3.695661973638252} with confidence 1.00 (amp=0.0000, harm=0.0000)
2026-08-31 14:05:05,988 WARNING [pid=45788 gui-measure_condition dune_tension.tensiometer] Tension failed for wire number 395.
2026-08-31 14:05:05,989 INFO [pid=45788 gui-measure_condition dune_tension.tensiometer] Result: wire 395 length 972.2 mm tension 3.7 N frequency 79.7 Hz confidence 1.00 at 3779.099853515625,595.4454956054688 focus 6287. Took 4.87 seconds.
2026-08-31 14:05:06,012 INFO [pid=45788 gui-measure_condition dune_tension.tensiometer] Timing profile for list wire 395: total=7.68s stages=[wire_total_wall=7.68s, collect_samples=4.74s, move_to_measurement_pose=2.68s, optimizer_move=2.37s, acquire_audio=1.59s, strum=1.59s, analyze_audio=0.65s, wait_for_audio_trigger=0.55s, reset_plc_after_collect=0.13s, reset_plc_before_move=0.09s, reset_plc_before_persist=0.01s, append_result=0.01s, summary_refresh=0.00s, plan_measurement_pose=0.00s, merge_results=0.00s]
2026-08-31 14:05:06,018 INFO [pid=45788 gui-measure_condition dune_tension.tensiometer] Measuring wire 397 at 3787.6229181349863,600.5152536399546 focus=6246
2026-08-31 14:05:07,625 INFO [pid=45788 gui-monitor-tension-logs dune_tension.gui.actions] Updated tension logs for APA-US-013 layer V
2026-08-31 14:05:07,826 INFO [pid=45788 MainThread dune_tension.gui.app] GUI heartbeat. measurement_active=True active_measurement=measure condition focus=6344 threads=5 vmsize=6751044 kB vmhwm=2461420 kB vmrss=1888860 kB
2026-08-31 14:05:08,977 INFO [pid=45788 Thread-3599 (_audio_worker) spectrum_analysis.audio_processing] Listening for audio events (RMS trigger)...
2026-08-31 14:05:09,128 INFO [pid=45788 Thread-3599 (_audio_worker) spectrum_analysis.audio_processing] Recording started.
2026-08-31 14:05:09,301 WARNING [pid=45788 Thread-3599 (_audio_worker) spectrum_analysis.audio_processing] Max recording length reached.
2026-08-31 14:05:09,984 INFO [pid=45788 gui-measure_condition dune_tension.tensiometer] Sample of wire 397: measured frequency 78.67 Hz {'length': 0.9919, 'frequency': 78.67451667785645, 'tension': 3.752445421729826} with confidence 1.00 (amp=0.0000, harm=0.0000)
2026-08-31 14:05:10,030 WARNING [pid=45788 gui-measure_condition dune_tension.tensiometer] Tension failed for wire number 397.
2026-08-31 14:05:10,031 INFO [pid=45788 gui-measure_condition dune_tension.tensiometer] Result: wire 397 length 991.9 mm tension 3.8 N frequency 78.7 Hz confidence 1.00 at 3788.023193359375,600.5155029296875 focus 6246. Took 1.09 seconds.
2026-08-31 14:05:10,260 INFO [pid=45788 gui-measure_condition dune_tension.tensiometer] Timing profile for list wire 397: total=4.24s stages=[wire_total_wall=4.24s, move_to_measurement_pose=2.60s, collect_samples=1.05s, acquire_audio=0.53s, strum=0.53s, analyze_audio=0.50s, reset_plc_before_move=0.32s, wait_for_audio_trigger=0.18s, reset_plc_before_persist=0.12s, append_result=0.09s, reset_plc_after_collect=0.05s, summary_refresh=0.02s, plan_measurement_pose=0.01s, merge_results=0.00s]
2026-08-31 14:05:10,288 INFO [pid=45788 gui-measure_condition dune_tension.tensiometer] Measuring wire 412 at 3847.5100507415964,643.7738023823623 focus=6255
2026-08-31 14:05:11,803 INFO [pid=45788 gui-monitor-tension-logs dune_tension.gui.actions] Updated tension logs for APA-US-013 layer V
2026-08-31 14:05:13,389 INFO [pid=45788 Thread-3603 (_audio_worker) spectrum_analysis.audio_processing] Listening for audio events (RMS trigger)...
2026-08-31 14:05:13,544 INFO [pid=45788 Thread-3603 (_audio_worker) spectrum_analysis.audio_processing] Recording started.
2026-08-31 14:05:13,717 WARNING [pid=45788 Thread-3603 (_audio_worker) spectrum_analysis.audio_processing] Max recording length reached.
2026-08-31 14:05:14,537 INFO [pid=45788 gui-measure_condition dune_tension.tensiometer] Sample of wire 412: measured frequency 70.53 Hz {'length': 1.1397, 'frequency': 70.52888488769531, 'tension': 3.981306087179988} with confidence 1.00 (amp=0.0000, harm=0.3254)
2026-08-31 14:05:14,565 WARNING [pid=45788 gui-measure_condition dune_tension.tensiometer] Tension failed for wire number 412.
2026-08-31 14:05:14,565 INFO [pid=45788 gui-measure_condition dune_tension.tensiometer] Result: wire 412 length 1139.7 mm tension 4.0 N frequency 70.5 Hz confidence 1.00 at 3847.909912109375,643.7468872070312 focus 6255. Took 1.22 seconds.
2026-08-31 14:05:14,584 INFO [pid=45788 gui-measure_condition dune_tension.tensiometer] Timing profile for list wire 412: total=4.29s stages=[wire_total_wall=4.29s, move_to_measurement_pose=3.01s, collect_samples=1.20s, analyze_audio=0.60s, acquire_audio=0.54s, strum=0.54s, wait_for_audio_trigger=0.19s, reset_plc_before_move=0.04s, reset_plc_after_collect=0.03s, reset_plc_before_persist=0.01s, plan_measurement_pose=0.01s, append_result=0.00s, summary_refresh=0.00s, merge_results=0.00s]
2026-08-31 14:05:14,584 INFO [pid=45788 gui-measure_condition dune_tension.tensiometer] Measuring wire 416 at 3863.4799527768314,655.309457274462 focus=6258
2026-08-31 14:05:17,274 WARNING [pid=45788 MainThread dune_tension.gui.live_plots] summary canvas.draw skipped: figure lock busy (>2.0s)
2026-08-31 14:05:17,408 INFO [pid=45788 Thread-3606 (_audio_worker) spectrum_analysis.audio_processing] Listening for audio events (RMS trigger)...
2026-08-31 14:05:17,557 INFO [pid=45788 Thread-3606 (_audio_worker) spectrum_analysis.audio_processing] Recording started.
2026-08-31 14:05:17,746 WARNING [pid=45788 Thread-3606 (_audio_worker) spectrum_analysis.audio_processing] Max recording length reached.
2026-08-31 14:05:18,426 INFO [pid=45788 gui-monitor-tension-logs dune_tension.gui.actions] Updated tension logs for APA-US-013 layer V
2026-08-31 14:05:18,950 INFO [pid=45788 gui-measure_condition dune_tension.tensiometer] Sample of wire 416: measured frequency 65.86 Hz {'length': 1.1790999999999998, 'frequency': 65.86437683105468, 'tension': 3.716318177422379} with confidence 1.00 (amp=0.0000, harm=0.0000)
2026-08-31 14:05:18,979 WARNING [pid=45788 gui-measure_condition dune_tension.tensiometer] Tension failed for wire number 416.
2026-08-31 14:05:18,979 INFO [pid=45788 gui-measure_condition dune_tension.tensiometer] Result: wire 416 length 1179.1 mm tension 3.7 N frequency 65.9 Hz confidence 1.00 at 3863.880859375,655.3173828125 focus 6258. Took 1.61 seconds.
2026-08-31 14:05:18,997 INFO [pid=45788 gui-measure_condition dune_tension.tensiometer] Timing profile for list wire 416: total=4.41s stages=[wire_total_wall=4.41s, move_to_measurement_pose=2.77s, collect_samples=1.59s, analyze_audio=1.01s, acquire_audio=0.52s, strum=0.52s, wait_for_audio_trigger=0.17s, reset_plc_after_collect=0.03s, reset_plc_before_persist=0.01s, reset_plc_before_move=0.01s, append_result=0.00s, summary_refresh=0.00s, plan_measurement_pose=0.00s, merge_results=0.00s]
2026-08-31 14:05:18,998 INFO [pid=45788 gui-measure_condition dune_tension.tensiometer] Measuring wire 418 at 3871.464903794452,661.0772900561905 focus=6259
2026-08-31 14:05:20,454 INFO [pid=45788 gui-monitor-tension-logs dune_tension.gui.actions] Updated tension logs for APA-US-013 layer V
2026-08-31 14:05:21,767 INFO [pid=45788 Thread-3611 (_audio_worker) spectrum_analysis.audio_processing] Listening for audio events (RMS trigger)...
2026-08-31 14:05:21,928 INFO [pid=45788 Thread-3611 (_audio_worker) spectrum_analysis.audio_processing] Recording started.
2026-08-31 14:05:22,101 WARNING [pid=45788 Thread-3611 (_audio_worker) spectrum_analysis.audio_processing] Max recording length reached.
2026-08-31 14:05:22,826 INFO [pid=45788 MainThread dune_tension.gui.app] GUI heartbeat. measurement_active=True active_measurement=measure condition focus=6344 threads=4 vmsize=6800504 kB vmhwm=2461420 kB vmrss=1967212 kB
2026-08-31 14:05:22,833 INFO [pid=45788 gui-measure_condition dune_tension.tensiometer] Sample of wire 418: measured frequency 65.06 Hz {'length': 1.1987999999999999, 'frequency': 65.06041870117187, 'tension': 3.7483282225436163} with confidence 1.00 (amp=0.0000, harm=0.0000)
2026-08-31 14:05:22,867 WARNING [pid=45788 gui-measure_condition dune_tension.tensiometer] Tension failed for wire number 418.
2026-08-31 14:05:22,868 INFO [pid=45788 gui-measure_condition dune_tension.tensiometer] Result: wire 418 length 1198.8 mm tension 3.7 N frequency 65.1 Hz confidence 1.00 at 3871.865234375,661.0706176757812 focus 6259. Took 1.21 seconds.
2026-08-31 14:05:22,881 INFO [pid=45788 gui-measure_condition dune_tension.tensiometer] Timing profile for list wire 418: total=3.88s stages=[wire_total_wall=3.88s, move_to_measurement_pose=2.52s, collect_samples=1.18s, analyze_audio=0.55s, strum=0.54s, acquire_audio=0.54s, wait_for_audio_trigger=0.20s, reset_plc_before_move=0.14s, reset_plc_after_collect=0.03s, reset_plc_before_persist=0.01s, append_result=0.00s, summary_refresh=0.00s, plan_measurement_pose=0.00s, merge_results=0.00s]
2026-08-31 14:05:22,890 INFO [pid=45788 gui-measure_condition dune_tension.tensiometer] Measuring wire 419 at 3875.457379303261,663.9612077810128 focus=6260
2026-08-31 14:05:24,312 INFO [pid=45788 gui-monitor-tension-logs dune_tension.gui.actions] Updated tension logs for APA-US-013 layer V
2026-08-31 14:05:25,438 INFO [pid=45788 Thread-3615 (_audio_worker) spectrum_analysis.audio_processing] Listening for audio events (RMS trigger)...
2026-08-31 14:05:25,597 INFO [pid=45788 Thread-3615 (_audio_worker) spectrum_analysis.audio_processing] Recording started.
2026-08-31 14:05:25,770 WARNING [pid=45788 Thread-3615 (_audio_worker) spectrum_analysis.audio_processing] Max recording length reached.
2026-08-31 14:05:26,526 INFO [pid=45788 gui-measure_condition dune_tension.tensiometer] Sample of wire 419: measured frequency 65.32 Hz {'length': 1.2087, 'frequency': 65.32242838541667, 'tension': 3.841246023106456} with confidence 1.00 (amp=0.0000, harm=0.1589)
2026-08-31 14:05:26,762 WARNING [pid=45788 gui-measure_condition dune_tension.tensiometer] Tension failed for wire number 419.
2026-08-31 14:05:26,762 INFO [pid=45788 gui-measure_condition dune_tension.tensiometer] Result: wire 419 length 1208.7 mm tension 3.8 N frequency 65.3 Hz confidence 1.00 at 3875.856201171875,663.952880859375 focus 6260. Took 1.34 seconds.
2026-08-31 14:05:26,898 INFO [pid=45788 gui-measure_condition dune_tension.tensiometer] Timing profile for list wire 419: total=4.01s stages=[wire_total_wall=4.01s, move_to_measurement_pose=2.38s, collect_samples=1.11s, analyze_audio=0.57s, acquire_audio=0.52s, strum=0.52s, reset_plc_after_collect=0.24s, wait_for_audio_trigger=0.18s, reset_plc_before_move=0.15s, reset_plc_before_persist=0.13s, plan_measurement_pose=0.01s, append_result=0.01s, summary_refresh=0.00s, merge_results=0.00s]
2026-08-31 14:05:26,907 INFO [pid=45788 gui-measure_condition dune_tension.tensiometer] Measuring wire 423 at 3891.4272813385064,675.4968875736319 focus=6262
2026-08-31 14:05:28,551 INFO [pid=45788 gui-monitor-tension-logs dune_tension.gui.actions] Updated tension logs for APA-US-013 layer V
2026-08-31 14:05:30,171 INFO [pid=45788 Thread-3619 (_audio_worker) spectrum_analysis.audio_processing] Listening for audio events (RMS trigger)...
2026-08-31 14:05:30,313 INFO [pid=45788 Thread-3619 (_audio_worker) spectrum_analysis.audio_processing] Recording started.
2026-08-31 14:05:30,485 WARNING [pid=45788 Thread-3619 (_audio_worker) spectrum_analysis.audio_processing] Max recording length reached.
2026-08-31 14:05:31,257 INFO [pid=45788 gui-measure_condition dune_tension.tensiometer] Sample of wire 423: measured frequency 64.74 Hz {'length': 1.2481, 'frequency': 64.7435230255127, 'tension': 4.023480109886586} with confidence 1.00 (amp=0.0000, harm=0.0000)
2026-08-31 14:05:31,292 INFO [pid=45788 gui-measure_condition dune_tension.tensiometer] Result: wire 423 length 1248.1 mm tension 4.0 N frequency 64.7 Hz confidence 1.00 at 3891.826904296875,675.5010986328125 focus 6262. Took 1.16 seconds.
2026-08-31 14:05:31,450 INFO [pid=45788 gui-measure_condition dune_tension.tensiometer] Timing profile for list wire 423: total=4.54s stages=[wire_total_wall=4.54s, move_to_measurement_pose=3.01s, collect_samples=1.13s, analyze_audio=0.59s, acquire_audio=0.52s, strum=0.52s, reset_plc_before_move=0.22s, wait_for_audio_trigger=0.17s, reset_plc_before_persist=0.14s, reset_plc_after_collect=0.03s, append_result=0.02s, summary_refresh=0.00s, plan_measurement_pose=0.00s, merge_results=0.00s]
2026-08-31 14:05:31,453 INFO [pid=45788 gui-measure_condition dune_tension.tensiometer] Measuring wire 424 at 3895.4197568473182,678.3808097451749 focus=6263
2026-08-31 14:05:32,626 INFO [pid=45788 gui-monitor-tension-logs dune_tension.gui.actions] Updated tension logs for APA-US-013 layer V
2026-08-31 14:05:34,294 INFO [pid=45788 Thread-3623 (_audio_worker) spectrum_analysis.audio_processing] Listening for audio events (RMS trigger)...
2026-08-31 14:05:34,451 INFO [pid=45788 Thread-3623 (_audio_worker) spectrum_analysis.audio_processing] Recording started.
2026-08-31 14:05:34,624 WARNING [pid=45788 Thread-3623 (_audio_worker) spectrum_analysis.audio_processing] Max recording length reached.
2026-08-31 14:05:35,431 INFO [pid=45788 gui-measure_condition dune_tension.tensiometer] Sample of wire 424: measured frequency 62.49 Hz {'length': 1.2579, 'frequency': 62.48891716003418, 'tension': 3.8072260988863356} with confidence 1.00 (amp=0.0000, harm=0.0000)
2026-08-31 14:05:35,464 WARNING [pid=45788 gui-measure_condition dune_tension.tensiometer] Tension failed for wire number 424.
2026-08-31 14:05:35,464 INFO [pid=45788 gui-measure_condition dune_tension.tensiometer] Result: wire 424 length 1257.9 mm tension 3.8 N frequency 62.5 Hz confidence 1.00 at 3895.8193359375,678.37841796875 focus 6263. Took 1.21 seconds.
2026-08-31 14:05:35,490 INFO [pid=45788 gui-measure_condition dune_tension.tensiometer] Timing profile for list wire 424: total=4.04s stages=[wire_total_wall=4.04s, move_to_measurement_pose=2.78s, collect_samples=1.18s, analyze_audio=0.59s, acquire_audio=0.53s, strum=0.53s, wait_for_audio_trigger=0.19s, reset_plc_after_collect=0.03s, reset_plc_before_move=0.02s, append_result=0.01s, reset_plc_before_persist=0.01s, summary_refresh=0.00s, plan_measurement_pose=0.00s, merge_results=0.00s]
2026-08-31 14:05:35,492 INFO [pid=45788 gui-measure_condition dune_tension.tensiometer] Measuring wire 426 at 3903.4047079289808,684.1487559588401 focus=6264
2026-08-31 14:05:36,795 INFO [pid=45788 gui-monitor-tension-logs dune_tension.gui.actions] Updated tension logs for APA-US-013 layer V
2026-08-31 14:05:37,827 INFO [pid=45788 MainThread dune_tension.gui.app] GUI heartbeat. measurement_active=True active_measurement=measure condition focus=6344 threads=4 vmsize=6702064 kB vmhwm=2516328 kB vmrss=1880244 kB
2026-08-31 14:05:37,869 INFO [pid=45788 Thread-3627 (_audio_worker) spectrum_analysis.audio_processing] Listening for audio events (RMS trigger)...
2026-08-31 14:05:38,014 INFO [pid=45788 Thread-3627 (_audio_worker) spectrum_analysis.audio_processing] Recording started.
2026-08-31 14:05:38,186 WARNING [pid=45788 Thread-3627 (_audio_worker) spectrum_analysis.audio_processing] Max recording length reached.
2026-08-31 14:05:38,945 INFO [pid=45788 gui-measure_condition dune_tension.tensiometer] Sample of wire 426: measured frequency 63.01 Hz {'length': 1.2777, 'frequency': 63.01312552558051, 'tension': 3.994204250508944} with confidence 1.00 (amp=0.0000, harm=0.0000)
2026-08-31 14:05:38,976 WARNING [pid=45788 gui-measure_condition dune_tension.tensiometer] Tension failed for wire number 426.
2026-08-31 14:05:38,977 INFO [pid=45788 gui-measure_condition dune_tension.tensiometer] Result: wire 426 length 1277.7 mm tension 4.0 N frequency 63.0 Hz confidence 1.00 at 3903.804443359375,684.1546020507812 focus 6264. Took 1.13 seconds.
2026-08-31 14:05:39,083 WARNING [pid=45788 gui-measure_condition dune_tension.tensiometer] Wire 426 tension 3.99 N flagged as an outlier versus nearby wires; remeasuring and keeping only the second measurement.
2026-08-31 14:05:40,454 INFO [pid=45788 Thread-3630 (_audio_worker) spectrum_analysis.audio_processing] Listening for audio events (RMS trigger)...
2026-08-31 14:05:40,616 INFO [pid=45788 Thread-3630 (_audio_worker) spectrum_analysis.audio_processing] Recording started.
2026-08-31 14:05:40,645 INFO [pid=45788 gui-monitor-tension-logs dune_tension.gui.actions] Updated tension logs for APA-US-013 layer V
2026-08-31 14:05:40,789 WARNING [pid=45788 Thread-3630 (_audio_worker) spectrum_analysis.audio_processing] Max recording length reached.
2026-08-31 14:05:41,099 INFO [pid=45788 gui-measure_condition dune_tension.tensiometer] Sample of wire 426: measured frequency 62.20 Hz {'length': 1.2777, 'frequency': 62.204624599880646, 'tension': 3.8923651290995385} with confidence 1.00 (amp=0.0000, harm=0.0000)
2026-08-31 14:05:41,275 WARNING [pid=45788 gui-measure_condition dune_tension.tensiometer] Tension failed for wire number 426.
2026-08-31 14:05:41,275 INFO [pid=45788 gui-measure_condition dune_tension.tensiometer] Result: wire 426 length 1277.7 mm tension 3.9 N frequency 62.2 Hz confidence 1.00 at 3903.406005859375,684.1492919921875 focus 6264. Took 0.84 seconds.
2026-08-31 14:05:41,319 INFO [pid=45788 gui-measure_condition dune_tension.tensiometer] Timing profile for list wire 426: total=5.83s stages=[wire_total_wall=5.83s, move_to_measurement_pose=3.65s, collect_samples=1.77s, acquire_audio=1.04s, strum=1.04s, analyze_audio=0.69s, wait_for_audio_trigger=0.34s, reset_plc_after_collect=0.21s, summary_refresh=0.08s, reset_plc_before_move=0.05s, append_result=0.04s, reset_plc_before_persist=0.03s, plan_measurement_pose=0.00s, merge_results=0.00s]
2026-08-31 14:05:41,321 INFO [pid=45788 gui-measure_condition dune_tension.tensiometer] Measuring wire 427 at 3907.3971834318054,687.032672235286 focus=6265
2026-08-31 14:05:42,947 INFO [pid=45788 gui-monitor-tension-logs dune_tension.gui.actions] Updated tension logs for APA-US-013 layer V
2026-08-31 14:05:43,013 INFO [pid=45788 Thread-3634 (_audio_worker) spectrum_analysis.audio_processing] Listening for audio events (RMS trigger)...
2026-08-31 14:05:43,215 INFO [pid=45788 Thread-3634 (_audio_worker) spectrum_analysis.audio_processing] Recording started.
2026-08-31 14:05:43,434 WARNING [pid=45788 Thread-3634 (_audio_worker) spectrum_analysis.audio_processing] Max recording length reached.
2026-08-31 14:05:44,292 INFO [pid=45788 gui-measure_condition dune_tension.tensiometer] Sample of wire 427: measured frequency 57.80 Hz {'length': 1.2875, 'frequency': 57.80451726913452, 'tension': 3.412938554211161} with confidence 1.00 (amp=0.0000, harm=0.0000)
2026-08-31 14:05:44,331 WARNING [pid=45788 gui-measure_condition dune_tension.tensiometer] Tension failed for wire number 427.
2026-08-31 14:05:44,331 INFO [pid=45788 gui-measure_condition dune_tension.tensiometer] Result: wire 427 length 1287.5 mm tension 3.4 N frequency 57.8 Hz confidence 1.00 at 3907.79736328125,687.0272216796875 focus 6265. Took 1.35 seconds.
2026-08-31 14:05:44,479 WARNING [pid=45788 gui-measure_condition dune_tension.tensiometer] Wire 427 tension 3.41 N flagged as an outlier versus nearby wires; remeasuring and keeping only the second measurement.
2026-08-31 14:05:44,670 INFO [pid=45788 Thread-3637 (_audio_worker) spectrum_analysis.audio_processing] Listening for audio events (RMS trigger)...
2026-08-31 14:05:44,821 INFO [pid=45788 Thread-3637 (_audio_worker) spectrum_analysis.audio_processing] Recording started.
2026-08-31 14:05:44,998 WARNING [pid=45788 Thread-3637 (_audio_worker) spectrum_analysis.audio_processing] Max recording length reached.
2026-08-31 14:05:45,344 INFO [pid=45788 gui-measure_condition dune_tension.tensiometer] Sample of wire 427: measured frequency 58.78 Hz {'length': 1.2875, 'frequency': 58.7813024520874, 'tension': 3.5292572986456565} with confidence 1.00 (amp=0.0000, harm=0.0000)
2026-08-31 14:05:45,384 WARNING [pid=45788 gui-measure_condition dune_tension.tensiometer] Tension failed for wire number 427.
2026-08-31 14:05:45,399 INFO [pid=45788 gui-measure_condition dune_tension.tensiometer] Result: wire 427 length 1287.5 mm tension 3.5 N frequency 58.8 Hz confidence 1.00 at 3907.797119140625,687.0349731445312 focus 6265. Took 0.76 seconds.
2026-08-31 14:05:45,421 INFO [pid=45788 gui-measure_condition dune_tension.tensiometer] Timing profile for list wire 427: total=4.10s stages=[wire_total_wall=4.10s, collect_samples=2.01s, move_to_measurement_pose=1.73s, strum=1.07s, acquire_audio=1.07s, analyze_audio=0.89s, wait_for_audio_trigger=0.61s, reset_plc_before_persist=0.12s, reset_plc_before_move=0.10s, reset_plc_after_collect=0.07s, summary_refresh=0.02s, append_result=0.02s, plan_measurement_pose=0.00s, merge_results=0.00s]
2026-08-31 14:05:45,422 INFO [pid=45788 gui-measure_condition dune_tension.tensiometer] Measuring wire 431 at 3923.3670854431057,698.5683447623237 focus=6267
2026-08-31 14:05:45,899 INFO [pid=45788 gui-monitor-tension-logs dune_tension.gui.actions] Updated tension logs for APA-US-013 layer V
2026-08-31 14:05:47,439 INFO [pid=45788 gui-monitor-tension-logs dune_tension.gui.actions] Updated tension logs for APA-US-013 layer V
2026-08-31 14:05:51,755 INFO [pid=45788 Thread-3642 (_audio_worker) spectrum_analysis.audio_processing] Listening for audio events (RMS trigger)...
2026-08-31 14:05:51,902 INFO [pid=45788 Thread-3642 (_audio_worker) spectrum_analysis.audio_processing] Recording started.
2026-08-31 14:05:52,074 WARNING [pid=45788 Thread-3642 (_audio_worker) spectrum_analysis.audio_processing] Max recording length reached.
2026-08-31 14:05:52,828 INFO [pid=45788 MainThread dune_tension.gui.app] GUI heartbeat. measurement_active=True active_measurement=measure condition focus=6344 threads=4 vmsize=7072576 kB vmhwm=2516328 kB vmrss=2202744 kB
2026-08-31 14:05:52,952 INFO [pid=45788 gui-measure_condition dune_tension.tensiometer] Sample of wire 431: measured frequency 59.62 Hz {'length': 1.3269000000000002, 'frequency': 59.6195191277398, 'tension': 3.856237400499948} with confidence 1.00 (amp=0.0000, harm=0.0000)
2026-08-31 14:05:53,027 WARNING [pid=45788 gui-measure_condition dune_tension.tensiometer] Tension failed for wire number 431.
2026-08-31 14:05:53,028 INFO [pid=45788 gui-measure_condition dune_tension.tensiometer] Result: wire 431 length 1326.9 mm tension 3.9 N frequency 59.6 Hz confidence 1.00 at 3923.7666015625,698.5676879882812 focus 6267. Took 1.30 seconds.
2026-08-31 14:05:53,173 INFO [pid=45788 gui-measure_condition dune_tension.tensiometer] Timing profile for list wire 431: total=7.75s stages=[wire_total_wall=7.75s, move_to_measurement_pose=6.27s, collect_samples=1.23s, analyze_audio=0.58s, acquire_audio=0.51s, strum=0.51s, wait_for_audio_trigger=0.17s, append_result=0.08s, reset_plc_after_collect=0.07s, reset_plc_before_persist=0.07s, reset_plc_before_move=0.03s, summary_refresh=0.00s, plan_measurement_pose=0.00s, merge_results=0.00s]
2026-08-31 14:05:53,174 INFO [pid=45788 gui-measure_condition dune_tension.tensiometer] Measuring wire 1032 at 6529.120801722853,2280.334874257297 focus=6609
2026-08-31 14:05:54,273 INFO [pid=45788 gui-monitor-tension-logs dune_tension.gui.actions] Updated tension logs for APA-US-013 layer V
2026-08-31 14:06:07,829 INFO [pid=45788 MainThread dune_tension.gui.app] GUI heartbeat. measurement_active=True active_measurement=measure condition focus=6344 threads=4 vmsize=6702064 kB vmhwm=2516328 kB vmrss=1880868 kB
2026-08-31 14:06:18,769 INFO [pid=45788 gui-measure_condition dune_tension.tensiometer_functions] Measurement interrupted.
2026-08-31 14:06:18,769 INFO [pid=45788 gui-measure_condition dune_tension.tensiometer] Timing profile for list wire 1032: total=25.59s stages=[move_to_measurement_pose=25.58s, reset_plc_before_move=0.01s, plan_measurement_pose=0.00s]
2026-08-31 14:06:18,769 INFO [pid=45788 gui-measure_condition dune_tension.tensiometer_functions] Measurement interrupted.
2026-08-31 14:06:18,805 INFO [pid=45788 gui-measure_condition dune_tension.tensiometer] Timing profile summary for list measurement: requested=96 measured=35 skipped=[] planning=0.01s avg_wire=6.88s total=240.67s stage_totals=[wire_total_wall=215.06s, move_to_measurement_pose=153.07s, collect_samples=81.41s, optimizer_move=33.66s, acquire_audio=30.42s, strum=30.42s, analyze_audio=15.51s, wait_for_audio_trigger=10.58s, reset_plc_after_collect=1.88s, reset_plc_before_move=1.84s, reset_plc_before_persist=1.47s, append_result=0.64s, summary_refresh=0.28s, plan_measurement_pose=0.04s, merge_results=0.00s]
2026-08-31 14:06:18,818 INFO [pid=45788 gui-measure_condition dune_tension.gui.actions] Worker thread finished: measure condition
2026-08-31 14:06:20,105 INFO [pid=45788 gui-monitor-tension-logs dune_tension.gui.actions] Updated tension logs for APA-US-013 layer V
2026-08-31 14:06:22,830 INFO [pid=45788 MainThread dune_tension.gui.app] GUI heartbeat. measurement_active=False active_measurement=idle focus=6344 threads=3 vmsize=6718484 kB vmhwm=2516328 kB vmrss=1929952 kB
2026-08-31 14:06:37,831 INFO [pid=45788 MainThread dune_tension.gui.app] GUI heartbeat. measurement_active=False active_measurement=idle focus=6344 threads=3 vmsize=6718484 kB vmhwm=2516328 kB vmrss=1929952 kB
2026-08-31 14:06:52,832 INFO [pid=45788 MainThread dune_tension.gui.app] GUI heartbeat. measurement_active=False active_measurement=idle focus=6344 threads=3 vmsize=6718484 kB vmhwm=2516328 kB vmrss=1929952 kB
2026-08-31 14:07:07,833 INFO [pid=45788 MainThread dune_tension.gui.app] GUI heartbeat. measurement_active=False active_measurement=idle focus=6344 threads=3 vmsize=6718484 kB vmhwm=2516328 kB vmrss=1929952 kB
2026-08-31 14:07:22,834 INFO [pid=45788 MainThread dune_tension.gui.app] GUI heartbeat. measurement_active=False active_measurement=idle focus=6344 threads=3 vmsize=6718484 kB vmhwm=2516328 kB vmrss=1929952 kB
2026-08-31 14:07:37,835 INFO [pid=45788 MainThread dune_tension.gui.app] GUI heartbeat. measurement_active=False active_measurement=idle focus=6344 threads=3 vmsize=6718484 kB vmhwm=2516328 kB vmrss=1929952 kB
2026-08-31 14:07:52,836 INFO [pid=45788 MainThread dune_tension.gui.app] GUI heartbeat. measurement_active=False active_measurement=idle focus=6344 threads=3 vmsize=6718484 kB vmhwm=2516328 kB vmrss=1929952 kB
2026-08-31 14:08:07,837 INFO [pid=45788 MainThread dune_tension.gui.app] GUI heartbeat. measurement_active=False active_measurement=idle focus=6344 threads=3 vmsize=6718484 kB vmhwm=2516328 kB vmrss=1929952 kB
2026-08-31 14:08:22,838 INFO [pid=45788 MainThread dune_tension.gui.app] GUI heartbeat. measurement_active=False active_measurement=idle focus=6344 threads=3 vmsize=6718484 kB vmhwm=2516328 kB vmrss=1929952 kB
2026-08-31 14:08:37,839 INFO [pid=45788 MainThread dune_tension.gui.app] GUI heartbeat. measurement_active=False active_measurement=idle focus=6344 threads=3 vmsize=6718484 kB vmhwm=2516328 kB vmrss=1929952 kB
2026-08-31 14:08:52,840 INFO [pid=45788 MainThread dune_tension.gui.app] GUI heartbeat. measurement_active=False active_measurement=idle focus=6344 threads=3 vmsize=6718484 kB vmhwm=2516328 kB vmrss=1929952 kB
2026-08-31 14:09:07,841 INFO [pid=45788 MainThread dune_tension.gui.app] GUI heartbeat. measurement_active=False active_measurement=idle focus=6344 threads=3 vmsize=6718484 kB vmhwm=2516328 kB vmrss=1929952 kB
2026-08-31 14:09:22,842 INFO [pid=45788 MainThread dune_tension.gui.app] GUI heartbeat. measurement_active=False active_measurement=idle focus=6344 threads=3 vmsize=6718484 kB vmhwm=2516328 kB vmrss=1929952 kB
2026-08-31 14:09:37,843 INFO [pid=45788 MainThread dune_tension.gui.app] GUI heartbeat. measurement_active=False active_measurement=idle focus=6344 threads=3 vmsize=6718484 kB vmhwm=2516328 kB vmrss=1929952 kB
